{"type":"FeatureCollection","atribucion":"Límites: BCN ArcGIS (geometría generalizada) — asset visual de chile-hub","features":[{"type":"Feature","properties":{"codigo_region":"01","codigo_comuna":"01101","nombre_comuna":"Iquique","nombre_comuna_clean":"iquique","nombre_region":"Región de Tarapacá"},"geometry":{"type":"Polygon","coordinates":[[[-70.132,-20.07],[-70.132,-20.068],[-70.134,-20.07],[-70.132,-20.064],[-70.098,-20.086],[-70.12,-20.156],[-70.108,-20.172],[-70.12,-20.242],[-70.108,-20.262],[-70.124,-20.316],[-70.028,-20.58],[-70.052,-20.694],[-69.994,-20.838],[-69.82,-21.118],[-69.89,-21.11],[-69.882,-21.304],[-69.93,-21.372],[-69.93,-21.424],[-70.008,-21.438],[-70.058,-21.43],[-70.098,-21.346],[-70.066,-21.302],[-70.082,-21.232],[-70.134,-21.13],[-70.124,-21.088],[-70.178,-21.024],[-70.128,-20.936],[-70.144,-20.872],[-70.208,-20.812],[-70.186,-20.798],[-70.2,-20.752],[-70.184,-20.738],[-70.198,-20.716],[-70.182,-20.656],[-70.198,-20.624],[-70.2,-20.534],[-70.166,-20.5],[-70.158,-20.462],[-70.158,-20.408],[-70.182,-20.364],[-70.146,-20.332],[-70.13,-20.296],[-70.164,-20.208],[-70.138,-20.194],[-70.152,-20.158],[-70.122,-20.09],[-70.126,-20.074],[-70.132,-20.072],[-70.132,-20.07]]]}},{"type":"Feature","properties":{"codigo_region":"01","codigo_comuna":"01107","nombre_comuna":"Alto Hospicio","nombre_comuna_clean":"alto hospicio","nombre_region":"Región de Tarapacá"},"geometry":{"type":"Polygon","coordinates":[[[-70.098,-20.086],[-69.894,-20.048],[-69.914,-20.23],[-69.968,-20.322],[-70.028,-20.306],[-70.11,-20.352],[-70.124,-20.316],[-70.108,-20.262],[-70.118,-20.158],[-70.098,-20.086]]]}},{"type":"Feature","properties":{"codigo_region":"01","codigo_comuna":"01401","nombre_comuna":"Pozo Almonte","nombre_comuna_clean":"pozo almonte","nombre_region":"Región de Tarapacá"},"geometry":{"type":"Polygon","coordinates":[[[-69.734,-21.448],[-69.766,-21.42],[-69.782,-21.442],[-69.93,-21.424],[-69.93,-21.372],[-69.882,-21.304],[-69.89,-21.11],[-69.82,-21.118],[-69.994,-20.838],[-70.052,-20.694],[-70.028,-20.58],[-70.11,-20.352],[-70.028,-20.306],[-69.968,-20.322],[-69.914,-20.23],[-69.894,-20.048],[-69.816,-20.102],[-69.274,-19.976],[-69.154,-19.99],[-69.002,-19.914],[-68.978,-19.936],[-68.968,-20.022],[-68.982,-20.08],[-69.01,-20.114],[-68.99,-20.176],[-68.964,-20.18],[-68.96,-20.204],[-69.01,-20.25],[-69.02,-20.288],[-69.108,-20.29],[-69.218,-20.244],[-69.474,-20.252],[-69.478,-20.73],[-69.396,-20.732],[-69.308,-20.704],[-69.224,-20.736],[-69.162,-20.718],[-69.104,-20.72],[-69.064,-20.686],[-69.002,-20.676],[-68.966,-20.69],[-68.954,-20.754],[-68.968,-21.096],[-68.9,-21.174],[-68.86,-21.284],[-69.314,-21.398],[-69.554,-21.628],[-69.666,-21.462],[-69.734,-21.448]]]}},{"type":"Feature","properties":{"codigo_region":"01","codigo_comuna":"01402","nombre_comuna":"Camiña","nombre_comuna_clean":"camina","nombre_region":"Región de Tarapacá"},"geometry":{"type":"Polygon","coordinates":[[[-69.75,-19.276],[-69.732,-19.262],[-69.644,-19.26],[-69.586,-19.204],[-69.558,-19.216],[-69.486,-19.198],[-69.396,-19.062],[-69.33,-19.092],[-69.272,-19.238],[-69.142,-19.296],[-69.236,-19.392],[-69.274,-19.386],[-69.308,-19.402],[-69.322,-19.426],[-69.312,-19.442],[-69.382,-19.516],[-69.58,-19.582],[-69.612,-19.614],[-69.688,-19.642],[-69.752,-19.696],[-69.75,-19.276]]]}},{"type":"Feature","properties":{"codigo_region":"01","codigo_comuna":"01403","nombre_comuna":"Colchane","nombre_comuna_clean":"colchane","nombre_region":"Región de Tarapacá"},"geometry":{"type":"Polygon","coordinates":[[[-69.046,-19.378],[-69.024,-19.332],[-69.078,-19.274],[-69.118,-19.268],[-69.142,-19.296],[-69.272,-19.238],[-69.318,-19.136],[-69.232,-19.094],[-69.204,-19.11],[-69.192,-19.096],[-69.154,-19.102],[-69.104,-19.07],[-69.106,-19.056],[-69.074,-19.048],[-69.072,-19.028],[-69.048,-19.034],[-69.014,-19.004],[-69.02,-18.954],[-68.996,-18.958],[-68.95,-18.936],[-68.87,-19.06],[-68.806,-19.084],[-68.63,-19.248],[-68.62,-19.276],[-68.542,-19.296],[-68.404,-19.416],[-68.44,-19.44],[-68.572,-19.606],[-68.624,-19.702],[-68.682,-19.718],[-68.694,-19.75],[-68.802,-19.75],[-68.854,-19.638],[-68.88,-19.636],[-68.908,-19.6],[-68.996,-19.566],[-69.102,-19.496],[-69.046,-19.378]]]}},{"type":"Feature","properties":{"codigo_region":"01","codigo_comuna":"01404","nombre_comuna":"Huara","nombre_comuna_clean":"huara","nombre_region":"Región de Tarapacá"},"geometry":{"type":"Polygon","coordinates":[[[-69.04,-19.838],[-69.04,-19.866],[-69.012,-19.918],[-69.152,-19.988],[-69.274,-19.976],[-69.816,-20.102],[-69.894,-20.048],[-70.098,-20.086],[-70.136,-20.062],[-70.124,-19.988],[-70.148,-19.902],[-70.132,-19.882],[-70.166,-19.828],[-70.146,-19.786],[-70.16,-19.766],[-70.152,-19.722],[-70.174,-19.698],[-70.17,-19.658],[-70.24,-19.602],[-70.206,-19.59],[-70.202,-19.498],[-70.228,-19.44],[-70.226,-19.408],[-70.262,-19.352],[-70.256,-19.332],[-70.284,-19.308],[-70.286,-19.23],[-70.13,-19.154],[-70.1,-19.12],[-69.888,-19.034],[-69.826,-19.048],[-69.644,-19.022],[-69.474,-19.036],[-69.42,-19.026],[-69.396,-19.062],[-69.48,-19.194],[-69.558,-19.216],[-69.586,-19.204],[-69.644,-19.26],[-69.732,-19.262],[-69.75,-19.276],[-69.752,-19.696],[-69.688,-19.642],[-69.612,-19.614],[-69.58,-19.582],[-69.382,-19.516],[-69.314,-19.442],[-69.322,-19.424],[-69.308,-19.402],[-69.274,-19.386],[-69.236,-19.392],[-69.118,-19.268],[-69.078,-19.274],[-69.024,-19.332],[-69.102,-19.496],[-68.996,-19.566],[-68.908,-19.6],[-68.928,-19.744],[-69.04,-19.838]]]}},{"type":"Feature","properties":{"codigo_region":"01","codigo_comuna":"01405","nombre_comuna":"Pica","nombre_comuna_clean":"pica","nombre_region":"Región de Tarapacá"},"geometry":{"type":"Polygon","coordinates":[[[-69.108,-20.29],[-69.024,-20.288],[-69.01,-20.25],[-68.962,-20.206],[-68.964,-20.182],[-68.99,-20.176],[-69.01,-20.114],[-68.968,-20.024],[-68.978,-19.936],[-69.01,-19.916],[-69.04,-19.866],[-69.04,-19.838],[-68.928,-19.744],[-68.93,-19.674],[-68.908,-19.6],[-68.88,-19.636],[-68.84,-19.65],[-68.806,-19.748],[-68.666,-19.752],[-68.6,-19.828],[-68.528,-19.846],[-68.542,-19.89],[-68.522,-19.924],[-68.566,-20.05],[-68.64,-20.048],[-68.762,-20.078],[-68.774,-20.13],[-68.704,-20.134],[-68.692,-20.178],[-68.71,-20.186],[-68.698,-20.212],[-68.712,-20.248],[-68.7,-20.254],[-68.698,-20.29],[-68.66,-20.32],[-68.674,-20.356],[-68.742,-20.37],[-68.738,-20.456],[-68.666,-20.516],[-68.594,-20.548],[-68.574,-20.574],[-68.534,-20.57],[-68.516,-20.604],[-68.484,-20.606],[-68.438,-20.64],[-68.502,-20.67],[-68.554,-20.736],[-68.54,-20.808],[-68.556,-20.834],[-68.554,-20.876],[-68.514,-20.936],[-68.48,-20.946],[-68.536,-21.064],[-68.86,-21.284],[-68.9,-21.174],[-68.968,-21.096],[-68.954,-20.754],[-68.966,-20.69],[-69.002,-20.676],[-69.064,-20.686],[-69.104,-20.72],[-69.162,-20.718],[-69.224,-20.736],[-69.308,-20.704],[-69.396,-20.732],[-69.478,-20.73],[-69.474,-20.252],[-69.19,-20.252],[-69.108,-20.29]]]}},{"type":"Feature","properties":{"codigo_region":"02","codigo_comuna":"02101","nombre_comuna":"Antofagasta","nombre_comuna_clean":"antofagasta","nombre_region":"Región de Antofagasta"},"geometry":{"type":"MultiPolygon","coordinates":[[[[-70.606,-23.36],[-70.548,-23.36],[-70.398,-23.298],[-70.192,-23.348],[-70.128,-23.236],[-70.132,-23.204],[-70.078,-23.174],[-70.032,-23.066],[-70.014,-23.058],[-69.97,-23.33],[-70.048,-23.624],[-69.6,-23.626],[-69.438,-23.604],[-69.346,-23.66],[-69.146,-23.666],[-69.08,-23.69],[-68.874,-23.876],[-68.462,-23.984],[-68.346,-23.998],[-68.118,-24.238],[-68.066,-24.326],[-68.26,-24.404],[-68.31,-24.49],[-68.388,-24.486],[-68.434,-24.606],[-68.45,-24.602],[-68.468,-24.622],[-68.496,-24.6],[-68.492,-24.664],[-68.562,-24.764],[-68.568,-24.796],[-68.54,-24.816],[-68.52,-24.874],[-68.432,-24.906],[-68.426,-24.962],[-68.408,-24.972],[-68.412,-25.016],[-68.376,-25.034],[-68.366,-25.082],[-68.344,-25.11],[-68.408,-25.144],[-68.436,-25.122],[-68.464,-25.13],[-68.472,-25.152],[-68.508,-25.168],[-68.508,-25.232],[-68.528,-25.232],[-68.55,-25.26],[-68.53,-25.292],[-68.558,-25.302],[-68.578,-25.286],[-68.636,-25.314],[-68.658,-25.304],[-68.672,-25.362],[-68.724,-25.39],[-68.748,-25.38],[-68.782,-25.402],[-68.826,-25.37],[-68.962,-25.39],[-69.006,-25.376],[-69.046,-25.342],[-69.094,-25.342],[-69.122,-25.304],[-69.178,-25.284],[-69.192,-25.242],[-69.214,-25.234],[-69.246,-25.176],[-69.17,-25.012],[-69.16,-24.956],[-69.126,-24.936],[-69.114,-24.876],[-69.174,-24.684],[-70.404,-24.628],[-70.58,-24.552],[-70.542,-24.426],[-70.558,-24.372],[-70.54,-24.36],[-70.55,-24.334],[-70.528,-24.28],[-70.536,-24.248],[-70.522,-24.242],[-70.51,-24.2],[-70.52,-24.184],[-70.502,-24.178],[-70.522,-24.124],[-70.504,-24.118],[-70.498,-24.08],[-70.52,-24.02],[-70.508,-23.986],[-70.516,-23.926],[-70.496,-23.906],[-70.526,-23.862],[-70.504,-23.85],[-70.506,-23.798],[-70.448,-23.75],[-70.404,-23.664],[-70.392,-23.58],[-70.42,-23.508],[-70.486,-23.466],[-70.514,-23.468],[-70.546,-23.538],[-70.6,-23.506],[-70.628,-23.518],[-70.624,-23.476],[-70.616,-23.462],[-70.606,-23.474],[-70.59,-23.432],[-70.606,-23.36]]],[[[-70.602,-23.438],[-70.61,-23.448],[-70.616,-23.436],[-70.602,-23.438]]]]}},{"type":"Feature","properties":{"codigo_region":"02","codigo_comuna":"02102","nombre_comuna":"Mejillones","nombre_comuna_clean":"mejillones","nombre_region":"Región de Antofagasta"},"geometry":{"type":"Polygon","coordinates":[[[-70.398,-23.298],[-70.548,-23.36],[-70.606,-23.36],[-70.582,-23.326],[-70.604,-23.296],[-70.598,-23.222],[-70.56,-23.19],[-70.58,-23.084],[-70.516,-23.024],[-70.484,-23.098],[-70.422,-23.09],[-70.366,-23.05],[-70.288,-22.91],[-70.316,-22.804],[-70.312,-22.764],[-70.28,-22.718],[-70.286,-22.646],[-69.964,-22.426],[-69.962,-22.454],[-69.918,-22.474],[-69.926,-22.566],[-69.908,-22.576],[-69.894,-22.636],[-69.922,-22.688],[-69.934,-22.772],[-69.954,-22.808],[-69.946,-22.834],[-69.97,-22.872],[-69.968,-22.912],[-70.01,-23.056],[-70.032,-23.066],[-70.078,-23.174],[-70.132,-23.204],[-70.128,-23.236],[-70.192,-23.348],[-70.398,-23.298]]]}},{"type":"Feature","properties":{"codigo_region":"02","codigo_comuna":"02103","nombre_comuna":"Sierra Gorda","nombre_comuna_clean":"sierra gorda","nombre_region":"Región de Antofagasta"},"geometry":{"type":"Polygon","coordinates":[[[-69.188,-22.616],[-69.15,-22.664],[-68.986,-22.746],[-68.864,-22.928],[-68.812,-22.972],[-68.802,-23.0],[-68.832,-23.038],[-68.826,-23.06],[-68.844,-23.104],[-68.77,-23.142],[-68.738,-23.114],[-68.678,-23.1],[-68.62,-23.172],[-68.646,-23.236],[-68.68,-23.27],[-68.718,-23.388],[-68.694,-23.532],[-68.708,-23.568],[-68.686,-23.598],[-68.666,-23.698],[-68.69,-23.794],[-68.684,-23.862],[-68.698,-23.924],[-68.874,-23.876],[-69.08,-23.69],[-69.146,-23.666],[-69.346,-23.66],[-69.438,-23.604],[-69.6,-23.626],[-70.048,-23.624],[-69.97,-23.33],[-70.014,-23.058],[-69.968,-22.912],[-69.97,-22.872],[-69.534,-22.88],[-69.19,-22.576],[-69.188,-22.616]]]}},{"type":"Feature","properties":{"codigo_region":"02","codigo_comuna":"02104","nombre_comuna":"Taltal","nombre_comuna_clean":"taltal","nombre_region":"Región de Antofagasta"},"geometry":{"type":"Polygon","coordinates":[[[-70.518,-25.396],[-70.492,-25.41],[-70.45,-25.378],[-70.456,-25.296],[-70.434,-25.256],[-70.436,-25.2],[-70.464,-25.136],[-70.508,-25.096],[-70.466,-24.994],[-70.528,-24.916],[-70.522,-24.866],[-70.544,-24.842],[-70.546,-24.78],[-70.58,-24.722],[-70.566,-24.704],[-70.574,-24.654],[-70.56,-24.644],[-70.55,-24.596],[-70.57,-24.556],[-70.404,-24.628],[-69.174,-24.684],[-69.114,-24.876],[-69.126,-24.936],[-69.16,-24.956],[-69.17,-25.012],[-69.246,-25.176],[-69.214,-25.234],[-69.192,-25.242],[-69.178,-25.284],[-69.122,-25.304],[-69.094,-25.342],[-69.032,-25.348],[-68.988,-25.38],[-68.986,-25.4],[-69.014,-25.45],[-68.994,-25.508],[-69.026,-25.512],[-69.064,-25.576],[-69.084,-25.584],[-69.07,-25.586],[-69.05,-25.634],[-69.094,-25.72],[-69.058,-25.728],[-69.08,-25.744],[-69.098,-25.802],[-69.172,-25.816],[-69.266,-25.866],[-69.274,-25.856],[-69.38,-25.88],[-69.44,-25.86],[-69.452,-25.894],[-69.502,-25.914],[-69.512,-25.952],[-69.672,-25.944],[-69.756,-25.918],[-69.82,-25.924],[-69.854,-25.946],[-69.908,-25.894],[-70.022,-25.92],[-70.076,-25.966],[-70.078,-25.952],[-70.2,-25.942],[-70.24,-25.916],[-70.264,-25.93],[-70.274,-25.908],[-70.302,-25.896],[-70.324,-25.932],[-70.394,-25.928],[-70.42,-25.954],[-70.484,-25.968],[-70.526,-26.01],[-70.606,-26.004],[-70.614,-26.058],[-70.658,-26.062],[-70.636,-26.052],[-70.628,-25.994],[-70.648,-25.95],[-70.694,-25.904],[-70.712,-25.838],[-70.738,-25.824],[-70.724,-25.804],[-70.73,-25.78],[-70.706,-25.774],[-70.686,-25.744],[-70.696,-25.712],[-70.684,-25.662],[-70.636,-25.644],[-70.646,-25.53],[-70.63,-25.508],[-70.576,-25.506],[-70.53,-25.48],[-70.518,-25.396]]]}},{"type":"Feature","properties":{"codigo_region":"02","codigo_comuna":"02201","nombre_comuna":"Calama","nombre_comuna_clean":"calama","nombre_region":"Región de Antofagasta"},"geometry":{"type":"Polygon","coordinates":[[[-67.964,-22.08],[-67.94,-22.108],[-67.958,-22.166],[-67.932,-22.202],[-67.916,-22.272],[-67.938,-22.274],[-67.934,-22.376],[-68.014,-22.432],[-68.028,-22.418],[-68.076,-22.432],[-68.124,-22.402],[-68.152,-22.402],[-68.154,-22.438],[-68.198,-22.456],[-68.244,-22.508],[-68.264,-22.6],[-68.36,-22.664],[-68.406,-22.748],[-68.432,-22.75],[-68.45,-22.77],[-68.466,-22.856],[-68.484,-22.85],[-68.506,-22.872],[-68.534,-22.976],[-68.526,-23.022],[-68.54,-23.084],[-68.638,-23.084],[-68.654,-23.104],[-68.738,-23.114],[-68.77,-23.142],[-68.826,-23.12],[-68.846,-23.1],[-68.826,-23.062],[-68.832,-23.038],[-68.802,-23.0],[-68.814,-22.968],[-68.864,-22.928],[-68.986,-22.746],[-69.15,-22.664],[-69.194,-22.596],[-69.148,-22.456],[-69.176,-22.228],[-68.932,-21.828],[-68.992,-21.636],[-68.936,-21.434],[-68.86,-21.284],[-68.532,-21.066],[-68.468,-21.22],[-68.514,-21.278],[-68.502,-21.392],[-68.522,-21.546],[-68.396,-21.654],[-68.312,-21.692],[-68.34,-21.89],[-68.192,-21.906],[-67.964,-22.054],[-67.964,-22.08]]]}},{"type":"Feature","properties":{"codigo_region":"02","codigo_comuna":"02202","nombre_comuna":"Ollagüe","nombre_comuna_clean":"ollague","nombre_region":"Región de Antofagasta"},"geometry":{"type":"Polygon","coordinates":[[[-68.428,-20.946],[-68.412,-20.934],[-68.294,-21.098],[-68.18,-21.302],[-68.18,-21.604],[-68.06,-21.77],[-68.072,-21.982],[-68.192,-21.906],[-68.34,-21.89],[-68.312,-21.692],[-68.396,-21.654],[-68.522,-21.546],[-68.502,-21.392],[-68.514,-21.278],[-68.468,-21.22],[-68.536,-21.064],[-68.48,-20.942],[-68.428,-20.946]]]}},{"type":"Feature","properties":{"codigo_region":"02","codigo_comuna":"02203","nombre_comuna":"San Pedro de Atacama","nombre_comuna_clean":"san pedro de atacama","nombre_region":"Región de Antofagasta"},"geometry":{"type":"Polygon","coordinates":[[[-68.118,-24.238],[-68.346,-23.998],[-68.462,-23.984],[-68.698,-23.924],[-68.684,-23.862],[-68.69,-23.794],[-68.666,-23.698],[-68.686,-23.598],[-68.708,-23.568],[-68.694,-23.532],[-68.718,-23.388],[-68.68,-23.27],[-68.62,-23.176],[-68.662,-23.106],[-68.638,-23.084],[-68.54,-23.082],[-68.52,-22.9],[-68.498,-22.86],[-68.466,-22.856],[-68.46,-22.79],[-68.438,-22.754],[-68.406,-22.75],[-68.36,-22.664],[-68.264,-22.6],[-68.244,-22.508],[-68.198,-22.456],[-68.154,-22.438],[-68.152,-22.402],[-68.124,-22.402],[-68.076,-22.432],[-68.028,-22.418],[-68.014,-22.432],[-67.942,-22.38],[-67.9,-22.408],[-67.884,-22.442],[-67.892,-22.5],[-67.868,-22.532],[-67.84,-22.534],[-67.852,-22.558],[-67.832,-22.582],[-67.862,-22.6],[-67.858,-22.622],[-67.884,-22.628],[-67.868,-22.68],[-67.89,-22.718],[-67.868,-22.744],[-67.882,-22.834],[-67.826,-22.846],[-67.8,-22.882],[-67.568,-22.898],[-67.18,-22.814],[-66.99,-23.0],[-67.322,-24.034],[-68.066,-24.326],[-68.118,-24.238]]]}},{"type":"Feature","properties":{"codigo_region":"02","codigo_comuna":"02301","nombre_comuna":"Tocopilla","nombre_comuna_clean":"tocopilla","nombre_region":"Región de Antofagasta"},"geometry":{"type":"Polygon","coordinates":[[[-70.216,-22.094],[-70.198,-22.088],[-70.188,-22.058],[-70.198,-22.014],[-70.17,-21.932],[-70.19,-21.902],[-70.158,-21.886],[-70.144,-21.848],[-70.14,-21.806],[-70.16,-21.762],[-70.144,-21.718],[-70.15,-21.656],[-70.094,-21.592],[-70.092,-21.552],[-70.072,-21.528],[-70.084,-21.49],[-70.058,-21.43],[-70.008,-21.438],[-69.94,-21.422],[-69.828,-21.44],[-69.834,-21.75],[-69.904,-21.87],[-69.854,-21.872],[-69.806,-21.904],[-69.742,-22.026],[-69.764,-22.092],[-69.742,-22.126],[-69.754,-22.19],[-69.812,-22.2],[-69.824,-22.23],[-69.92,-22.246],[-69.968,-22.272],[-69.964,-22.32],[-69.982,-22.346],[-69.964,-22.426],[-70.262,-22.634],[-70.284,-22.572],[-70.238,-22.496],[-70.268,-22.46],[-70.244,-22.38],[-70.258,-22.362],[-70.238,-22.31],[-70.216,-22.094]]]}},{"type":"Feature","properties":{"codigo_region":"02","codigo_comuna":"02302","nombre_comuna":"María Elena","nombre_comuna_clean":"maria elena","nombre_region":"Región de Antofagasta"},"geometry":{"type":"Polygon","coordinates":[[[-69.894,-22.636],[-69.908,-22.576],[-69.926,-22.566],[-69.918,-22.474],[-69.966,-22.446],[-69.982,-22.346],[-69.964,-22.32],[-69.972,-22.276],[-69.92,-22.246],[-69.818,-22.228],[-69.804,-22.196],[-69.758,-22.194],[-69.742,-22.126],[-69.764,-22.092],[-69.742,-22.026],[-69.798,-21.912],[-69.854,-21.872],[-69.904,-21.87],[-69.834,-21.75],[-69.828,-21.44],[-69.782,-21.442],[-69.766,-21.42],[-69.734,-21.448],[-69.666,-21.462],[-69.626,-21.546],[-69.598,-21.562],[-69.554,-21.628],[-69.314,-21.398],[-68.86,-21.284],[-68.936,-21.434],[-68.992,-21.636],[-68.932,-21.828],[-69.176,-22.228],[-69.148,-22.456],[-69.19,-22.576],[-69.534,-22.88],[-69.97,-22.872],[-69.946,-22.836],[-69.922,-22.684],[-69.894,-22.636]]]}},{"type":"Feature","properties":{"codigo_region":"03","codigo_comuna":"03101","nombre_comuna":"Copiapó","nombre_comuna_clean":"copiapo","nombre_region":"Región de Atacama"},"geometry":{"type":"Polygon","coordinates":[[[-71.052,-27.688],[-71.038,-27.662],[-71.0,-27.69],[-70.972,-27.66],[-70.962,-27.702],[-70.918,-27.752],[-70.924,-27.796],[-70.892,-27.83],[-70.84,-27.826],[-70.804,-27.802],[-70.758,-27.818],[-70.73,-27.764],[-70.758,-27.742],[-70.758,-27.482],[-70.746,-27.428],[-70.726,-27.414],[-70.77,-27.336],[-70.606,-27.184],[-70.418,-27.074],[-70.362,-27.088],[-70.244,-26.944],[-70.14,-26.868],[-70.098,-26.876],[-70.04,-26.844],[-69.984,-26.844],[-69.976,-26.856],[-69.962,-26.842],[-69.94,-26.868],[-69.958,-26.902],[-69.876,-26.922],[-69.866,-26.88],[-69.758,-26.852],[-69.734,-26.798],[-69.66,-26.834],[-69.654,-26.882],[-69.62,-26.876],[-69.6,-26.896],[-69.576,-26.894],[-69.566,-26.832],[-69.512,-26.756],[-69.498,-26.708],[-69.43,-26.714],[-69.362,-26.664],[-69.264,-26.674],[-69.25,-26.736],[-69.21,-26.748],[-69.192,-26.786],[-69.062,-26.774],[-68.968,-26.822],[-68.856,-26.816],[-68.85,-26.862],[-68.834,-26.86],[-68.8,-26.766],[-68.746,-26.782],[-68.736,-26.804],[-68.682,-26.788],[-68.642,-26.812],[-68.588,-26.764],[-68.498,-26.808],[-68.368,-26.796],[-68.264,-26.918],[-68.29,-26.924],[-68.294,-26.96],[-68.32,-26.982],[-68.294,-27.038],[-68.346,-27.034],[-68.404,-27.068],[-68.428,-27.064],[-68.45,-27.094],[-68.476,-27.084],[-68.484,-27.058],[-68.482,-27.128],[-68.558,-27.116],[-68.576,-27.176],[-68.602,-27.158],[-68.634,-27.162],[-68.67,-27.098],[-68.788,-27.104],[-68.808,-27.152],[-68.844,-27.16],[-68.87,-27.246],[-68.868,-27.262],[-68.808,-27.302],[-68.872,-27.32],[-68.894,-27.356],[-68.886,-27.398],[-68.93,-27.41],[-68.936,-27.446],[-68.97,-27.428],[-68.988,-27.448],[-68.95,-27.488],[-68.948,-27.53],[-68.988,-27.524],[-68.998,-27.498],[-69.058,-27.442],[-69.09,-27.442],[-69.068,-27.37],[-69.15,-27.298],[-69.15,-27.248],[-69.184,-27.224],[-69.192,-27.17],[-69.218,-27.158],[-69.31,-27.176],[-69.35,-27.154],[-69.438,-27.242],[-69.458,-27.296],[-69.508,-27.352],[-69.496,-27.392],[-69.524,-27.442],[-69.512,-27.468],[-69.528,-27.486],[-69.528,-27.528],[-69.586,-27.606],[-69.622,-27.626],[-69.676,-27.586],[-69.738,-27.64],[-69.784,-27.61],[-69.9,-27.606],[-69.88,-27.564],[-69.892,-27.534],[-69.934,-27.528],[-69.972,-27.5],[-70.052,-27.548],[-70.096,-27.51],[-70.142,-27.514],[-70.22,-27.408],[-70.3,-27.444],[-70.304,-27.46],[-70.34,-27.476],[-70.334,-27.49],[-70.364,-27.528],[-70.382,-27.584],[-70.36,-27.654],[-70.37,-27.67],[-70.338,-27.694],[-70.358,-27.728],[-70.316,-27.782],[-70.324,-27.816],[-70.292,-27.836],[-70.282,-27.884],[-70.214,-27.872],[-70.178,-27.948],[-70.122,-27.992],[-70.124,-28.026],[-70.1,-28.03],[-70.114,-28.042],[-70.092,-28.06],[-70.104,-28.08],[-70.052,-28.088],[-70.074,-28.148],[-70.11,-28.148],[-70.142,-28.17],[-70.224,-28.184],[-70.226,-28.148],[-70.286,-28.13],[-70.358,-28.162],[-70.432,-28.164],[-70.49,-28.144],[-70.554,-28.086],[-70.636,-28.052],[-70.7,-28.048],[-70.746,-28.01],[-70.776,-28.07],[-70.802,-28.078],[-70.828,-28.07],[-70.85,-28.09],[-70.88,-28.066],[-70.972,-28.064],[-70.974,-28.034],[-71.008,-28.004],[-71.044,-27.99],[-71.104,-27.996],[-71.144,-27.964],[-71.104,-27.894],[-71.112,-27.858],[-71.084,-27.828],[-71.086,-27.79],[-71.034,-27.732],[-71.052,-27.688]]]}},{"type":"Feature","properties":{"codigo_region":"03","codigo_comuna":"03102","nombre_comuna":"Caldera","nombre_comuna_clean":"caldera","nombre_region":"Región de Atacama"},"geometry":{"type":"Polygon","coordinates":[[[-70.918,-27.804],[-70.918,-27.748],[-70.962,-27.702],[-70.972,-27.66],[-70.944,-27.666],[-70.934,-27.64],[-70.914,-27.642],[-70.898,-27.622],[-70.908,-27.554],[-70.89,-27.52],[-70.9,-27.512],[-70.884,-27.506],[-70.9,-27.464],[-70.928,-27.442],[-70.936,-27.398],[-70.968,-27.37],[-70.93,-27.312],[-70.96,-27.27],[-70.946,-27.22],[-70.974,-27.172],[-70.936,-27.11],[-70.898,-27.144],[-70.862,-27.128],[-70.852,-27.108],[-70.866,-27.102],[-70.866,-27.082],[-70.848,-27.092],[-70.842,-27.08],[-70.856,-27.074],[-70.844,-27.064],[-70.854,-27.05],[-70.834,-27.054],[-70.828,-27.066],[-70.808,-27.056],[-70.824,-27.036],[-70.802,-27.024],[-70.788,-26.988],[-70.812,-26.96],[-70.798,-26.942],[-70.82,-26.914],[-70.814,-26.898],[-70.834,-26.878],[-70.812,-26.868],[-70.822,-26.858],[-70.798,-26.836],[-70.782,-26.776],[-70.738,-26.756],[-70.758,-26.71],[-70.726,-26.688],[-70.716,-26.642],[-70.658,-26.666],[-70.648,-26.694],[-70.618,-26.69],[-70.598,-26.716],[-70.532,-26.722],[-70.406,-26.78],[-70.32,-26.874],[-70.272,-26.89],[-70.244,-26.94],[-70.362,-27.088],[-70.418,-27.074],[-70.606,-27.184],[-70.77,-27.336],[-70.726,-27.414],[-70.746,-27.428],[-70.758,-27.482],[-70.758,-27.742],[-70.73,-27.764],[-70.758,-27.818],[-70.804,-27.802],[-70.882,-27.834],[-70.918,-27.804]]]}},{"type":"Feature","properties":{"codigo_region":"03","codigo_comuna":"03103","nombre_comuna":"Tierra Amarilla","nombre_comuna_clean":"tierra amarilla","nombre_region":"Región de Atacama"},"geometry":{"type":"Polygon","coordinates":[[[-70.202,-27.42],[-70.192,-27.452],[-70.142,-27.514],[-70.096,-27.51],[-70.054,-27.548],[-69.972,-27.5],[-69.934,-27.528],[-69.892,-27.534],[-69.88,-27.564],[-69.9,-27.606],[-69.784,-27.61],[-69.738,-27.64],[-69.676,-27.586],[-69.622,-27.626],[-69.586,-27.606],[-69.528,-27.528],[-69.528,-27.486],[-69.512,-27.468],[-69.524,-27.442],[-69.496,-27.392],[-69.508,-27.352],[-69.458,-27.296],[-69.438,-27.242],[-69.35,-27.154],[-69.31,-27.176],[-69.218,-27.158],[-69.192,-27.17],[-69.184,-27.224],[-69.15,-27.248],[-69.15,-27.298],[-69.068,-27.37],[-69.09,-27.442],[-69.058,-27.442],[-68.998,-27.498],[-68.974,-27.542],[-68.978,-27.562],[-69.04,-27.594],[-69.052,-27.616],[-69.06,-27.664],[-69.044,-27.696],[-69.09,-27.722],[-69.09,-27.786],[-69.11,-27.852],[-69.132,-27.872],[-69.122,-27.898],[-69.156,-27.948],[-69.174,-27.972],[-69.238,-27.966],[-69.252,-28.004],[-69.268,-28.012],[-69.264,-28.048],[-69.302,-28.072],[-69.308,-28.13],[-69.336,-28.164],[-69.384,-28.184],[-69.392,-28.228],[-69.456,-28.184],[-69.478,-28.208],[-69.474,-28.238],[-69.502,-28.266],[-69.524,-28.33],[-69.582,-28.352],[-69.596,-28.392],[-69.626,-28.378],[-69.63,-28.394],[-69.65,-28.396],[-69.656,-28.414],[-69.632,-28.43],[-69.68,-28.472],[-69.656,-28.502],[-69.666,-28.514],[-69.65,-28.538],[-69.67,-28.564],[-69.662,-28.582],[-69.688,-28.592],[-69.724,-28.578],[-69.76,-28.638],[-69.838,-28.636],[-69.926,-28.608],[-69.962,-28.578],[-70.01,-28.584],[-70.03,-28.558],[-70.004,-28.512],[-70.03,-28.454],[-70.022,-28.408],[-70.052,-28.342],[-70.028,-28.276],[-70.086,-28.22],[-70.09,-28.19],[-70.052,-28.088],[-70.104,-28.08],[-70.092,-28.06],[-70.114,-28.042],[-70.1,-28.03],[-70.124,-28.026],[-70.122,-27.992],[-70.178,-27.948],[-70.214,-27.872],[-70.282,-27.884],[-70.292,-27.836],[-70.324,-27.816],[-70.316,-27.786],[-70.358,-27.728],[-70.338,-27.694],[-70.37,-27.67],[-70.36,-27.654],[-70.382,-27.584],[-70.336,-27.47],[-70.24,-27.416],[-70.202,-27.42]]]}},{"type":"Feature","properties":{"codigo_region":"03","codigo_comuna":"03201","nombre_comuna":"Chañaral","nombre_comuna_clean":"chanaral","nombre_region":"Región de Atacama"},"geometry":{"type":"MultiPolygon","coordinates":[[[[-70.08,-26.65],[-70.062,-26.694],[-70.102,-26.784],[-70.052,-26.788],[-70.024,-26.826],[-70.098,-26.876],[-70.14,-26.868],[-70.258,-26.96],[-70.244,-26.94],[-70.252,-26.914],[-70.294,-26.876],[-70.32,-26.874],[-70.406,-26.78],[-70.532,-26.722],[-70.598,-26.716],[-70.618,-26.69],[-70.65,-26.69],[-70.658,-26.666],[-70.724,-26.642],[-70.704,-26.574],[-70.682,-26.566],[-70.712,-26.528],[-70.686,-26.464],[-70.7,-26.392],[-70.672,-26.39],[-70.66,-26.362],[-70.628,-26.348],[-70.64,-26.308],[-70.666,-26.308],[-70.676,-26.292],[-70.646,-26.254],[-70.674,-26.204],[-70.656,-26.186],[-70.674,-26.168],[-70.672,-26.144],[-70.654,-26.13],[-70.662,-26.088],[-70.658,-26.062],[-70.614,-26.058],[-70.606,-26.004],[-70.526,-26.01],[-70.484,-25.968],[-70.42,-25.954],[-70.394,-25.928],[-70.324,-25.932],[-70.302,-25.896],[-70.274,-25.908],[-70.264,-25.93],[-70.24,-25.916],[-70.2,-25.942],[-70.078,-25.952],[-70.076,-25.966],[-70.022,-25.92],[-69.958,-25.902],[-69.908,-25.894],[-69.882,-25.914],[-69.898,-25.966],[-69.93,-25.978],[-69.912,-25.974],[-69.968,-26.066],[-69.986,-26.166],[-70.032,-26.164],[-70.05,-26.206],[-70.17,-26.286],[-70.202,-26.362],[-70.196,-26.39],[-70.21,-26.414],[-70.104,-26.46],[-70.108,-26.496],[-70.034,-26.58],[-70.044,-26.626],[-70.08,-26.65]]],[[[-70.682,-26.162],[-70.692,-26.158],[-70.68,-26.156],[-70.682,-26.162]]]]}},{"type":"Feature","properties":{"codigo_region":"03","codigo_comuna":"03202","nombre_comuna":"Diego de Almagro","nombre_comuna_clean":"diego de almagro","nombre_region":"Región de Atacama"},"geometry":{"type":"Polygon","coordinates":[[[-70.034,-26.58],[-70.108,-26.496],[-70.104,-26.46],[-70.21,-26.414],[-70.196,-26.39],[-70.202,-26.362],[-70.17,-26.286],[-70.05,-26.206],[-70.032,-26.164],[-69.986,-26.166],[-69.968,-26.066],[-69.912,-25.974],[-69.93,-25.978],[-69.898,-25.966],[-69.882,-25.914],[-69.854,-25.946],[-69.82,-25.924],[-69.756,-25.918],[-69.672,-25.944],[-69.512,-25.952],[-69.502,-25.914],[-69.452,-25.894],[-69.44,-25.86],[-69.38,-25.88],[-69.274,-25.856],[-69.266,-25.866],[-69.172,-25.816],[-69.098,-25.802],[-69.08,-25.744],[-69.058,-25.728],[-69.094,-25.72],[-69.05,-25.634],[-69.07,-25.586],[-69.084,-25.584],[-69.064,-25.576],[-69.026,-25.512],[-68.994,-25.508],[-69.014,-25.45],[-68.988,-25.414],[-68.988,-25.376],[-68.96,-25.39],[-68.822,-25.37],[-68.782,-25.402],[-68.748,-25.382],[-68.724,-25.39],[-68.7,-25.366],[-68.682,-25.37],[-68.658,-25.304],[-68.636,-25.314],[-68.578,-25.286],[-68.546,-25.298],[-68.522,-25.33],[-68.524,-25.378],[-68.57,-25.418],[-68.59,-25.416],[-68.59,-25.448],[-68.572,-25.498],[-68.538,-25.51],[-68.542,-25.55],[-68.518,-25.572],[-68.54,-25.596],[-68.544,-25.634],[-68.476,-25.702],[-68.382,-26.178],[-68.558,-26.286],[-68.588,-26.492],[-68.368,-26.796],[-68.498,-26.808],[-68.588,-26.764],[-68.642,-26.812],[-68.682,-26.788],[-68.736,-26.804],[-68.746,-26.782],[-68.8,-26.766],[-68.834,-26.86],[-68.85,-26.862],[-68.856,-26.816],[-68.968,-26.822],[-69.062,-26.774],[-69.192,-26.786],[-69.21,-26.748],[-69.25,-26.736],[-69.264,-26.674],[-69.362,-26.664],[-69.43,-26.714],[-69.498,-26.708],[-69.512,-26.756],[-69.566,-26.832],[-69.576,-26.894],[-69.6,-26.896],[-69.62,-26.876],[-69.654,-26.882],[-69.66,-26.834],[-69.734,-26.798],[-69.758,-26.852],[-69.866,-26.88],[-69.876,-26.922],[-69.902,-26.918],[-69.918,-26.904],[-69.958,-26.902],[-69.94,-26.868],[-69.96,-26.842],[-69.976,-26.856],[-69.984,-26.844],[-70.04,-26.846],[-70.024,-26.826],[-70.028,-26.808],[-70.054,-26.786],[-70.1,-26.786],[-70.062,-26.694],[-70.08,-26.65],[-70.044,-26.626],[-70.034,-26.58]]]}},{"type":"Feature","properties":{"codigo_region":"03","codigo_comuna":"03301","nombre_comuna":"Vallenar","nombre_comuna_clean":"vallenar","nombre_region":"Región de Atacama"},"geometry":{"type":"Polygon","coordinates":[[[-70.568,-28.808],[-70.592,-28.84],[-70.568,-28.882],[-70.55,-28.878],[-70.502,-28.906],[-70.498,-28.946],[-70.516,-28.968],[-70.498,-28.99],[-70.534,-29.034],[-70.534,-29.064],[-70.55,-29.044],[-70.576,-29.054],[-70.646,-29.04],[-70.652,-29.058],[-70.724,-29.058],[-70.716,-29.084],[-70.732,-29.104],[-70.802,-29.138],[-70.868,-29.144],[-70.908,-29.13],[-70.974,-29.178],[-71.008,-29.318],[-71.06,-29.356],[-71.094,-29.356],[-71.086,-29.306],[-71.184,-29.284],[-71.2,-29.186],[-71.184,-29.18],[-71.164,-29.184],[-71.14,-29.166],[-71.108,-29.166],[-71.074,-29.192],[-71.0,-29.124],[-70.992,-29.104],[-71.02,-29.008],[-71.052,-28.962],[-71.046,-28.92],[-71.072,-28.886],[-70.978,-28.764],[-70.982,-28.738],[-71.07,-28.74],[-71.092,-28.682],[-71.086,-28.664],[-71.036,-28.648],[-70.962,-28.666],[-70.936,-28.588],[-70.92,-28.576],[-70.912,-28.51],[-70.886,-28.466],[-70.864,-28.468],[-70.84,-28.444],[-70.844,-28.402],[-70.812,-28.38],[-70.814,-28.328],[-70.774,-28.338],[-70.77,-28.06],[-70.746,-28.01],[-70.7,-28.048],[-70.636,-28.052],[-70.554,-28.086],[-70.49,-28.144],[-70.432,-28.164],[-70.358,-28.162],[-70.28,-28.132],[-70.226,-28.148],[-70.222,-28.184],[-70.082,-28.142],[-70.086,-28.22],[-70.028,-28.276],[-70.052,-28.342],[-70.022,-28.408],[-70.03,-28.454],[-70.004,-28.512],[-70.032,-28.556],[-70.012,-28.58],[-70.02,-28.598],[-70.05,-28.604],[-70.07,-28.638],[-70.122,-28.58],[-70.164,-28.584],[-70.248,-28.678],[-70.314,-28.712],[-70.328,-28.668],[-70.346,-28.668],[-70.382,-28.632],[-70.426,-28.662],[-70.506,-28.61],[-70.542,-28.642],[-70.586,-28.64],[-70.602,-28.68],[-70.62,-28.682],[-70.602,-28.72],[-70.576,-28.716],[-70.534,-28.794],[-70.568,-28.808]]]}},{"type":"Feature","properties":{"codigo_region":"03","codigo_comuna":"03302","nombre_comuna":"Alto del Carmen","nombre_comuna_clean":"alto del carmen","nombre_region":"Región de Atacama"},"geometry":{"type":"Polygon","coordinates":[[[-70.576,-28.716],[-70.602,-28.72],[-70.62,-28.682],[-70.602,-28.68],[-70.586,-28.64],[-70.542,-28.642],[-70.506,-28.61],[-70.426,-28.662],[-70.382,-28.632],[-70.346,-28.668],[-70.328,-28.668],[-70.314,-28.712],[-70.248,-28.678],[-70.186,-28.602],[-70.144,-28.578],[-70.106,-28.592],[-70.07,-28.638],[-70.05,-28.604],[-70.034,-28.608],[-70.012,-28.58],[-69.962,-28.578],[-69.926,-28.608],[-69.802,-28.644],[-69.75,-28.63],[-69.724,-28.578],[-69.688,-28.592],[-69.732,-28.702],[-69.73,-28.738],[-69.694,-28.772],[-69.766,-28.9],[-69.754,-28.984],[-69.786,-29.016],[-69.794,-29.05],[-69.788,-29.13],[-69.876,-29.138],[-69.924,-29.186],[-69.952,-29.188],[-69.938,-29.248],[-69.996,-29.282],[-69.996,-29.304],[-70.018,-29.322],[-70.022,-29.384],[-69.968,-29.412],[-69.982,-29.452],[-69.954,-29.464],[-69.952,-29.5],[-69.992,-29.496],[-70.022,-29.52],[-70.086,-29.536],[-70.104,-29.522],[-70.172,-29.526],[-70.192,-29.518],[-70.2,-29.48],[-70.298,-29.376],[-70.366,-29.37],[-70.394,-29.398],[-70.46,-29.38],[-70.474,-29.36],[-70.444,-29.326],[-70.48,-29.286],[-70.464,-29.264],[-70.468,-29.24],[-70.494,-29.218],[-70.494,-29.162],[-70.532,-29.128],[-70.526,-29.108],[-70.542,-29.098],[-70.534,-29.034],[-70.498,-28.99],[-70.516,-28.968],[-70.498,-28.946],[-70.502,-28.906],[-70.55,-28.878],[-70.568,-28.882],[-70.59,-28.852],[-70.57,-28.808],[-70.534,-28.794],[-70.576,-28.716]]]}},{"type":"Feature","properties":{"codigo_region":"03","codigo_comuna":"03303","nombre_comuna":"Freirina","nombre_comuna_clean":"freirina","nombre_region":"Región de Atacama"},"geometry":{"type":"Polygon","coordinates":[[[-71.29,-28.596],[-71.234,-28.6],[-71.196,-28.584],[-71.132,-28.616],[-71.122,-28.588],[-71.142,-28.522],[-71.13,-28.474],[-71.05,-28.43],[-71.004,-28.434],[-71.046,-28.384],[-70.994,-28.29],[-70.956,-28.28],[-70.936,-28.3],[-70.918,-28.288],[-70.902,-28.298],[-70.88,-28.28],[-70.844,-28.328],[-70.814,-28.328],[-70.812,-28.38],[-70.844,-28.402],[-70.84,-28.444],[-70.864,-28.468],[-70.886,-28.466],[-70.912,-28.51],[-70.92,-28.576],[-70.936,-28.588],[-70.962,-28.666],[-71.008,-28.644],[-71.088,-28.666],[-71.092,-28.702],[-71.074,-28.736],[-71.024,-28.746],[-70.984,-28.732],[-70.978,-28.764],[-71.072,-28.886],[-71.046,-28.92],[-71.052,-28.962],[-71.02,-29.008],[-70.992,-29.104],[-71.0,-29.124],[-71.028,-29.138],[-71.022,-29.152],[-71.074,-29.192],[-71.096,-29.17],[-71.14,-29.166],[-71.164,-29.184],[-71.282,-29.186],[-71.352,-29.142],[-71.414,-29.184],[-71.498,-29.182],[-71.488,-29.17],[-71.504,-29.144],[-71.462,-29.104],[-71.502,-29.078],[-71.478,-29.056],[-71.502,-29.024],[-71.492,-28.984],[-71.526,-28.986],[-71.504,-28.952],[-71.522,-28.916],[-71.484,-28.85],[-71.378,-28.794],[-71.366,-28.742],[-71.296,-28.68],[-71.28,-28.632],[-71.314,-28.572],[-71.29,-28.596]]]}},{"type":"Feature","properties":{"codigo_region":"03","codigo_comuna":"03304","nombre_comuna":"Huasco","nombre_comuna_clean":"huasco","nombre_region":"Región de Atacama"},"geometry":{"type":"Polygon","coordinates":[[[-70.974,-28.034],[-70.972,-28.064],[-70.934,-28.074],[-70.88,-28.066],[-70.85,-28.09],[-70.828,-28.07],[-70.802,-28.078],[-70.77,-28.06],[-70.768,-28.064],[-70.77,-28.102],[-70.774,-28.338],[-70.844,-28.328],[-70.88,-28.28],[-70.902,-28.298],[-70.918,-28.288],[-70.936,-28.3],[-70.956,-28.28],[-70.994,-28.29],[-71.046,-28.384],[-71.004,-28.434],[-71.05,-28.43],[-71.13,-28.474],[-71.142,-28.522],[-71.122,-28.588],[-71.132,-28.616],[-71.196,-28.584],[-71.234,-28.6],[-71.29,-28.596],[-71.314,-28.566],[-71.258,-28.542],[-71.254,-28.51],[-71.274,-28.502],[-71.252,-28.486],[-71.266,-28.48],[-71.258,-28.462],[-71.254,-28.462],[-71.244,-28.472],[-71.212,-28.46],[-71.192,-28.382],[-71.16,-28.358],[-71.198,-28.302],[-71.182,-28.298],[-71.154,-28.232],[-71.166,-28.126],[-71.184,-28.118],[-71.18,-28.096],[-71.144,-28.082],[-71.144,-27.968],[-71.114,-27.984],[-71.104,-27.996],[-71.008,-28.004],[-70.974,-28.034]]]}},{"type":"Feature","properties":{"codigo_region":"04","codigo_comuna":"04101","nombre_comuna":"La Serena","nombre_comuna_clean":"la serena","nombre_region":"Región de Coquimbo"},"geometry":{"type":"Polygon","coordinates":[[[-71.244,-29.952],[-71.288,-29.95],[-71.274,-29.894],[-71.28,-29.84],[-71.29,-29.822],[-71.312,-29.82],[-71.32,-29.778],[-71.346,-29.756],[-71.326,-29.734],[-71.312,-29.65],[-71.278,-29.694],[-71.268,-29.67],[-71.188,-29.654],[-71.14,-29.616],[-71.102,-29.614],[-71.072,-29.58],[-71.02,-29.564],[-70.994,-29.6],[-70.968,-29.6],[-70.884,-29.536],[-70.866,-29.56],[-70.85,-29.554],[-70.796,-29.622],[-70.706,-29.636],[-70.684,-29.69],[-70.778,-29.696],[-70.846,-29.732],[-70.848,-29.762],[-70.89,-29.798],[-70.9,-29.832],[-70.986,-29.862],[-70.976,-29.876],[-70.998,-29.892],[-70.982,-29.932],[-71.008,-29.966],[-71.008,-30.03],[-71.056,-30.13],[-71.096,-30.134],[-71.12,-30.118],[-71.112,-30.07],[-71.152,-30.078],[-71.148,-30.014],[-71.216,-29.986],[-71.244,-29.952]]]}},{"type":"Feature","properties":{"codigo_region":"04","codigo_comuna":"04102","nombre_comuna":"Coquimbo","nombre_comuna_clean":"coquimbo","nombre_region":"Región de Coquimbo"},"geometry":{"type":"Polygon","coordinates":[[[-71.388,-30.022],[-71.416,-30.0],[-71.388,-29.994],[-71.372,-29.966],[-71.366,-29.984],[-71.35,-29.98],[-71.364,-29.952],[-71.338,-29.932],[-71.334,-29.958],[-71.288,-29.942],[-71.244,-29.952],[-71.206,-29.998],[-71.168,-29.996],[-71.144,-30.02],[-71.15,-30.082],[-71.11,-30.074],[-71.146,-30.124],[-71.214,-30.146],[-71.18,-30.216],[-71.18,-30.25],[-71.212,-30.258],[-71.22,-30.312],[-71.292,-30.33],[-71.284,-30.408],[-71.322,-30.412],[-71.338,-30.454],[-71.366,-30.474],[-71.356,-30.512],[-71.378,-30.518],[-71.398,-30.476],[-71.43,-30.496],[-71.448,-30.494],[-71.462,-30.468],[-71.482,-30.472],[-71.48,-30.416],[-71.556,-30.412],[-71.604,-30.384],[-71.62,-30.346],[-71.672,-30.344],[-71.654,-30.274],[-71.628,-30.238],[-71.608,-30.298],[-71.54,-30.298],[-71.498,-30.272],[-71.51,-30.254],[-71.478,-30.244],[-71.48,-30.2],[-71.456,-30.19],[-71.448,-30.166],[-71.43,-30.196],[-71.394,-30.184],[-71.372,-30.14],[-71.386,-30.102],[-71.372,-30.078],[-71.384,-30.064],[-71.388,-30.022]]]}},{"type":"Feature","properties":{"codigo_region":"04","codigo_comuna":"04103","nombre_comuna":"Andacollo","nombre_comuna_clean":"andacollo","nombre_region":"Región de Coquimbo"},"geometry":{"type":"Polygon","coordinates":[[[-71.02,-30.182],[-71.018,-30.196],[-71.038,-30.212],[-71.018,-30.258],[-70.932,-30.238],[-70.906,-30.29],[-70.946,-30.314],[-70.99,-30.28],[-71.006,-30.286],[-71.08,-30.366],[-71.066,-30.386],[-71.158,-30.404],[-71.166,-30.38],[-71.208,-30.354],[-71.22,-30.312],[-71.212,-30.258],[-71.18,-30.25],[-71.18,-30.216],[-71.214,-30.146],[-71.124,-30.112],[-71.02,-30.182]]]}},{"type":"Feature","properties":{"codigo_region":"04","codigo_comuna":"04104","nombre_comuna":"La Higuera","nombre_comuna_clean":"la higuera","nombre_region":"Región de Coquimbo"},"geometry":{"type":"MultiPolygon","coordinates":[[[[-71.372,-29.298],[-71.47,-29.25],[-71.464,-29.224],[-71.498,-29.184],[-71.414,-29.184],[-71.352,-29.142],[-71.282,-29.186],[-71.2,-29.186],[-71.184,-29.284],[-71.086,-29.306],[-71.094,-29.356],[-71.06,-29.356],[-71.008,-29.318],[-70.966,-29.17],[-70.908,-29.13],[-70.868,-29.144],[-70.802,-29.138],[-70.732,-29.104],[-70.716,-29.084],[-70.724,-29.058],[-70.652,-29.058],[-70.646,-29.04],[-70.61,-29.038],[-70.588,-29.052],[-70.55,-29.044],[-70.534,-29.06],[-70.532,-29.128],[-70.498,-29.156],[-70.494,-29.218],[-70.468,-29.24],[-70.464,-29.264],[-70.48,-29.286],[-70.444,-29.326],[-70.47,-29.36],[-70.522,-29.364],[-70.546,-29.402],[-70.524,-29.496],[-70.554,-29.562],[-70.542,-29.572],[-70.55,-29.594],[-70.58,-29.62],[-70.574,-29.644],[-70.59,-29.658],[-70.572,-29.696],[-70.596,-29.718],[-70.626,-29.69],[-70.684,-29.69],[-70.71,-29.63],[-70.796,-29.622],[-70.85,-29.554],[-70.866,-29.56],[-70.884,-29.536],[-70.968,-29.6],[-70.992,-29.602],[-71.03,-29.564],[-71.072,-29.58],[-71.102,-29.614],[-71.14,-29.616],[-71.188,-29.654],[-71.268,-29.67],[-71.288,-29.69],[-71.32,-29.648],[-71.288,-29.622],[-71.288,-29.606],[-71.334,-29.554],[-71.336,-29.492],[-71.316,-29.488],[-71.316,-29.448],[-71.304,-29.448],[-71.308,-29.418],[-71.324,-29.422],[-71.324,-29.402],[-71.34,-29.402],[-71.328,-29.344],[-71.372,-29.298]]],[[[-71.548,-29.284],[-71.546,-29.256],[-71.54,-29.282],[-71.548,-29.284]]],[[[-71.472,-29.264],[-71.488,-29.266],[-71.484,-29.256],[-71.472,-29.252],[-71.472,-29.264]]]]}},{"type":"Feature","properties":{"codigo_region":"04","codigo_comuna":"04105","nombre_comuna":"Paihuano","nombre_comuna_clean":"paihuano","nombre_region":"Región de Coquimbo"},"geometry":{"type":"Polygon","coordinates":[[[-70.29,-30.04],[-70.32,-30.114],[-70.298,-30.116],[-70.276,-30.148],[-70.27,-30.194],[-70.224,-30.202],[-70.194,-30.306],[-70.154,-30.348],[-70.118,-30.426],[-70.136,-30.46],[-70.196,-30.492],[-70.29,-30.468],[-70.28,-30.448],[-70.314,-30.416],[-70.342,-30.408],[-70.398,-30.452],[-70.45,-30.394],[-70.486,-30.396],[-70.482,-30.354],[-70.526,-30.33],[-70.546,-30.272],[-70.536,-30.258],[-70.574,-30.208],[-70.576,-30.194],[-70.55,-30.182],[-70.566,-30.124],[-70.546,-30.082],[-70.568,-30.038],[-70.548,-29.984],[-70.486,-29.988],[-70.444,-29.964],[-70.426,-29.984],[-70.4,-29.972],[-70.364,-29.984],[-70.352,-29.964],[-70.336,-30.022],[-70.29,-30.04]]]}},{"type":"Feature","properties":{"codigo_region":"04","codigo_comuna":"04106","nombre_comuna":"Vicuña","nombre_comuna_clean":"vicuna","nombre_region":"Región de Coquimbo"},"geometry":{"type":"Polygon","coordinates":[[[-70.408,-29.4],[-70.366,-29.37],[-70.298,-29.376],[-70.2,-29.48],[-70.192,-29.518],[-70.172,-29.526],[-70.104,-29.522],[-70.086,-29.536],[-70.022,-29.52],[-69.992,-29.496],[-69.952,-29.5],[-69.956,-29.534],[-69.932,-29.584],[-69.94,-29.654],[-69.878,-29.726],[-69.914,-29.8],[-69.89,-29.822],[-69.9,-29.844],[-69.876,-29.862],[-69.896,-29.878],[-69.888,-29.904],[-69.91,-29.934],[-69.896,-29.936],[-69.898,-29.96],[-69.926,-30.002],[-69.914,-30.026],[-69.966,-30.086],[-69.944,-30.094],[-69.938,-30.12],[-69.882,-30.11],[-69.848,-30.13],[-69.818,-30.128],[-69.81,-30.146],[-69.828,-30.162],[-69.818,-30.18],[-69.836,-30.22],[-69.886,-30.218],[-69.88,-30.258],[-69.908,-30.316],[-69.896,-30.354],[-69.92,-30.35],[-69.956,-30.386],[-69.994,-30.378],[-70.022,-30.398],[-70.068,-30.392],[-70.13,-30.342],[-70.158,-30.348],[-70.194,-30.306],[-70.224,-30.202],[-70.27,-30.194],[-70.276,-30.148],[-70.298,-30.116],[-70.32,-30.114],[-70.29,-30.04],[-70.336,-30.022],[-70.352,-29.964],[-70.374,-29.984],[-70.4,-29.972],[-70.428,-29.984],[-70.444,-29.964],[-70.486,-29.988],[-70.548,-29.984],[-70.568,-30.038],[-70.546,-30.082],[-70.566,-30.124],[-70.55,-30.182],[-70.576,-30.194],[-70.584,-30.236],[-70.666,-30.216],[-70.718,-30.25],[-70.774,-30.236],[-70.826,-30.256],[-70.904,-30.234],[-70.906,-30.214],[-70.928,-30.22],[-70.936,-30.24],[-71.02,-30.256],[-71.038,-30.212],[-71.02,-30.182],[-71.074,-30.134],[-71.052,-30.128],[-71.008,-30.03],[-71.008,-29.966],[-70.98,-29.92],[-70.998,-29.894],[-70.976,-29.876],[-70.986,-29.862],[-70.9,-29.832],[-70.89,-29.798],[-70.848,-29.762],[-70.846,-29.734],[-70.78,-29.696],[-70.676,-29.684],[-70.622,-29.692],[-70.596,-29.718],[-70.572,-29.696],[-70.59,-29.658],[-70.574,-29.644],[-70.58,-29.62],[-70.55,-29.594],[-70.542,-29.572],[-70.554,-29.562],[-70.524,-29.496],[-70.546,-29.402],[-70.524,-29.364],[-70.498,-29.358],[-70.408,-29.4]]]}},{"type":"Feature","properties":{"codigo_region":"04","codigo_comuna":"04201","nombre_comuna":"Illapel","nombre_comuna_clean":"illapel","nombre_region":"Región de Coquimbo"},"geometry":{"type":"Polygon","coordinates":[[[-70.546,-31.308],[-70.528,-31.364],[-70.534,-31.408],[-70.56,-31.42],[-70.548,-31.436],[-70.57,-31.472],[-70.552,-31.512],[-70.562,-31.562],[-70.622,-31.538],[-70.65,-31.614],[-70.712,-31.64],[-70.76,-31.616],[-70.808,-31.636],[-70.854,-31.632],[-70.914,-31.67],[-70.94,-31.658],[-70.964,-31.678],[-71.012,-31.656],[-71.034,-31.674],[-71.03,-31.69],[-71.094,-31.724],[-71.09,-31.88],[-71.176,-31.898],[-71.234,-31.83],[-71.324,-31.766],[-71.33,-31.708],[-71.396,-31.656],[-71.392,-31.604],[-71.328,-31.614],[-71.242,-31.602],[-71.26,-31.576],[-71.242,-31.564],[-71.246,-31.522],[-71.256,-31.506],[-71.28,-31.51],[-71.296,-31.494],[-71.292,-31.472],[-71.23,-31.44],[-71.2,-31.464],[-71.17,-31.422],[-71.146,-31.424],[-71.124,-31.334],[-71.088,-31.334],[-71.056,-31.38],[-71.03,-31.386],[-70.98,-31.332],[-70.922,-31.322],[-70.886,-31.358],[-70.888,-31.406],[-70.84,-31.434],[-70.832,-31.42],[-70.802,-31.414],[-70.808,-31.384],[-70.758,-31.33],[-70.72,-31.312],[-70.71,-31.342],[-70.688,-31.342],[-70.586,-31.28],[-70.546,-31.308]]]}},{"type":"Feature","properties":{"codigo_region":"04","codigo_comuna":"04202","nombre_comuna":"Canela","nombre_comuna_clean":"canela","nombre_region":"Región de Coquimbo"},"geometry":{"type":"Polygon","coordinates":[[[-71.558,-31.624],[-71.582,-31.594],[-71.57,-31.5],[-71.594,-31.458],[-71.594,-31.422],[-71.62,-31.392],[-71.614,-31.326],[-71.638,-31.302],[-71.632,-31.256],[-71.648,-31.218],[-71.606,-31.2],[-71.58,-31.162],[-71.548,-31.186],[-71.538,-31.172],[-71.486,-31.19],[-71.47,-31.158],[-71.44,-31.178],[-71.42,-31.156],[-71.39,-31.164],[-71.298,-31.142],[-71.278,-31.19],[-71.2,-31.184],[-71.138,-31.206],[-71.14,-31.222],[-71.122,-31.23],[-71.13,-31.248],[-71.092,-31.286],[-71.088,-31.334],[-71.13,-31.34],[-71.146,-31.424],[-71.17,-31.422],[-71.198,-31.464],[-71.232,-31.44],[-71.28,-31.458],[-71.298,-31.486],[-71.28,-31.51],[-71.256,-31.506],[-71.246,-31.522],[-71.242,-31.564],[-71.26,-31.576],[-71.242,-31.602],[-71.328,-31.614],[-71.396,-31.606],[-71.396,-31.656],[-71.33,-31.708],[-71.328,-31.758],[-71.386,-31.786],[-71.404,-31.732],[-71.44,-31.724],[-71.48,-31.674],[-71.498,-31.718],[-71.542,-31.728],[-71.558,-31.624]]]}},{"type":"Feature","properties":{"codigo_region":"04","codigo_comuna":"04203","nombre_comuna":"Los Vilos","nombre_comuna_clean":"los vilos","nombre_region":"Región de Coquimbo"},"geometry":{"type":"Polygon","coordinates":[[[-71.498,-31.718],[-71.49,-31.684],[-71.474,-31.676],[-71.44,-31.724],[-71.404,-31.732],[-71.386,-31.786],[-71.328,-31.758],[-71.282,-31.788],[-71.27,-31.816],[-71.234,-31.83],[-71.176,-31.898],[-71.106,-31.878],[-71.08,-31.904],[-71.036,-31.908],[-70.968,-31.95],[-70.976,-32.044],[-71.042,-32.032],[-71.032,-32.074],[-71.182,-32.172],[-71.222,-32.128],[-71.256,-32.172],[-71.338,-32.204],[-71.424,-32.186],[-71.478,-32.156],[-71.504,-32.18],[-71.54,-32.178],[-71.528,-32.154],[-71.538,-32.136],[-71.512,-32.122],[-71.532,-32.106],[-71.528,-32.038],[-71.51,-32.024],[-71.524,-32.004],[-71.49,-31.968],[-71.504,-31.948],[-71.528,-31.95],[-71.518,-31.91],[-71.496,-31.898],[-71.5,-31.87],[-71.52,-31.85],[-71.56,-31.85],[-71.506,-31.776],[-71.544,-31.728],[-71.498,-31.718]]]}},{"type":"Feature","properties":{"codigo_region":"04","codigo_comuna":"04204","nombre_comuna":"Salamanca","nombre_comuna_clean":"salamanca","nombre_region":"Región de Coquimbo"},"geometry":{"type":"Polygon","coordinates":[[[-70.36,-32.254],[-70.42,-32.28],[-70.438,-32.27],[-70.434,-32.228],[-70.454,-32.222],[-70.456,-32.172],[-70.504,-32.172],[-70.504,-32.156],[-70.532,-32.148],[-70.546,-32.176],[-70.644,-32.14],[-70.658,-32.054],[-70.692,-32.064],[-70.702,-32.032],[-70.74,-32.02],[-70.938,-32.076],[-70.952,-32.048],[-70.976,-32.042],[-70.972,-31.946],[-71.036,-31.908],[-71.08,-31.904],[-71.092,-31.88],[-71.102,-31.816],[-71.084,-31.796],[-71.092,-31.718],[-71.03,-31.69],[-71.034,-31.674],[-71.012,-31.656],[-70.964,-31.678],[-70.94,-31.658],[-70.914,-31.67],[-70.854,-31.632],[-70.808,-31.636],[-70.76,-31.616],[-70.712,-31.64],[-70.65,-31.614],[-70.622,-31.538],[-70.57,-31.556],[-70.558,-31.57],[-70.566,-31.602],[-70.504,-31.66],[-70.514,-31.69],[-70.466,-31.702],[-70.458,-31.734],[-70.472,-31.76],[-70.45,-31.81],[-70.46,-31.844],[-70.374,-31.886],[-70.28,-31.884],[-70.21,-31.96],[-70.208,-31.978],[-70.25,-31.992],[-70.248,-32.024],[-70.288,-32.052],[-70.328,-32.048],[-70.354,-32.026],[-70.38,-32.026],[-70.388,-32.044],[-70.336,-32.07],[-70.35,-32.088],[-70.34,-32.11],[-70.304,-32.136],[-70.316,-32.16],[-70.3,-32.206],[-70.326,-32.276],[-70.36,-32.254]]]}},{"type":"Feature","properties":{"codigo_region":"04","codigo_comuna":"04301","nombre_comuna":"Ovalle","nombre_comuna_clean":"ovalle","nombre_region":"Región de Coquimbo"},"geometry":{"type":"Polygon","coordinates":[[[-71.604,-30.384],[-71.556,-30.412],[-71.48,-30.416],[-71.482,-30.472],[-71.462,-30.468],[-71.448,-30.494],[-71.43,-30.496],[-71.398,-30.476],[-71.372,-30.518],[-71.356,-30.51],[-71.366,-30.474],[-71.338,-30.454],[-71.324,-30.412],[-71.284,-30.408],[-71.292,-30.33],[-71.222,-30.312],[-71.208,-30.324],[-71.208,-30.354],[-71.166,-30.38],[-71.16,-30.404],[-71.066,-30.386],[-71.052,-30.436],[-71.076,-30.462],[-71.022,-30.55],[-70.936,-30.534],[-70.936,-30.516],[-70.904,-30.5],[-70.852,-30.538],[-70.898,-30.578],[-70.956,-30.584],[-70.992,-30.65],[-71.032,-30.646],[-71.028,-30.704],[-71.116,-30.78],[-71.162,-30.766],[-71.21,-30.784],[-71.264,-30.744],[-71.26,-30.708],[-71.314,-30.764],[-71.36,-30.778],[-71.388,-30.756],[-71.374,-30.89],[-71.464,-30.918],[-71.486,-30.898],[-71.518,-30.9],[-71.538,-30.932],[-71.514,-30.94],[-71.522,-30.964],[-71.552,-30.982],[-71.526,-31.012],[-71.548,-31.056],[-71.504,-31.06],[-71.492,-31.078],[-71.466,-31.136],[-71.476,-31.176],[-71.486,-31.19],[-71.538,-31.172],[-71.548,-31.186],[-71.58,-31.162],[-71.606,-31.2],[-71.642,-31.216],[-71.67,-31.144],[-71.65,-31.108],[-71.664,-31.036],[-71.646,-31.012],[-71.65,-30.976],[-71.684,-30.922],[-71.682,-30.87],[-71.708,-30.79],[-71.698,-30.732],[-71.716,-30.716],[-71.698,-30.7],[-71.718,-30.602],[-71.694,-30.544],[-71.7,-30.478],[-71.682,-30.416],[-71.69,-30.404],[-71.67,-30.366],[-71.682,-30.354],[-71.62,-30.346],[-71.604,-30.384]]]}},{"type":"Feature","properties":{"codigo_region":"04","codigo_comuna":"04302","nombre_comuna":"Combarbalá","nombre_comuna_clean":"combarbala","nombre_region":"Región de Coquimbo"},"geometry":{"type":"Polygon","coordinates":[[[-70.92,-31.324],[-70.948,-31.322],[-71.008,-31.35],[-71.03,-31.384],[-71.05,-31.384],[-71.086,-31.344],[-71.092,-31.286],[-71.13,-31.248],[-71.122,-31.23],[-71.14,-31.222],[-71.138,-31.206],[-71.2,-31.184],[-71.254,-31.196],[-71.288,-31.182],[-71.292,-31.144],[-71.274,-31.134],[-71.258,-31.08],[-71.278,-31.066],[-71.262,-31.044],[-71.286,-30.968],[-71.232,-30.946],[-71.23,-30.92],[-71.178,-30.892],[-71.186,-30.866],[-71.106,-30.844],[-71.096,-30.892],[-71.07,-30.91],[-71.058,-30.946],[-71.03,-30.916],[-70.966,-30.968],[-70.888,-30.976],[-70.892,-30.998],[-70.868,-30.996],[-70.86,-30.972],[-70.836,-30.976],[-70.8,-31.064],[-70.772,-31.076],[-70.776,-31.092],[-70.708,-31.114],[-70.65,-31.162],[-70.628,-31.156],[-70.594,-31.262],[-70.608,-31.3],[-70.702,-31.346],[-70.716,-31.314],[-70.73,-31.314],[-70.808,-31.384],[-70.802,-31.414],[-70.832,-31.42],[-70.84,-31.434],[-70.888,-31.406],[-70.886,-31.364],[-70.92,-31.324]]]}},{"type":"Feature","properties":{"codigo_region":"04","codigo_comuna":"04303","nombre_comuna":"Monte Patria","nombre_comuna_clean":"monte patria","nombre_region":"Región de Coquimbo"},"geometry":{"type":"Polygon","coordinates":[[[-70.51,-31.148],[-70.526,-31.278],[-70.556,-31.306],[-70.602,-31.27],[-70.606,-31.2],[-70.628,-31.154],[-70.65,-31.162],[-70.708,-31.114],[-70.776,-31.092],[-70.772,-31.076],[-70.8,-31.064],[-70.836,-30.976],[-70.86,-30.972],[-70.868,-30.996],[-70.892,-30.998],[-70.888,-30.976],[-70.966,-30.968],[-71.03,-30.916],[-71.058,-30.946],[-71.068,-30.938],[-71.07,-30.91],[-71.098,-30.884],[-71.064,-30.856],[-71.036,-30.86],[-71.018,-30.798],[-71.092,-30.808],[-71.116,-30.78],[-71.028,-30.704],[-71.04,-30.656],[-71.024,-30.642],[-70.992,-30.65],[-70.956,-30.584],[-70.898,-30.578],[-70.874,-30.546],[-70.794,-30.52],[-70.736,-30.526],[-70.698,-30.492],[-70.65,-30.51],[-70.574,-30.498],[-70.538,-30.524],[-70.546,-30.534],[-70.522,-30.562],[-70.476,-30.57],[-70.456,-30.558],[-70.434,-30.584],[-70.426,-30.628],[-70.344,-30.66],[-70.33,-30.678],[-70.258,-30.694],[-70.246,-30.728],[-70.288,-30.788],[-70.28,-30.832],[-70.324,-30.93],[-70.294,-30.97],[-70.298,-31.02],[-70.278,-31.022],[-70.27,-31.044],[-70.322,-31.044],[-70.368,-31.11],[-70.36,-31.136],[-70.402,-31.168],[-70.432,-31.102],[-70.456,-31.084],[-70.51,-31.148]]]}},{"type":"Feature","properties":{"codigo_region":"04","codigo_comuna":"04304","nombre_comuna":"Punitaqui","nombre_comuna_clean":"punitaqui","nombre_region":"Región de Coquimbo"},"geometry":{"type":"Polygon","coordinates":[[[-71.264,-30.744],[-71.21,-30.784],[-71.162,-30.766],[-71.114,-30.78],[-71.092,-30.808],[-71.02,-30.798],[-71.024,-30.842],[-71.036,-30.86],[-71.058,-30.854],[-71.092,-30.872],[-71.11,-30.842],[-71.148,-30.866],[-71.186,-30.866],[-71.178,-30.892],[-71.23,-30.92],[-71.232,-30.946],[-71.286,-30.968],[-71.262,-31.044],[-71.278,-31.066],[-71.26,-31.08],[-71.274,-31.134],[-71.39,-31.164],[-71.42,-31.156],[-71.44,-31.176],[-71.47,-31.158],[-71.502,-31.062],[-71.548,-31.056],[-71.526,-31.012],[-71.552,-30.982],[-71.514,-30.94],[-71.538,-30.932],[-71.504,-30.894],[-71.464,-30.918],[-71.416,-30.894],[-71.384,-30.9],[-71.372,-30.808],[-71.388,-30.756],[-71.36,-30.778],[-71.314,-30.764],[-71.26,-30.71],[-71.264,-30.744]]]}},{"type":"Feature","properties":{"codigo_region":"04","codigo_comuna":"04305","nombre_comuna":"Río Hurtado","nombre_comuna_clean":"rio hurtado","nombre_region":"Región de Coquimbo"},"geometry":{"type":"Polygon","coordinates":[[[-70.252,-30.652],[-70.24,-30.668],[-70.264,-30.696],[-70.414,-30.636],[-70.456,-30.558],[-70.476,-30.57],[-70.522,-30.562],[-70.546,-30.534],[-70.538,-30.524],[-70.576,-30.498],[-70.65,-30.51],[-70.698,-30.492],[-70.736,-30.526],[-70.794,-30.52],[-70.848,-30.542],[-70.904,-30.5],[-70.936,-30.516],[-70.936,-30.534],[-71.02,-30.55],[-71.076,-30.462],[-71.052,-30.436],[-71.08,-30.37],[-71.006,-30.286],[-70.99,-30.28],[-70.946,-30.314],[-70.906,-30.29],[-70.932,-30.238],[-70.926,-30.218],[-70.904,-30.214],[-70.904,-30.234],[-70.826,-30.256],[-70.774,-30.236],[-70.718,-30.25],[-70.666,-30.216],[-70.584,-30.236],[-70.57,-30.21],[-70.536,-30.258],[-70.546,-30.272],[-70.526,-30.33],[-70.482,-30.356],[-70.486,-30.396],[-70.45,-30.394],[-70.398,-30.452],[-70.342,-30.408],[-70.314,-30.416],[-70.28,-30.448],[-70.29,-30.468],[-70.194,-30.492],[-70.182,-30.514],[-70.24,-30.616],[-70.252,-30.652]]]}},{"type":"Feature","properties":{"codigo_region":"05","codigo_comuna":"05101","nombre_comuna":"Valparaíso","nombre_comuna_clean":"valparaiso","nombre_region":"Región de Valparaíso"},"geometry":{"type":"Polygon","coordinates":[[[-71.504,-33.094],[-71.48,-33.116],[-71.49,-33.128],[-71.47,-33.154],[-71.384,-33.186],[-71.41,-33.212],[-71.47,-33.2],[-71.536,-33.214],[-71.55,-33.192],[-71.582,-33.19],[-71.622,-33.158],[-71.706,-33.154],[-71.746,-33.1],[-71.73,-33.088],[-71.668,-33.098],[-71.656,-33.028],[-71.638,-33.018],[-71.622,-33.042],[-71.588,-33.028],[-71.558,-33.05],[-71.544,-33.1],[-71.504,-33.094]]]}},{"type":"Feature","properties":{"codigo_region":"05","codigo_comuna":"05102","nombre_comuna":"Casablanca","nombre_comuna_clean":"casablanca","nombre_region":"Región de Valparaíso"},"geometry":{"type":"Polygon","coordinates":[[[-71.622,-33.158],[-71.582,-33.19],[-71.55,-33.192],[-71.536,-33.214],[-71.47,-33.2],[-71.41,-33.212],[-71.368,-33.176],[-71.346,-33.204],[-71.306,-33.204],[-71.23,-33.242],[-71.196,-33.312],[-71.222,-33.374],[-71.266,-33.388],[-71.282,-33.41],[-71.344,-33.416],[-71.336,-33.456],[-71.392,-33.456],[-71.438,-33.49],[-71.534,-33.458],[-71.594,-33.462],[-71.616,-33.442],[-71.59,-33.432],[-71.586,-33.388],[-71.548,-33.396],[-71.524,-33.32],[-71.54,-33.288],[-71.528,-33.268],[-71.552,-33.256],[-71.58,-33.268],[-71.596,-33.252],[-71.672,-33.278],[-71.696,-33.25],[-71.682,-33.222],[-71.708,-33.2],[-71.684,-33.182],[-71.696,-33.156],[-71.622,-33.158]]]}},{"type":"Feature","properties":{"codigo_region":"05","codigo_comuna":"05103","nombre_comuna":"Concón","nombre_comuna_clean":"concon","nombre_region":"Región de Valparaíso"},"geometry":{"type":"Polygon","coordinates":[[[-71.552,-32.928],[-71.524,-32.918],[-71.464,-32.918],[-71.42,-32.942],[-71.41,-32.934],[-71.386,-32.964],[-71.394,-32.974],[-71.424,-32.976],[-71.442,-33.002],[-71.552,-32.944],[-71.552,-32.928]]]}},{"type":"Feature","properties":{"codigo_region":"05","codigo_comuna":"05104","nombre_comuna":"Juan Fernández","nombre_comuna_clean":"juan fernandez","nombre_region":"Región de Valparaíso"},"geometry":{"type":"MultiPolygon","coordinates":[[[[-80.756,-33.784],[-80.776,-33.816],[-80.818,-33.796],[-80.838,-33.752],[-80.812,-33.728],[-80.772,-33.728],[-80.756,-33.784]]],[[[-78.882,-33.636],[-78.89,-33.614],[-78.872,-33.606],[-78.828,-33.642],[-78.79,-33.64],[-78.77,-33.672],[-78.86,-33.668],[-78.866,-33.644],[-78.946,-33.68],[-78.882,-33.636]]],[[[-79.872,-26.342],[-79.906,-26.35],[-79.904,-26.338],[-79.872,-26.342]]],[[[-78.942,-33.698],[-78.924,-33.716],[-78.948,-33.712],[-78.942,-33.698]]],[[[-80.086,-26.3],[-80.114,-26.296],[-80.102,-26.286],[-80.086,-26.3]]]]}},{"type":"Feature","properties":{"codigo_region":"05","codigo_comuna":"05105","nombre_comuna":"Puchuncaví","nombre_comuna_clean":"puchuncavi","nombre_region":"Región de Valparaíso"},"geometry":{"type":"Polygon","coordinates":[[[-71.38,-32.65],[-71.37,-32.678],[-71.324,-32.674],[-71.278,-32.698],[-71.314,-32.734],[-71.294,-32.784],[-71.33,-32.836],[-71.372,-32.862],[-71.422,-32.842],[-71.416,-32.784],[-71.452,-32.782],[-71.464,-32.8],[-71.488,-32.784],[-71.472,-32.766],[-71.496,-32.762],[-71.486,-32.746],[-71.51,-32.712],[-71.47,-32.71],[-71.416,-32.626],[-71.38,-32.65]]]}},{"type":"Feature","properties":{"codigo_region":"05","codigo_comuna":"05107","nombre_comuna":"Quintero","nombre_comuna_clean":"quintero","nombre_region":"Región de Valparaíso"},"geometry":{"type":"Polygon","coordinates":[[[-71.508,-32.914],[-71.52,-32.834],[-71.548,-32.808],[-71.538,-32.766],[-71.516,-32.784],[-71.476,-32.762],[-71.488,-32.784],[-71.464,-32.8],[-71.452,-32.782],[-71.416,-32.784],[-71.422,-32.842],[-71.388,-32.858],[-71.452,-32.892],[-71.444,-32.922],[-71.508,-32.914]]]}},{"type":"Feature","properties":{"codigo_region":"05","codigo_comuna":"05109","nombre_comuna":"Viña del Mar","nombre_comuna_clean":"vina del mar","nombre_region":"Región de Valparaíso"},"geometry":{"type":"Polygon","coordinates":[[[-71.558,-33.05],[-71.588,-33.028],[-71.552,-33.008],[-71.552,-32.944],[-71.442,-33.002],[-71.486,-33.036],[-71.49,-33.054],[-71.47,-33.066],[-71.492,-33.104],[-71.544,-33.1],[-71.558,-33.05]]]}},{"type":"Feature","properties":{"codigo_region":"05","codigo_comuna":"05201","nombre_comuna":"Isla de Pascua","nombre_comuna_clean":"isla de pascua","nombre_region":"Región de Valparaíso"},"geometry":{"type":"Polygon","coordinates":[[[-109.346,-27.06],[-109.228,-27.106],[-109.236,-27.122],[-109.318,-27.138],[-109.35,-27.164],[-109.396,-27.168],[-109.43,-27.196],[-109.45,-27.178],[-109.398,-27.068],[-109.346,-27.06]]]}},{"type":"Feature","properties":{"codigo_region":"05","codigo_comuna":"05301","nombre_comuna":"Los Andes","nombre_comuna_clean":"los andes","nombre_region":"Región de Valparaíso"},"geometry":{"type":"Polygon","coordinates":[[[-70.634,-32.8],[-70.584,-32.834],[-70.556,-32.826],[-70.498,-32.858],[-70.41,-32.866],[-70.362,-32.91],[-70.276,-32.828],[-70.252,-32.834],[-70.236,-32.802],[-70.174,-32.772],[-70.146,-32.726],[-70.108,-32.8],[-70.056,-32.832],[-70.052,-32.862],[-69.988,-32.902],[-70.008,-32.93],[-70.002,-32.946],[-70.028,-32.97],[-70.03,-33.02],[-70.082,-33.028],[-70.132,-33.09],[-70.158,-33.1],[-70.156,-33.114],[-70.2,-33.112],[-70.236,-33.14],[-70.226,-33.15],[-70.244,-33.188],[-70.266,-33.182],[-70.272,-33.132],[-70.338,-33.096],[-70.366,-33.108],[-70.386,-33.094],[-70.406,-33.066],[-70.4,-33.034],[-70.42,-33.026],[-70.408,-33.0],[-70.462,-32.96],[-70.508,-32.882],[-70.584,-32.844],[-70.582,-32.86],[-70.604,-32.858],[-70.656,-32.818],[-70.634,-32.8]]]}},{"type":"Feature","properties":{"codigo_region":"05","codigo_comuna":"05302","nombre_comuna":"Calle Larga","nombre_comuna_clean":"calle larga","nombre_region":"Región de Valparaíso"},"geometry":{"type":"Polygon","coordinates":[[[-70.616,-32.842],[-70.61,-32.844],[-70.606,-32.846],[-70.604,-32.858],[-70.582,-32.86],[-70.584,-32.844],[-70.508,-32.882],[-70.462,-32.96],[-70.408,-33.0],[-70.416,-33.02],[-70.434,-33.022],[-70.482,-33.082],[-70.51,-33.088],[-70.596,-32.946],[-70.66,-32.954],[-70.65,-32.922],[-70.678,-32.906],[-70.658,-32.826],[-70.632,-32.836],[-70.624,-32.838],[-70.62,-32.84],[-70.616,-32.842]]]}},{"type":"Feature","properties":{"codigo_region":"05","codigo_comuna":"05303","nombre_comuna":"Rinconada","nombre_comuna_clean":"rinconada","nombre_region":"Región de Valparaíso"},"geometry":{"type":"Polygon","coordinates":[[[-70.678,-32.906],[-70.65,-32.922],[-70.66,-32.954],[-70.708,-32.96],[-70.768,-32.826],[-70.712,-32.786],[-70.712,-32.816],[-70.66,-32.826],[-70.678,-32.906]]]}},{"type":"Feature","properties":{"codigo_region":"05","codigo_comuna":"05304","nombre_comuna":"San Esteban","nombre_comuna_clean":"san esteban","nombre_region":"Región de Valparaíso"},"geometry":{"type":"Polygon","coordinates":[[[-70.146,-32.726],[-70.172,-32.77],[-70.236,-32.802],[-70.252,-32.834],[-70.276,-32.828],[-70.362,-32.91],[-70.41,-32.866],[-70.498,-32.858],[-70.556,-32.826],[-70.584,-32.836],[-70.608,-32.814],[-70.614,-32.726],[-70.572,-32.698],[-70.566,-32.634],[-70.488,-32.594],[-70.44,-32.602],[-70.412,-32.584],[-70.388,-32.606],[-70.356,-32.584],[-70.312,-32.488],[-70.256,-32.474],[-70.228,-32.43],[-70.15,-32.464],[-70.136,-32.488],[-70.126,-32.576],[-70.15,-32.58],[-70.172,-32.622],[-70.148,-32.654],[-70.146,-32.726]]]}},{"type":"Feature","properties":{"codigo_region":"05","codigo_comuna":"05401","nombre_comuna":"La Ligua","nombre_comuna_clean":"la ligua","nombre_region":"Región de Valparaíso"},"geometry":{"type":"Polygon","coordinates":[[[-71.284,-32.442],[-71.326,-32.404],[-71.342,-32.414],[-71.408,-32.404],[-71.428,-32.364],[-71.47,-32.346],[-71.472,-32.274],[-71.498,-32.24],[-71.526,-32.24],[-71.542,-32.178],[-71.504,-32.18],[-71.478,-32.156],[-71.424,-32.186],[-71.338,-32.204],[-71.256,-32.172],[-71.222,-32.128],[-71.204,-32.134],[-71.162,-32.226],[-71.172,-32.262],[-71.158,-32.3],[-71.104,-32.352],[-71.112,-32.404],[-71.094,-32.42],[-71.134,-32.438],[-71.14,-32.492],[-71.124,-32.518],[-71.046,-32.552],[-71.048,-32.572],[-71.088,-32.622],[-71.14,-32.612],[-71.16,-32.59],[-71.2,-32.604],[-71.23,-32.556],[-71.292,-32.512],[-71.322,-32.446],[-71.284,-32.442]]]}},{"type":"Feature","properties":{"codigo_region":"05","codigo_comuna":"05402","nombre_comuna":"Cabildo","nombre_comuna_clean":"cabildo","nombre_region":"Región de Valparaíso"},"geometry":{"type":"Polygon","coordinates":[[[-70.438,-32.27],[-70.412,-32.288],[-70.434,-32.336],[-70.468,-32.336],[-70.478,-32.356],[-70.526,-32.352],[-70.55,-32.372],[-70.612,-32.368],[-70.618,-32.424],[-70.656,-32.466],[-70.696,-32.444],[-70.716,-32.452],[-70.778,-32.43],[-70.776,-32.444],[-70.802,-32.444],[-70.842,-32.5],[-70.832,-32.528],[-70.784,-32.546],[-70.784,-32.57],[-70.812,-32.586],[-70.796,-32.606],[-70.82,-32.63],[-70.892,-32.608],[-70.95,-32.63],[-70.988,-32.632],[-71.02,-32.614],[-71.046,-32.634],[-71.064,-32.596],[-71.046,-32.552],[-71.124,-32.518],[-71.14,-32.492],[-71.134,-32.438],[-71.094,-32.42],[-71.112,-32.404],[-71.106,-32.368],[-71.056,-32.386],[-71.008,-32.328],[-70.982,-32.32],[-70.916,-32.342],[-70.894,-32.312],[-70.842,-32.296],[-70.83,-32.268],[-70.768,-32.286],[-70.584,-32.25],[-70.524,-32.258],[-70.462,-32.214],[-70.434,-32.228],[-70.438,-32.27]]]}},{"type":"Feature","properties":{"codigo_region":"05","codigo_comuna":"05403","nombre_comuna":"Papudo","nombre_comuna_clean":"papudo","nombre_region":"Región de Valparaíso"},"geometry":{"type":"Polygon","coordinates":[[[-71.3,-32.498],[-71.364,-32.52],[-71.386,-32.552],[-71.454,-32.536],[-71.462,-32.5],[-71.434,-32.494],[-71.424,-32.41],[-71.37,-32.402],[-71.342,-32.414],[-71.326,-32.404],[-71.284,-32.442],[-71.32,-32.442],[-71.3,-32.498]]]}},{"type":"Feature","properties":{"codigo_region":"05","codigo_comuna":"05404","nombre_comuna":"Petorca","nombre_comuna_clean":"petorca","nombre_region":"Región de Valparaíso"},"geometry":{"type":"Polygon","coordinates":[[[-70.7,-32.034],[-70.692,-32.064],[-70.658,-32.054],[-70.644,-32.078],[-70.654,-32.134],[-70.546,-32.176],[-70.532,-32.148],[-70.504,-32.156],[-70.504,-32.172],[-70.456,-32.172],[-70.446,-32.188],[-70.456,-32.212],[-70.524,-32.258],[-70.584,-32.25],[-70.768,-32.286],[-70.83,-32.268],[-70.842,-32.296],[-70.894,-32.312],[-70.912,-32.34],[-70.982,-32.32],[-71.008,-32.328],[-71.056,-32.386],[-71.104,-32.366],[-71.134,-32.312],[-71.158,-32.3],[-71.172,-32.262],[-71.162,-32.226],[-71.182,-32.172],[-71.032,-32.074],[-71.042,-32.032],[-70.952,-32.048],[-70.93,-32.08],[-70.914,-32.064],[-70.73,-32.026],[-70.7,-32.034]]]}},{"type":"Feature","properties":{"codigo_region":"05","codigo_comuna":"05405","nombre_comuna":"Zapallar","nombre_comuna_clean":"zapallar","nombre_region":"Región de Valparaíso"},"geometry":{"type":"Polygon","coordinates":[[[-71.454,-32.536],[-71.434,-32.548],[-71.386,-32.552],[-71.364,-32.52],[-71.3,-32.498],[-71.23,-32.556],[-71.202,-32.604],[-71.236,-32.606],[-71.31,-32.672],[-71.37,-32.678],[-71.38,-32.65],[-71.43,-32.632],[-71.472,-32.552],[-71.46,-32.55],[-71.464,-32.498],[-71.454,-32.536]]]}},{"type":"Feature","properties":{"codigo_region":"05","codigo_comuna":"05501","nombre_comuna":"Quillota","nombre_comuna_clean":"quillota","nombre_region":"Región de Valparaíso"},"geometry":{"type":"Polygon","coordinates":[[[-71.444,-32.922],[-71.452,-32.892],[-71.3,-32.83],[-71.186,-32.87],[-71.146,-32.868],[-71.152,-32.93],[-71.12,-32.954],[-71.154,-32.974],[-71.246,-32.974],[-71.398,-32.92],[-71.444,-32.922]]]}},{"type":"Feature","properties":{"codigo_region":"05","codigo_comuna":"05502","nombre_comuna":"Calera","nombre_comuna_clean":"calera","nombre_region":"Región de Valparaíso"},"geometry":{"type":"Polygon","coordinates":[[[-71.18,-32.792],[-71.128,-32.846],[-71.146,-32.868],[-71.23,-32.79],[-71.194,-32.764],[-71.136,-32.77],[-71.11,-32.75],[-71.086,-32.754],[-71.11,-32.798],[-71.162,-32.778],[-71.18,-32.792]]]}},{"type":"Feature","properties":{"codigo_region":"05","codigo_comuna":"05503","nombre_comuna":"Hijuelas","nombre_comuna_clean":"hijuelas","nombre_region":"Región de Valparaíso"},"geometry":{"type":"Polygon","coordinates":[[[-71.088,-32.754],[-71.06,-32.736],[-71.018,-32.784],[-71.002,-32.828],[-71.04,-32.834],[-71.038,-32.882],[-71.03,-32.926],[-71.006,-32.952],[-71.028,-32.988],[-71.1,-32.976],[-71.152,-32.93],[-71.146,-32.862],[-71.128,-32.846],[-71.18,-32.792],[-71.162,-32.778],[-71.11,-32.798],[-71.088,-32.754]]]}},{"type":"Feature","properties":{"codigo_region":"05","codigo_comuna":"05504","nombre_comuna":"La Cruz","nombre_comuna_clean":"la cruz","nombre_region":"Región de Valparaíso"},"geometry":{"type":"Polygon","coordinates":[[[-71.242,-32.812],[-71.23,-32.79],[-71.212,-32.8],[-71.146,-32.868],[-71.328,-32.832],[-71.304,-32.788],[-71.272,-32.78],[-71.242,-32.812]]]}},{"type":"Feature","properties":{"codigo_region":"05","codigo_comuna":"05506","nombre_comuna":"Nogales","nombre_comuna_clean":"nogales","nombre_region":"Región de Valparaíso"},"geometry":{"type":"Polygon","coordinates":[[[-71.198,-32.764],[-71.242,-32.812],[-71.266,-32.784],[-71.294,-32.782],[-71.314,-32.734],[-71.278,-32.698],[-71.318,-32.676],[-71.232,-32.604],[-71.16,-32.59],[-71.14,-32.612],[-71.088,-32.622],[-71.068,-32.594],[-71.034,-32.672],[-71.044,-32.73],[-71.124,-32.76],[-71.198,-32.764]]]}},{"type":"Feature","properties":{"codigo_region":"05","codigo_comuna":"05601","nombre_comuna":"San Antonio","nombre_comuna_clean":"san antonio","nombre_region":"Región de Valparaíso"},"geometry":{"type":"Polygon","coordinates":[[[-71.41,-33.61],[-71.364,-33.58],[-71.33,-33.58],[-71.34,-33.61],[-71.382,-33.624],[-71.4,-33.662],[-71.426,-33.66],[-71.438,-33.68],[-71.392,-33.738],[-71.36,-33.746],[-71.362,-33.76],[-71.428,-33.79],[-71.496,-33.77],[-71.524,-33.776],[-71.536,-33.748],[-71.56,-33.738],[-71.556,-33.708],[-71.586,-33.648],[-71.63,-33.616],[-71.614,-33.586],[-71.628,-33.552],[-71.476,-33.578],[-71.41,-33.61]]]}},{"type":"Feature","properties":{"codigo_region":"05","codigo_comuna":"05602","nombre_comuna":"Algarrobo","nombre_comuna_clean":"algarrobo","nombre_region":"Región de Valparaíso"},"geometry":{"type":"Polygon","coordinates":[[[-71.58,-33.268],[-71.552,-33.256],[-71.528,-33.268],[-71.54,-33.288],[-71.524,-33.32],[-71.548,-33.396],[-71.652,-33.402],[-71.696,-33.37],[-71.654,-33.35],[-71.664,-33.28],[-71.59,-33.254],[-71.58,-33.268]]]}},{"type":"Feature","properties":{"codigo_region":"05","codigo_comuna":"05603","nombre_comuna":"Cartagena","nombre_comuna_clean":"cartagena","nombre_region":"Región de Valparaíso"},"geometry":{"type":"Polygon","coordinates":[[[-71.352,-33.528],[-71.346,-33.532],[-71.342,-33.53],[-71.332,-33.536],[-71.33,-33.582],[-71.364,-33.58],[-71.41,-33.61],[-71.476,-33.578],[-71.628,-33.552],[-71.606,-33.55],[-71.604,-33.518],[-71.578,-33.532],[-71.55,-33.516],[-71.518,-33.52],[-71.478,-33.476],[-71.438,-33.49],[-71.392,-33.456],[-71.346,-33.452],[-71.352,-33.528]]]}},{"type":"Feature","properties":{"codigo_region":"05","codigo_comuna":"05604","nombre_comuna":"El Quisco","nombre_comuna_clean":"el quisco","nombre_region":"Región de Valparaíso"},"geometry":{"type":"Polygon","coordinates":[[[-71.69,-33.372],[-71.652,-33.402],[-71.59,-33.4],[-71.59,-33.432],[-71.682,-33.446],[-71.71,-33.426],[-71.69,-33.372]]]}},{"type":"Feature","properties":{"codigo_region":"05","codigo_comuna":"05605","nombre_comuna":"El Tabo","nombre_comuna_clean":"el tabo","nombre_region":"Región de Valparaíso"},"geometry":{"type":"Polygon","coordinates":[[[-71.676,-33.442],[-71.628,-33.43],[-71.594,-33.462],[-71.478,-33.476],[-71.51,-33.516],[-71.55,-33.516],[-71.578,-33.532],[-71.636,-33.502],[-71.676,-33.442]]]}},{"type":"Feature","properties":{"codigo_region":"05","codigo_comuna":"05606","nombre_comuna":"Santo Domingo","nombre_comuna_clean":"santo domingo","nombre_region":"Región de Valparaíso"},"geometry":{"type":"Polygon","coordinates":[[[-71.582,-33.868],[-71.72,-33.956],[-71.756,-33.938],[-71.75,-33.92],[-71.772,-33.936],[-71.81,-33.908],[-71.842,-33.92],[-71.794,-33.774],[-71.742,-33.762],[-71.67,-33.72],[-71.642,-33.674],[-71.63,-33.616],[-71.586,-33.648],[-71.556,-33.708],[-71.56,-33.738],[-71.536,-33.748],[-71.556,-33.782],[-71.556,-33.874],[-71.582,-33.868]]]}},{"type":"Feature","properties":{"codigo_region":"05","codigo_comuna":"05701","nombre_comuna":"San Felipe","nombre_comuna_clean":"san felipe","nombre_region":"Región de Valparaíso"},"geometry":{"type":"Polygon","coordinates":[[[-70.712,-32.816],[-70.712,-32.786],[-70.762,-32.802],[-70.766,-32.774],[-70.736,-32.758],[-70.766,-32.734],[-70.852,-32.772],[-70.87,-32.732],[-70.826,-32.648],[-70.738,-32.696],[-70.744,-32.716],[-70.664,-32.688],[-70.684,-32.776],[-70.634,-32.8],[-70.66,-32.826],[-70.712,-32.816]]]}},{"type":"Feature","properties":{"codigo_region":"05","codigo_comuna":"05702","nombre_comuna":"Catemu","nombre_comuna_clean":"catemu","nombre_region":"Región de Valparaíso"},"geometry":{"type":"Polygon","coordinates":[[[-70.82,-32.63],[-70.87,-32.732],[-70.852,-32.772],[-70.894,-32.796],[-70.948,-32.802],[-70.948,-32.824],[-70.972,-32.814],[-70.966,-32.798],[-70.98,-32.802],[-71.002,-32.828],[-71.054,-32.74],[-71.034,-32.672],[-71.054,-32.638],[-71.02,-32.614],[-70.98,-32.632],[-70.892,-32.608],[-70.82,-32.63]]]}},{"type":"Feature","properties":{"codigo_region":"05","codigo_comuna":"05703","nombre_comuna":"Llaillay","nombre_comuna_clean":"llaillay","nombre_region":"Región de Valparaíso"},"geometry":{"type":"Polygon","coordinates":[[[-70.972,-32.814],[-70.914,-32.834],[-70.766,-32.826],[-70.728,-32.924],[-70.772,-32.936],[-70.842,-32.922],[-70.906,-32.936],[-70.94,-32.972],[-71.014,-32.976],[-71.006,-32.952],[-71.03,-32.924],[-71.04,-32.836],[-71.014,-32.84],[-70.966,-32.798],[-70.972,-32.814]]]}},{"type":"Feature","properties":{"codigo_region":"05","codigo_comuna":"05704","nombre_comuna":"Panquehue","nombre_comuna_clean":"panquehue","nombre_region":"Región de Valparaíso"},"geometry":{"type":"Polygon","coordinates":[[[-70.766,-32.774],[-70.752,-32.808],[-70.776,-32.83],[-70.948,-32.824],[-70.948,-32.802],[-70.876,-32.788],[-70.778,-32.732],[-70.742,-32.754],[-70.766,-32.774]]]}},{"type":"Feature","properties":{"codigo_region":"05","codigo_comuna":"05705","nombre_comuna":"Putaendo","nombre_comuna_clean":"putaendo","nombre_region":"Región de Valparaíso"},"geometry":{"type":"Polygon","coordinates":[[[-70.796,-32.606],[-70.812,-32.584],[-70.784,-32.57],[-70.784,-32.546],[-70.832,-32.528],[-70.842,-32.5],[-70.802,-32.444],[-70.774,-32.442],[-70.778,-32.43],[-70.716,-32.452],[-70.696,-32.444],[-70.66,-32.466],[-70.638,-32.46],[-70.612,-32.368],[-70.476,-32.356],[-70.468,-32.336],[-70.434,-32.336],[-70.416,-32.282],[-70.36,-32.254],[-70.262,-32.292],[-70.22,-32.33],[-70.228,-32.364],[-70.218,-32.382],[-70.238,-32.404],[-70.234,-32.456],[-70.258,-32.474],[-70.3,-32.478],[-70.356,-32.584],[-70.388,-32.606],[-70.412,-32.584],[-70.44,-32.602],[-70.514,-32.602],[-70.55,-32.57],[-70.576,-32.57],[-70.586,-32.594],[-70.622,-32.61],[-70.642,-32.672],[-70.744,-32.716],[-70.738,-32.696],[-70.764,-32.692],[-70.776,-32.666],[-70.822,-32.646],[-70.796,-32.606]]]}},{"type":"Feature","properties":{"codigo_region":"05","codigo_comuna":"05706","nombre_comuna":"Santa María","nombre_comuna_clean":"santa maria","nombre_region":"Región de Valparaíso"},"geometry":{"type":"Polygon","coordinates":[[[-70.566,-32.634],[-70.572,-32.698],[-70.614,-32.726],[-70.608,-32.814],[-70.684,-32.776],[-70.684,-32.748],[-70.66,-32.678],[-70.62,-32.634],[-70.622,-32.61],[-70.586,-32.594],[-70.576,-32.57],[-70.514,-32.606],[-70.566,-32.634]]]}},{"type":"Feature","properties":{"codigo_region":"05","codigo_comuna":"05801","nombre_comuna":"Quilpué","nombre_comuna_clean":"quilpue","nombre_region":"Región de Valparaíso"},"geometry":{"type":"Polygon","coordinates":[[[-71.4,-33.014],[-71.402,-33.068],[-71.358,-33.098],[-71.306,-33.12],[-71.268,-33.116],[-71.198,-33.162],[-71.18,-33.142],[-71.134,-33.138],[-71.136,-33.122],[-71.03,-33.084],[-71.016,-33.096],[-71.014,-33.15],[-70.992,-33.176],[-70.996,-33.198],[-71.026,-33.202],[-71.024,-33.22],[-71.056,-33.204],[-71.072,-33.23],[-71.19,-33.226],[-71.226,-33.246],[-71.306,-33.204],[-71.346,-33.204],[-71.368,-33.176],[-71.384,-33.184],[-71.468,-33.154],[-71.494,-33.1],[-71.47,-33.066],[-71.49,-33.054],[-71.486,-33.036],[-71.43,-33.002],[-71.4,-33.014]]]}},{"type":"Feature","properties":{"codigo_region":"05","codigo_comuna":"05802","nombre_comuna":"Limache","nombre_comuna_clean":"limache","nombre_region":"Región de Valparaíso"},"geometry":{"type":"Polygon","coordinates":[[[-71.34,-33.044],[-71.384,-33.014],[-71.424,-33.008],[-71.434,-32.994],[-71.426,-32.976],[-71.386,-32.964],[-71.41,-32.934],[-71.42,-32.942],[-71.444,-32.922],[-71.374,-32.918],[-71.332,-32.952],[-71.218,-32.974],[-71.222,-33.0],[-71.2,-33.006],[-71.212,-33.018],[-71.14,-33.108],[-71.134,-33.138],[-71.18,-33.142],[-71.196,-33.162],[-71.216,-33.14],[-71.236,-33.144],[-71.268,-33.118],[-71.256,-33.1],[-71.29,-33.058],[-71.286,-33.02],[-71.31,-33.018],[-71.34,-33.044]]]}},{"type":"Feature","properties":{"codigo_region":"05","codigo_comuna":"05803","nombre_comuna":"Olmué","nombre_comuna_clean":"olmue","nombre_region":"Región de Valparaíso"},"geometry":{"type":"Polygon","coordinates":[[[-71.1,-32.976],[-71.028,-32.99],[-71.0,-33.05],[-71.038,-33.096],[-71.136,-33.122],[-71.212,-33.018],[-71.2,-33.006],[-71.222,-33.0],[-71.218,-32.974],[-71.154,-32.974],[-71.118,-32.956],[-71.1,-32.976]]]}},{"type":"Feature","properties":{"codigo_region":"05","codigo_comuna":"05804","nombre_comuna":"Villa Alemana","nombre_comuna_clean":"villa alemana","nombre_region":"Región de Valparaíso"},"geometry":{"type":"Polygon","coordinates":[[[-71.27,-33.118],[-71.306,-33.12],[-71.402,-33.068],[-71.4,-33.014],[-71.328,-33.044],[-71.296,-33.012],[-71.256,-33.1],[-71.27,-33.118]]]}},{"type":"Feature","properties":{"codigo_region":"06","codigo_comuna":"06101","nombre_comuna":"Rancagua","nombre_comuna_clean":"rancagua","nombre_region":"Región del Libertador Bernardo O'Higgins"},"geometry":{"type":"Polygon","coordinates":[]}},{"type":"Feature","properties":{"codigo_region":"06","codigo_comuna":"06102","nombre_comuna":"Codegua","nombre_comuna_clean":"codegua","nombre_region":"Región del Libertador Bernardo O'Higgins"},"geometry":{"type":"Polygon","coordinates":[[[-70.726,-34.05],[-70.718,-34.024],[-70.682,-34.012],[-70.638,-34.034],[-70.51,-34.042],[-70.488,-34.012],[-70.412,-34.014],[-70.378,-33.918],[-70.322,-34.0],[-70.38,-34.038],[-70.434,-34.036],[-70.468,-34.068],[-70.528,-34.074],[-70.588,-34.152],[-70.684,-34.146],[-70.67,-34.05],[-70.726,-34.05]]]}},{"type":"Feature","properties":{"codigo_region":"06","codigo_comuna":"06103","nombre_comuna":"Coinco","nombre_comuna_clean":"coinco","nombre_region":"Región del Libertador Bernardo O'Higgins"},"geometry":{"type":"Polygon","coordinates":[[[-70.878,-34.244],[-70.87,-34.268],[-70.906,-34.258],[-70.912,-34.282],[-70.944,-34.294],[-70.942,-34.31],[-70.984,-34.328],[-71.078,-34.334],[-71.088,-34.314],[-71.022,-34.29],[-70.914,-34.218],[-70.898,-34.218],[-70.9,-34.238],[-70.878,-34.244]]]}},{"type":"Feature","properties":{"codigo_region":"06","codigo_comuna":"06104","nombre_comuna":"Coltauco","nombre_comuna_clean":"coltauco","nombre_region":"Región del Libertador Bernardo O'Higgins"},"geometry":{"type":"Polygon","coordinates":[[[-71.122,-34.324],[-71.152,-34.37],[-71.136,-34.41],[-71.18,-34.34],[-71.182,-34.256],[-71.112,-34.248],[-71.072,-34.184],[-71.032,-34.164],[-70.966,-34.176],[-70.966,-34.216],[-71.022,-34.29],[-71.122,-34.324]]]}},{"type":"Feature","properties":{"codigo_region":"06","codigo_comuna":"06105","nombre_comuna":"Doñihue","nombre_comuna_clean":"donihue","nombre_region":"Región del Libertador Bernardo O'Higgins"},"geometry":{"type":"Polygon","coordinates":[[[-70.968,-34.172],[-70.93,-34.15],[-70.888,-34.158],[-70.842,-34.192],[-70.864,-34.214],[-70.908,-34.216],[-70.986,-34.26],[-70.964,-34.21],[-70.968,-34.172]]]}},{"type":"Feature","properties":{"codigo_region":"06","codigo_comuna":"06106","nombre_comuna":"Graneros","nombre_comuna_clean":"graneros","nombre_region":"Región del Libertador Bernardo O'Higgins"},"geometry":{"type":"Polygon","coordinates":[[[-70.716,-34.106],[-70.784,-34.114],[-70.818,-34.036],[-70.794,-33.996],[-70.718,-34.024],[-70.726,-34.05],[-70.67,-34.05],[-70.69,-34.138],[-70.716,-34.106]]]}},{"type":"Feature","properties":{"codigo_region":"06","codigo_comuna":"06107","nombre_comuna":"Las Cabras","nombre_comuna_clean":"las cabras","nombre_region":"Región del Libertador Bernardo O'Higgins"},"geometry":{"type":"Polygon","coordinates":[[[-71.516,-34.07],[-71.47,-34.016],[-71.414,-34.036],[-71.414,-34.058],[-71.39,-34.076],[-71.3,-34.03],[-71.27,-34.052],[-71.268,-34.084],[-71.184,-34.158],[-71.106,-34.166],[-71.072,-34.19],[-71.122,-34.252],[-71.264,-34.258],[-71.292,-34.282],[-71.306,-34.328],[-71.36,-34.278],[-71.436,-34.274],[-71.474,-34.218],[-71.484,-34.138],[-71.512,-34.13],[-71.538,-34.092],[-71.572,-34.084],[-71.576,-34.064],[-71.516,-34.07]]]}},{"type":"Feature","properties":{"codigo_region":"06","codigo_comuna":"06108","nombre_comuna":"Machalí","nombre_comuna_clean":"machali","nombre_region":"Región del Libertador Bernardo O'Higgins"},"geometry":{"type":"Polygon","coordinates":[[[-70.676,-34.162],[-70.684,-34.146],[-70.574,-34.146],[-70.528,-34.074],[-70.468,-34.068],[-70.436,-34.036],[-70.386,-34.04],[-70.328,-34.01],[-70.34,-34.054],[-70.262,-34.072],[-70.244,-34.034],[-70.186,-34.032],[-70.17,-34.046],[-70.164,-34.1],[-70.142,-34.12],[-70.162,-34.134],[-70.164,-34.16],[-70.112,-34.202],[-70.078,-34.198],[-70.05,-34.226],[-70.054,-34.28],[-70.022,-34.308],[-70.012,-34.41],[-70.082,-34.472],[-70.132,-34.488],[-70.144,-34.532],[-70.218,-34.612],[-70.216,-34.684],[-70.254,-34.704],[-70.336,-34.622],[-70.374,-34.622],[-70.42,-34.59],[-70.468,-34.59],[-70.47,-34.57],[-70.488,-34.566],[-70.484,-34.502],[-70.53,-34.486],[-70.462,-34.394],[-70.454,-34.36],[-70.504,-34.292],[-70.618,-34.264],[-70.722,-34.208],[-70.676,-34.162]]]}},{"type":"Feature","properties":{"codigo_region":"06","codigo_comuna":"06109","nombre_comuna":"Malloa","nombre_comuna_clean":"malloa","nombre_region":"Región del Libertador Bernardo O'Higgins"},"geometry":{"type":"Polygon","coordinates":[[[-71.01,-34.406],[-70.96,-34.388],[-70.958,-34.4],[-70.908,-34.396],[-70.906,-34.428],[-70.872,-34.43],[-70.752,-34.516],[-70.724,-34.518],[-70.708,-34.546],[-70.718,-34.568],[-70.728,-34.578],[-70.806,-34.552],[-70.904,-34.478],[-70.97,-34.514],[-70.962,-34.476],[-70.98,-34.434],[-71.05,-34.416],[-71.028,-34.39],[-71.01,-34.406]]]}},{"type":"Feature","properties":{"codigo_region":"06","codigo_comuna":"06110","nombre_comuna":"Mostazal","nombre_comuna_clean":"mostazal","nombre_region":"Región del Libertador Bernardo O'Higgins"},"geometry":{"type":"Polygon","coordinates":[[[-70.794,-33.996],[-70.824,-33.952],[-70.796,-33.932],[-70.758,-33.942],[-70.708,-33.906],[-70.654,-33.936],[-70.6,-33.894],[-70.518,-33.888],[-70.502,-33.862],[-70.44,-33.85],[-70.374,-33.884],[-70.368,-33.908],[-70.412,-34.014],[-70.488,-34.012],[-70.51,-34.042],[-70.638,-34.034],[-70.682,-34.012],[-70.742,-34.024],[-70.794,-33.996]]]}},{"type":"Feature","properties":{"codigo_region":"06","codigo_comuna":"06111","nombre_comuna":"Olivar","nombre_comuna_clean":"olivar","nombre_region":"Región del Libertador Bernardo O'Higgins"},"geometry":{"type":"Polygon","coordinates":[[[-70.898,-34.218],[-70.828,-34.188],[-70.76,-34.192],[-70.73,-34.212],[-70.9,-34.238],[-70.898,-34.218]]]}},{"type":"Feature","properties":{"codigo_region":"06","codigo_comuna":"06112","nombre_comuna":"Peumo","nombre_comuna_clean":"peumo","nombre_region":"Región del Libertador Bernardo O'Higgins"},"geometry":{"type":"Polygon","coordinates":[[[-71.18,-34.34],[-71.132,-34.412],[-71.148,-34.42],[-71.228,-34.396],[-71.264,-34.346],[-71.306,-34.328],[-71.292,-34.282],[-71.264,-34.258],[-71.188,-34.252],[-71.18,-34.34]]]}},{"type":"Feature","properties":{"codigo_region":"06","codigo_comuna":"06113","nombre_comuna":"Pichidegua","nombre_comuna_clean":"pichidegua","nombre_region":"Región del Libertador Bernardo O'Higgins"},"geometry":{"type":"Polygon","coordinates":[[[-71.442,-34.256],[-71.432,-34.276],[-71.36,-34.278],[-71.322,-34.322],[-71.264,-34.346],[-71.228,-34.396],[-71.184,-34.404],[-71.194,-34.442],[-71.228,-34.434],[-71.232,-34.466],[-71.256,-34.486],[-71.34,-34.436],[-71.402,-34.424],[-71.424,-34.36],[-71.46,-34.358],[-71.454,-34.302],[-71.472,-34.294],[-71.454,-34.286],[-71.466,-34.278],[-71.452,-34.248],[-71.442,-34.256]]]}},{"type":"Feature","properties":{"codigo_region":"06","codigo_comuna":"06114","nombre_comuna":"Quinta de Tilcoco","nombre_comuna_clean":"quinta de tilcoco","nombre_region":"Región del Libertador Bernardo O'Higgins"},"geometry":{"type":"Polygon","coordinates":[[[-70.976,-34.398],[-71.01,-34.406],[-71.028,-34.384],[-71.074,-34.374],[-71.06,-34.328],[-71.014,-34.338],[-70.956,-34.31],[-70.932,-34.374],[-70.976,-34.398]]]}},{"type":"Feature","properties":{"codigo_region":"06","codigo_comuna":"06115","nombre_comuna":"Rengo","nombre_comuna_clean":"rengo","nombre_region":"Región del Libertador Bernardo O'Higgins"},"geometry":{"type":"Polygon","coordinates":[[[-70.95,-34.314],[-70.934,-34.28],[-70.826,-34.312],[-70.834,-34.334],[-70.774,-34.352],[-70.764,-34.374],[-70.7,-34.404],[-70.668,-34.404],[-70.67,-34.462],[-70.634,-34.448],[-70.584,-34.452],[-70.56,-34.498],[-70.486,-34.496],[-70.49,-34.554],[-70.468,-34.59],[-70.484,-34.608],[-70.512,-34.596],[-70.522,-34.608],[-70.576,-34.578],[-70.646,-34.592],[-70.656,-34.55],[-70.704,-34.554],[-70.724,-34.518],[-70.762,-34.508],[-70.816,-34.456],[-70.906,-34.428],[-70.908,-34.396],[-70.958,-34.4],[-70.93,-34.348],[-70.95,-34.314]]]}},{"type":"Feature","properties":{"codigo_region":"06","codigo_comuna":"06116","nombre_comuna":"Requínoa","nombre_comuna_clean":"requinoa","nombre_region":"Región del Libertador Bernardo O'Higgins"},"geometry":{"type":"Polygon","coordinates":[[[-70.678,-34.22],[-70.618,-34.264],[-70.504,-34.292],[-70.46,-34.344],[-70.462,-34.394],[-70.53,-34.49],[-70.566,-34.494],[-70.584,-34.452],[-70.634,-34.448],[-70.67,-34.462],[-70.67,-34.404],[-70.7,-34.404],[-70.764,-34.374],[-70.774,-34.352],[-70.834,-34.334],[-70.826,-34.312],[-70.924,-34.284],[-70.906,-34.258],[-70.87,-34.268],[-70.874,-34.238],[-70.73,-34.212],[-70.678,-34.22]]]}},{"type":"Feature","properties":{"codigo_region":"06","codigo_comuna":"06117","nombre_comuna":"San Vicente","nombre_comuna_clean":"san vicente","nombre_region":"Región del Libertador Bernardo O'Higgins"},"geometry":{"type":"Polygon","coordinates":[[[-71.062,-34.344],[-71.074,-34.374],[-71.028,-34.384],[-71.05,-34.416],[-70.978,-34.438],[-70.962,-34.476],[-70.97,-34.514],[-71.008,-34.514],[-71.034,-34.546],[-71.106,-34.56],[-71.158,-34.592],[-71.262,-34.584],[-71.292,-34.554],[-71.258,-34.522],[-71.256,-34.486],[-71.232,-34.466],[-71.236,-34.44],[-71.198,-34.446],[-71.182,-34.412],[-71.132,-34.41],[-71.148,-34.36],[-71.114,-34.318],[-71.088,-34.312],[-71.062,-34.344]]]}},{"type":"Feature","properties":{"codigo_region":"06","codigo_comuna":"06201","nombre_comuna":"Pichilemu","nombre_comuna_clean":"pichilemu","nombre_region":"Región del Libertador Bernardo O'Higgins"},"geometry":{"type":"Polygon","coordinates":[[[-71.82,-34.446],[-71.808,-34.47],[-71.758,-34.488],[-71.756,-34.542],[-71.832,-34.536],[-71.856,-34.508],[-71.874,-34.512],[-71.864,-34.522],[-71.878,-34.536],[-71.902,-34.524],[-71.92,-34.576],[-71.984,-34.542],[-71.994,-34.552],[-72.052,-34.548],[-72.024,-34.486],[-72.05,-34.426],[-71.976,-34.348],[-71.982,-34.228],[-72.002,-34.172],[-71.958,-34.178],[-71.946,-34.162],[-71.812,-34.196],[-71.836,-34.24],[-71.878,-34.274],[-71.854,-34.298],[-71.856,-34.32],[-71.82,-34.308],[-71.798,-34.396],[-71.82,-34.446]]]}},{"type":"Feature","properties":{"codigo_region":"06","codigo_comuna":"06202","nombre_comuna":"La Estrella","nombre_comuna_clean":"la estrella","nombre_region":"Región del Libertador Bernardo O'Higgins"},"geometry":{"type":"Polygon","coordinates":[[[-71.664,-34.17],[-71.668,-34.134],[-71.574,-34.146],[-71.55,-34.092],[-71.538,-34.092],[-71.512,-34.13],[-71.484,-34.138],[-71.454,-34.286],[-71.468,-34.302],[-71.522,-34.302],[-71.524,-34.28],[-71.546,-34.274],[-71.574,-34.304],[-71.634,-34.28],[-71.666,-34.288],[-71.69,-34.322],[-71.74,-34.31],[-71.792,-34.24],[-71.734,-34.238],[-71.69,-34.172],[-71.664,-34.17]]]}},{"type":"Feature","properties":{"codigo_region":"06","codigo_comuna":"06203","nombre_comuna":"Litueche","nombre_comuna_clean":"litueche","nombre_region":"Región del Libertador Bernardo O'Higgins"},"geometry":{"type":"Polygon","coordinates":[[[-72.008,-34.132],[-71.986,-34.126],[-71.978,-34.094],[-71.944,-34.07],[-71.93,-34.088],[-71.882,-34.094],[-71.858,-34.112],[-71.826,-34.092],[-71.788,-34.096],[-71.738,-34.024],[-71.692,-33.996],[-71.704,-33.968],[-71.666,-33.976],[-71.666,-33.998],[-71.614,-34.004],[-71.588,-34.034],[-71.566,-33.984],[-71.544,-34.008],[-71.498,-34.0],[-71.462,-34.016],[-71.492,-34.03],[-71.488,-34.044],[-71.504,-34.044],[-71.516,-34.07],[-71.576,-34.064],[-71.548,-34.1],[-71.574,-34.146],[-71.668,-34.134],[-71.664,-34.17],[-71.686,-34.17],[-71.734,-34.24],[-71.792,-34.24],[-71.794,-34.214],[-71.842,-34.18],[-71.904,-34.182],[-71.946,-34.162],[-71.96,-34.178],[-72.0,-34.17],[-72.008,-34.132]]]}},{"type":"Feature","properties":{"codigo_region":"06","codigo_comuna":"06204","nombre_comuna":"Marchigüe","nombre_comuna_clean":"marchigue","nombre_region":"Región del Libertador Bernardo O'Higgins"},"geometry":{"type":"Polygon","coordinates":[[[-71.856,-34.32],[-71.854,-34.298],[-71.878,-34.274],[-71.812,-34.206],[-71.794,-34.214],[-71.76,-34.296],[-71.73,-34.314],[-71.69,-34.322],[-71.666,-34.288],[-71.634,-34.28],[-71.574,-34.304],[-71.546,-34.274],[-71.524,-34.28],[-71.522,-34.302],[-71.454,-34.302],[-71.458,-34.364],[-71.496,-34.384],[-71.494,-34.418],[-71.518,-34.432],[-71.578,-34.412],[-71.596,-34.49],[-71.636,-34.5],[-71.692,-34.486],[-71.744,-34.528],[-71.768,-34.474],[-71.816,-34.458],[-71.798,-34.394],[-71.82,-34.308],[-71.856,-34.32]]]}},{"type":"Feature","properties":{"codigo_region":"06","codigo_comuna":"06205","nombre_comuna":"Navidad","nombre_comuna_clean":"navidad","nombre_region":"Región del Libertador Bernardo O'Higgins"},"geometry":{"type":"Polygon","coordinates":[[[-71.84,-33.922],[-71.81,-33.908],[-71.782,-33.936],[-71.748,-33.92],[-71.756,-33.938],[-71.714,-33.948],[-71.692,-33.996],[-71.738,-34.024],[-71.788,-34.096],[-71.826,-34.092],[-71.858,-34.112],[-71.882,-34.094],[-71.93,-34.088],[-71.944,-34.07],[-71.942,-34.044],[-71.836,-33.904],[-71.84,-33.922]]]}},{"type":"Feature","properties":{"codigo_region":"06","codigo_comuna":"06206","nombre_comuna":"Paredones","nombre_comuna_clean":"paredones","nombre_region":"Región del Libertador Bernardo O'Higgins"},"geometry":{"type":"Polygon","coordinates":[[[-71.984,-34.542],[-71.92,-34.576],[-71.902,-34.524],[-71.878,-34.536],[-71.864,-34.522],[-71.874,-34.512],[-71.854,-34.508],[-71.82,-34.586],[-71.824,-34.628],[-71.792,-34.674],[-71.826,-34.674],[-71.822,-34.706],[-71.78,-34.764],[-71.796,-34.826],[-71.818,-34.84],[-71.914,-34.816],[-71.944,-34.788],[-71.954,-34.758],[-71.998,-34.74],[-72.006,-34.704],[-72.056,-34.688],[-72.042,-34.632],[-72.052,-34.548],[-71.984,-34.542]]]}},{"type":"Feature","properties":{"codigo_region":"06","codigo_comuna":"06301","nombre_comuna":"San Fernando","nombre_comuna_clean":"san fernando","nombre_region":"Región del Libertador Bernardo O'Higgins"},"geometry":{"type":"Polygon","coordinates":[[[-70.416,-34.984],[-70.478,-34.994],[-70.488,-34.976],[-70.526,-34.966],[-70.542,-34.934],[-70.586,-34.962],[-70.614,-34.96],[-70.622,-34.988],[-70.662,-34.966],[-70.686,-34.924],[-70.768,-34.86],[-70.814,-34.852],[-70.836,-34.78],[-70.888,-34.736],[-70.894,-34.698],[-70.878,-34.68],[-70.892,-34.656],[-71.046,-34.592],[-71.028,-34.54],[-71.008,-34.514],[-70.956,-34.518],[-70.904,-34.478],[-70.76,-34.572],[-70.74,-34.566],[-70.728,-34.578],[-70.708,-34.55],[-70.674,-34.546],[-70.646,-34.56],[-70.646,-34.592],[-70.576,-34.578],[-70.522,-34.608],[-70.436,-34.586],[-70.374,-34.622],[-70.336,-34.622],[-70.254,-34.704],[-70.258,-34.73],[-70.304,-34.746],[-70.31,-34.77],[-70.248,-34.798],[-70.28,-34.852],[-70.276,-34.876],[-70.332,-34.938],[-70.334,-34.99],[-70.36,-35.002],[-70.416,-34.984]]]}},{"type":"Feature","properties":{"codigo_region":"06","codigo_comuna":"06302","nombre_comuna":"Chépica","nombre_comuna_clean":"chepica","nombre_region":"Región del Libertador Bernardo O'Higgins"},"geometry":{"type":"Polygon","coordinates":[[[-71.386,-34.868],[-71.366,-34.912],[-71.398,-34.894],[-71.42,-34.904],[-71.438,-34.88],[-71.464,-34.9],[-71.546,-34.876],[-71.572,-34.836],[-71.556,-34.802],[-71.49,-34.774],[-71.478,-34.744],[-71.432,-34.756],[-71.412,-34.732],[-71.384,-34.746],[-71.35,-34.716],[-71.284,-34.698],[-71.272,-34.67],[-71.182,-34.718],[-71.178,-34.768],[-71.116,-34.768],[-71.152,-34.8],[-71.19,-34.804],[-71.212,-34.836],[-71.262,-34.824],[-71.278,-34.792],[-71.374,-34.834],[-71.386,-34.868]]]}},{"type":"Feature","properties":{"codigo_region":"06","codigo_comuna":"06303","nombre_comuna":"Chimbarongo","nombre_comuna_clean":"chimbarongo","nombre_region":"Región del Libertador Bernardo O'Higgins"},"geometry":{"type":"Polygon","coordinates":[[[-70.888,-34.736],[-70.836,-34.78],[-70.812,-34.854],[-70.82,-34.87],[-70.884,-34.85],[-70.958,-34.872],[-71.046,-34.792],[-71.07,-34.822],[-71.098,-34.828],[-71.134,-34.786],[-71.116,-34.766],[-71.18,-34.766],[-71.186,-34.754],[-71.154,-34.756],[-71.11,-34.714],[-71.112,-34.694],[-71.062,-34.678],[-71.016,-34.642],[-71.012,-34.61],[-70.882,-34.668],[-70.888,-34.736]]]}},{"type":"Feature","properties":{"codigo_region":"06","codigo_comuna":"06304","nombre_comuna":"Lolol","nombre_comuna_clean":"lolol","nombre_region":"Región del Libertador Bernardo O'Higgins"},"geometry":{"type":"Polygon","coordinates":[[[-71.668,-34.904],[-71.674,-34.922],[-71.71,-34.938],[-71.796,-34.826],[-71.78,-34.764],[-71.822,-34.706],[-71.826,-34.674],[-71.758,-34.696],[-71.702,-34.696],[-71.686,-34.672],[-71.604,-34.678],[-71.594,-34.654],[-71.552,-34.632],[-71.51,-34.632],[-71.484,-34.708],[-71.5,-34.73],[-71.478,-34.746],[-71.49,-34.774],[-71.556,-34.802],[-71.572,-34.832],[-71.548,-34.874],[-71.576,-34.868],[-71.606,-34.884],[-71.614,-34.866],[-71.658,-34.854],[-71.688,-34.898],[-71.668,-34.904]]]}},{"type":"Feature","properties":{"codigo_region":"06","codigo_comuna":"06305","nombre_comuna":"Nancagua","nombre_comuna_clean":"nancagua","nombre_region":"Región del Libertador Bernardo O'Higgins"},"geometry":{"type":"Polygon","coordinates":[[[-71.156,-34.596],[-71.14,-34.676],[-71.108,-34.71],[-71.156,-34.756],[-71.186,-34.754],[-71.174,-34.73],[-71.21,-34.7],[-71.318,-34.658],[-71.288,-34.628],[-71.238,-34.644],[-71.206,-34.62],[-71.216,-34.594],[-71.17,-34.586],[-71.156,-34.596]]]}},{"type":"Feature","properties":{"codigo_region":"06","codigo_comuna":"06306","nombre_comuna":"Palmilla","nombre_comuna_clean":"palmilla","nombre_region":"Región del Libertador Bernardo O'Higgins"},"geometry":{"type":"Polygon","coordinates":[[[-71.34,-34.436],[-71.258,-34.478],[-71.258,-34.522],[-71.292,-34.554],[-71.266,-34.58],[-71.32,-34.59],[-71.32,-34.604],[-71.362,-34.622],[-71.418,-34.594],[-71.416,-34.564],[-71.482,-34.534],[-71.462,-34.526],[-71.472,-34.514],[-71.416,-34.508],[-71.414,-34.486],[-71.374,-34.484],[-71.386,-34.434],[-71.34,-34.436]]]}},{"type":"Feature","properties":{"codigo_region":"06","codigo_comuna":"06307","nombre_comuna":"Peralillo","nombre_comuna_clean":"peralillo","nombre_region":"Región del Libertador Bernardo O'Higgins"},"geometry":{"type":"Polygon","coordinates":[[[-71.374,-34.484],[-71.414,-34.486],[-71.416,-34.508],[-71.472,-34.514],[-71.462,-34.526],[-71.504,-34.532],[-71.54,-34.568],[-71.594,-34.532],[-71.594,-34.518],[-71.624,-34.524],[-71.642,-34.512],[-71.588,-34.482],[-71.578,-34.412],[-71.518,-34.432],[-71.492,-34.416],[-71.49,-34.376],[-71.43,-34.36],[-71.374,-34.484]]]}},{"type":"Feature","properties":{"codigo_region":"06","codigo_comuna":"06308","nombre_comuna":"Placilla","nombre_comuna_clean":"placilla","nombre_region":"Región del Libertador Bernardo O'Higgins"},"geometry":{"type":"Polygon","coordinates":[[[-71.046,-34.59],[-71.008,-34.608],[-71.01,-34.638],[-71.11,-34.694],[-71.14,-34.676],[-71.154,-34.586],[-71.106,-34.56],[-71.032,-34.548],[-71.046,-34.59]]]}},{"type":"Feature","properties":{"codigo_region":"06","codigo_comuna":"06309","nombre_comuna":"Pumanque","nombre_comuna_clean":"pumanque","nombre_region":"Región del Libertador Bernardo O'Higgins"},"geometry":{"type":"Polygon","coordinates":[[[-71.638,-34.5],[-71.624,-34.524],[-71.594,-34.518],[-71.596,-34.53],[-71.562,-34.558],[-71.532,-34.562],[-71.544,-34.638],[-71.594,-34.654],[-71.604,-34.678],[-71.686,-34.672],[-71.702,-34.696],[-71.778,-34.692],[-71.824,-34.628],[-71.82,-34.586],[-71.86,-34.514],[-71.832,-34.536],[-71.77,-34.546],[-71.736,-34.526],[-71.736,-34.508],[-71.686,-34.49],[-71.638,-34.5]]]}},{"type":"Feature","properties":{"codigo_region":"06","codigo_comuna":"06310","nombre_comuna":"Santa Cruz","nombre_comuna_clean":"santa cruz","nombre_region":"Región del Libertador Bernardo O'Higgins"},"geometry":{"type":"Polygon","coordinates":[[[-71.32,-34.604],[-71.32,-34.59],[-71.242,-34.578],[-71.204,-34.62],[-71.244,-34.648],[-71.288,-34.628],[-71.318,-34.658],[-71.288,-34.66],[-71.272,-34.686],[-71.372,-34.726],[-71.384,-34.746],[-71.42,-34.732],[-71.432,-34.756],[-71.498,-34.732],[-71.484,-34.708],[-71.504,-34.672],[-71.498,-34.642],[-71.544,-34.634],[-71.548,-34.602],[-71.516,-34.54],[-71.49,-34.528],[-71.428,-34.558],[-71.416,-34.564],[-71.424,-34.586],[-71.362,-34.622],[-71.32,-34.604]]]}},{"type":"Feature","properties":{"codigo_region":"07","codigo_comuna":"07101","nombre_comuna":"Talca","nombre_comuna_clean":"talca","nombre_region":"Región del Maule"},"geometry":{"type":"Polygon","coordinates":[[[-71.622,-35.356],[-71.544,-35.36],[-71.566,-35.414],[-71.492,-35.424],[-71.498,-35.452],[-71.568,-35.53],[-71.634,-35.484],[-71.644,-35.456],[-71.722,-35.448],[-71.64,-35.314],[-71.622,-35.356]]]}},{"type":"Feature","properties":{"codigo_region":"07","codigo_comuna":"07102","nombre_comuna":"Constitución","nombre_comuna_clean":"constitucion","nombre_region":"Región del Maule"},"geometry":{"type":"Polygon","coordinates":[[[-72.372,-35.212],[-72.2,-35.104],[-72.202,-35.112],[-72.212,-35.122],[-72.198,-35.14],[-72.158,-35.136],[-72.136,-35.164],[-72.146,-35.204],[-72.126,-35.234],[-72.068,-35.25],[-72.044,-35.346],[-72.022,-35.338],[-71.996,-35.372],[-72.098,-35.382],[-72.096,-35.432],[-72.2,-35.594],[-72.228,-35.584],[-72.248,-35.512],[-72.296,-35.478],[-72.384,-35.486],[-72.444,-35.522],[-72.426,-35.544],[-72.454,-35.558],[-72.488,-35.548],[-72.526,-35.578],[-72.618,-35.566],[-72.488,-35.462],[-72.5,-35.39],[-72.408,-35.32],[-72.406,-35.266],[-72.372,-35.212]]]}},{"type":"Feature","properties":{"codigo_region":"07","codigo_comuna":"07103","nombre_comuna":"Curepto","nombre_comuna_clean":"curepto","nombre_region":"Región del Maule"},"geometry":{"type":"Polygon","coordinates":[[[-72.124,-35.036],[-72.094,-35.05],[-72.066,-35.038],[-72.0,-34.982],[-71.958,-35.01],[-71.816,-34.972],[-71.808,-34.99],[-71.766,-35.002],[-71.722,-35.084],[-71.684,-35.11],[-71.672,-35.156],[-71.694,-35.166],[-71.728,-35.146],[-71.77,-35.15],[-71.79,-35.19],[-71.844,-35.216],[-71.878,-35.214],[-71.872,-35.23],[-71.896,-35.258],[-71.952,-35.294],[-71.988,-35.292],[-72.014,-35.334],[-72.04,-35.346],[-72.068,-35.25],[-72.126,-35.234],[-72.146,-35.204],[-72.144,-35.15],[-72.158,-35.136],[-72.196,-35.14],[-72.212,-35.122],[-72.188,-35.066],[-72.186,-34.972],[-72.174,-35.036],[-72.15,-35.058],[-72.124,-35.036]]]}},{"type":"Feature","properties":{"codigo_region":"07","codigo_comuna":"07104","nombre_comuna":"Empedrado","nombre_comuna_clean":"empedrado","nombre_region":"Región del Maule"},"geometry":{"type":"Polygon","coordinates":[[[-72.424,-35.534],[-72.428,-35.536],[-72.444,-35.528],[-72.444,-35.522],[-72.384,-35.486],[-72.296,-35.478],[-72.248,-35.512],[-72.228,-35.584],[-72.2,-35.594],[-72.174,-35.58],[-72.188,-35.616],[-72.15,-35.634],[-72.138,-35.666],[-72.126,-35.646],[-72.092,-35.646],[-72.084,-35.672],[-72.032,-35.672],[-72.042,-35.696],[-72.062,-35.716],[-72.114,-35.718],[-72.14,-35.7],[-72.24,-35.736],[-72.272,-35.694],[-72.31,-35.694],[-72.324,-35.674],[-72.374,-35.694],[-72.458,-35.644],[-72.432,-35.606],[-72.442,-35.578],[-72.422,-35.534],[-72.424,-35.534]]]}},{"type":"Feature","properties":{"codigo_region":"07","codigo_comuna":"07105","nombre_comuna":"Maule","nombre_comuna_clean":"maule","nombre_region":"Región del Maule"},"geometry":{"type":"Polygon","coordinates":[[[-71.644,-35.456],[-71.634,-35.484],[-71.568,-35.53],[-71.588,-35.572],[-71.574,-35.586],[-71.69,-35.55],[-71.754,-35.574],[-71.788,-35.52],[-71.852,-35.498],[-71.884,-35.464],[-71.806,-35.454],[-71.746,-35.466],[-71.706,-35.446],[-71.644,-35.456]]]}},{"type":"Feature","properties":{"codigo_region":"07","codigo_comuna":"07106","nombre_comuna":"Pelarco","nombre_comuna_clean":"pelarco","nombre_region":"Región del Maule"},"geometry":{"type":"Polygon","coordinates":[[[-71.252,-35.326],[-71.188,-35.336],[-71.144,-35.374],[-71.156,-35.392],[-71.192,-35.372],[-71.252,-35.37],[-71.248,-35.43],[-71.272,-35.47],[-71.312,-35.454],[-71.318,-35.436],[-71.39,-35.444],[-71.566,-35.414],[-71.544,-35.36],[-71.434,-35.368],[-71.41,-35.33],[-71.27,-35.308],[-71.252,-35.326]]]}},{"type":"Feature","properties":{"codigo_region":"07","codigo_comuna":"07107","nombre_comuna":"Pencahue","nombre_comuna_clean":"pencahue","nombre_region":"Región del Maule"},"geometry":{"type":"Polygon","coordinates":[[[-71.67,-35.206],[-71.628,-35.228],[-71.578,-35.206],[-71.556,-35.226],[-71.574,-35.294],[-71.604,-35.288],[-71.652,-35.314],[-71.668,-35.378],[-71.74,-35.462],[-71.806,-35.454],[-71.966,-35.47],[-72.072,-35.418],[-72.106,-35.438],[-72.09,-35.374],[-72.03,-35.384],[-71.996,-35.372],[-72.022,-35.338],[-71.988,-35.292],[-71.936,-35.288],[-71.872,-35.23],[-71.878,-35.214],[-71.844,-35.216],[-71.79,-35.19],[-71.77,-35.15],[-71.678,-35.162],[-71.67,-35.206]]]}},{"type":"Feature","properties":{"codigo_region":"07","codigo_comuna":"07108","nombre_comuna":"Río Claro","nombre_comuna_clean":"rio claro","nombre_region":"Región del Maule"},"geometry":{"type":"Polygon","coordinates":[[[-71.462,-35.26],[-71.454,-35.248],[-71.432,-35.244],[-71.444,-35.214],[-71.408,-35.204],[-71.36,-35.142],[-71.308,-35.136],[-71.226,-35.184],[-71.118,-35.302],[-71.112,-35.372],[-71.056,-35.414],[-71.038,-35.452],[-71.072,-35.436],[-71.122,-35.38],[-71.152,-35.388],[-71.15,-35.364],[-71.188,-35.336],[-71.252,-35.326],[-71.28,-35.306],[-71.372,-35.324],[-71.39,-35.306],[-71.362,-35.266],[-71.462,-35.26]]]}},{"type":"Feature","properties":{"codigo_region":"07","codigo_comuna":"07109","nombre_comuna":"San Clemente","nombre_comuna_clean":"san clemente","nombre_region":"Región del Maule"},"geometry":{"type":"Polygon","coordinates":[[[-70.578,-36.116],[-70.624,-36.106],[-70.6,-36.058],[-70.62,-36.04],[-70.61,-36.024],[-70.58,-36.02],[-70.578,-36.004],[-70.652,-35.982],[-70.748,-35.982],[-70.782,-35.966],[-70.872,-35.992],[-70.89,-35.956],[-70.934,-35.942],[-70.98,-35.87],[-71.002,-35.864],[-70.998,-35.836],[-71.036,-35.808],[-71.034,-35.774],[-71.078,-35.706],[-71.198,-35.726],[-71.264,-35.676],[-71.336,-35.68],[-71.366,-35.628],[-71.404,-35.61],[-71.504,-35.608],[-71.576,-35.586],[-71.588,-35.572],[-71.558,-35.512],[-71.498,-35.452],[-71.492,-35.424],[-71.474,-35.42],[-71.39,-35.444],[-71.318,-35.436],[-71.312,-35.454],[-71.272,-35.47],[-71.248,-35.43],[-71.252,-35.37],[-71.192,-35.372],[-71.158,-35.392],[-71.122,-35.38],[-71.05,-35.456],[-70.934,-35.5],[-70.788,-35.504],[-70.75,-35.572],[-70.734,-35.544],[-70.62,-35.516],[-70.594,-35.478],[-70.562,-35.484],[-70.54,-35.466],[-70.494,-35.516],[-70.498,-35.566],[-70.472,-35.594],[-70.428,-35.6],[-70.424,-35.64],[-70.398,-35.664],[-70.404,-35.678],[-70.374,-35.7],[-70.358,-35.754],[-70.38,-35.766],[-70.38,-35.786],[-70.312,-35.814],[-70.37,-35.842],[-70.384,-35.868],[-70.422,-35.876],[-70.424,-35.916],[-70.366,-35.926],[-70.422,-35.972],[-70.374,-35.994],[-70.37,-36.038],[-70.412,-36.06],[-70.426,-36.098],[-70.414,-36.108],[-70.42,-36.156],[-70.492,-36.178],[-70.578,-36.116]]]}},{"type":"Feature","properties":{"codigo_region":"07","codigo_comuna":"07110","nombre_comuna":"San Rafael","nombre_comuna_clean":"san rafael","nombre_region":"Región del Maule"},"geometry":{"type":"Polygon","coordinates":[[[-71.432,-35.244],[-71.462,-35.26],[-71.362,-35.266],[-71.386,-35.284],[-71.378,-35.316],[-71.41,-35.33],[-71.432,-35.366],[-71.608,-35.358],[-71.64,-35.336],[-71.63,-35.3],[-71.574,-35.294],[-71.556,-35.226],[-71.508,-35.246],[-71.474,-35.22],[-71.444,-35.22],[-71.432,-35.244]]]}},{"type":"Feature","properties":{"codigo_region":"07","codigo_comuna":"07201","nombre_comuna":"Cauquenes","nombre_comuna_clean":"cauquenes","nombre_region":"Región del Maule"},"geometry":{"type":"Polygon","coordinates":[[[-72.31,-35.694],[-72.272,-35.694],[-72.24,-35.736],[-72.14,-35.7],[-72.104,-35.72],[-72.066,-35.712],[-72.066,-35.76],[-72.04,-35.772],[-72.028,-35.802],[-71.976,-35.822],[-71.998,-35.842],[-72.02,-35.834],[-72.01,-35.856],[-72.038,-35.872],[-72.018,-35.908],[-72.064,-35.968],[-72.056,-35.98],[-72.068,-35.988],[-72.058,-35.998],[-72.082,-36.07],[-72.106,-36.082],[-72.098,-36.156],[-72.132,-36.192],[-72.14,-36.246],[-72.238,-36.206],[-72.278,-36.262],[-72.316,-36.232],[-72.38,-36.254],[-72.412,-36.208],[-72.338,-36.206],[-72.338,-36.174],[-72.358,-36.158],[-72.406,-36.176],[-72.426,-36.158],[-72.502,-36.144],[-72.488,-36.126],[-72.5,-36.1],[-72.492,-36.072],[-72.584,-36.078],[-72.646,-36.016],[-72.634,-35.952],[-72.602,-35.94],[-72.562,-35.96],[-72.526,-35.924],[-72.498,-35.918],[-72.456,-35.94],[-72.428,-35.908],[-72.466,-35.848],[-72.392,-35.822],[-72.342,-35.75],[-72.32,-35.678],[-72.31,-35.694]]]}},{"type":"Feature","properties":{"codigo_region":"07","codigo_comuna":"07202","nombre_comuna":"Chanco","nombre_comuna_clean":"chanco","nombre_region":"Región del Maule"},"geometry":{"type":"Polygon","coordinates":[[[-72.618,-35.562],[-72.528,-35.578],[-72.488,-35.548],[-72.454,-35.558],[-72.436,-35.542],[-72.432,-35.606],[-72.458,-35.644],[-72.374,-35.694],[-72.324,-35.674],[-72.342,-35.75],[-72.392,-35.822],[-72.466,-35.848],[-72.444,-35.876],[-72.456,-35.882],[-72.47,-35.88],[-72.492,-35.838],[-72.528,-35.824],[-72.526,-35.798],[-72.542,-35.792],[-72.528,-35.78],[-72.554,-35.776],[-72.638,-35.604],[-72.618,-35.562]]]}},{"type":"Feature","properties":{"codigo_region":"07","codigo_comuna":"07203","nombre_comuna":"Pelluhue","nombre_comuna_clean":"pelluhue","nombre_region":"Región del Maule"},"geometry":{"type":"Polygon","coordinates":[[[-72.554,-35.776],[-72.53,-35.78],[-72.542,-35.792],[-72.526,-35.798],[-72.528,-35.824],[-72.49,-35.84],[-72.47,-35.88],[-72.442,-35.878],[-72.45,-35.888],[-72.428,-35.908],[-72.46,-35.944],[-72.498,-35.918],[-72.526,-35.924],[-72.562,-35.96],[-72.602,-35.94],[-72.634,-35.952],[-72.656,-36.046],[-72.686,-36.018],[-72.778,-36.014],[-72.784,-35.976],[-72.694,-35.916],[-72.648,-35.846],[-72.578,-35.814],[-72.564,-35.756],[-72.554,-35.776]]]}},{"type":"Feature","properties":{"codigo_region":"07","codigo_comuna":"07301","nombre_comuna":"Curicó","nombre_comuna_clean":"curico","nombre_region":"Región del Maule"},"geometry":{"type":"Polygon","coordinates":[[[-70.408,-35.556],[-70.426,-35.56],[-70.436,-35.508],[-70.498,-35.462],[-70.54,-35.39],[-70.57,-35.374],[-70.602,-35.376],[-70.662,-35.33],[-70.844,-35.306],[-70.91,-35.33],[-70.928,-35.312],[-70.976,-35.304],[-71.054,-35.256],[-71.106,-35.186],[-71.126,-35.186],[-71.182,-35.134],[-71.236,-35.04],[-71.29,-34.99],[-71.388,-34.982],[-71.298,-34.95],[-71.214,-34.89],[-71.158,-34.904],[-71.216,-34.984],[-71.16,-34.964],[-71.112,-34.996],[-71.122,-35.01],[-71.106,-35.06],[-70.96,-35.088],[-70.852,-35.134],[-70.806,-35.174],[-70.728,-35.194],[-70.726,-35.252],[-70.706,-35.24],[-70.644,-35.244],[-70.632,-35.264],[-70.588,-35.262],[-70.566,-35.3],[-70.5,-35.322],[-70.432,-35.318],[-70.418,-35.356],[-70.452,-35.392],[-70.438,-35.414],[-70.452,-35.428],[-70.432,-35.446],[-70.446,-35.464],[-70.416,-35.488],[-70.396,-35.486],[-70.368,-35.522],[-70.412,-35.526],[-70.408,-35.556]]]}},{"type":"Feature","properties":{"codigo_region":"07","codigo_comuna":"07302","nombre_comuna":"Hualañé","nombre_comuna_clean":"hualane","nombre_region":"Región del Maule"},"geometry":{"type":"Polygon","coordinates":[[[-71.818,-34.84],[-71.794,-34.828],[-71.71,-34.938],[-71.674,-34.924],[-71.668,-34.904],[-71.688,-34.898],[-71.662,-34.856],[-71.614,-34.866],[-71.606,-34.884],[-71.576,-34.868],[-71.534,-34.87],[-71.578,-34.938],[-71.562,-34.928],[-71.496,-34.966],[-71.462,-34.964],[-71.462,-34.984],[-71.566,-35.008],[-71.598,-35.036],[-71.592,-35.054],[-71.622,-35.084],[-71.706,-35.098],[-71.774,-34.996],[-71.808,-34.99],[-71.816,-34.972],[-71.848,-34.978],[-71.832,-34.97],[-71.854,-34.94],[-71.918,-34.95],[-71.938,-34.926],[-71.944,-34.854],[-71.894,-34.872],[-71.864,-34.818],[-71.818,-34.84]]]}},{"type":"Feature","properties":{"codigo_region":"07","codigo_comuna":"07303","nombre_comuna":"Licantén","nombre_comuna_clean":"licanten","nombre_region":"Región del Maule"},"geometry":{"type":"Polygon","coordinates":[[[-72.09,-34.908],[-72.082,-34.95],[-72.058,-34.974],[-72.018,-34.956],[-71.962,-34.966],[-71.886,-34.938],[-71.854,-34.94],[-71.832,-34.97],[-71.854,-34.99],[-71.958,-35.01],[-72.0,-34.982],[-72.066,-35.038],[-72.094,-35.05],[-72.124,-35.036],[-72.13,-35.054],[-72.154,-35.058],[-72.176,-35.032],[-72.186,-34.964],[-72.18,-34.894],[-72.16,-34.88],[-72.09,-34.908]]]}},{"type":"Feature","properties":{"codigo_region":"07","codigo_comuna":"07304","nombre_comuna":"Molina","nombre_comuna_clean":"molina","nombre_region":"Región del Maule"},"geometry":{"type":"Polygon","coordinates":[[[-70.432,-35.596],[-70.462,-35.598],[-70.498,-35.568],[-70.494,-35.516],[-70.542,-35.466],[-70.56,-35.482],[-70.594,-35.478],[-70.62,-35.516],[-70.734,-35.544],[-70.748,-35.572],[-70.788,-35.504],[-70.934,-35.5],[-71.034,-35.46],[-71.056,-35.414],[-71.112,-35.372],[-71.118,-35.302],[-71.226,-35.184],[-71.31,-35.136],[-71.36,-35.142],[-71.422,-35.21],[-71.494,-35.236],[-71.502,-35.216],[-71.45,-35.18],[-71.456,-35.166],[-71.424,-35.138],[-71.402,-35.082],[-71.334,-35.078],[-71.318,-35.054],[-71.304,-35.076],[-71.248,-35.028],[-71.182,-35.134],[-71.126,-35.186],[-71.106,-35.186],[-71.054,-35.256],[-70.976,-35.304],[-70.928,-35.312],[-70.91,-35.33],[-70.858,-35.306],[-70.712,-35.316],[-70.66,-35.332],[-70.602,-35.376],[-70.57,-35.374],[-70.542,-35.39],[-70.498,-35.462],[-70.436,-35.508],[-70.426,-35.56],[-70.404,-35.564],[-70.384,-35.606],[-70.418,-35.628],[-70.432,-35.596]]]}},{"type":"Feature","properties":{"codigo_region":"07","codigo_comuna":"07305","nombre_comuna":"Rauco","nombre_comuna_clean":"rauco","nombre_region":"Región del Maule"},"geometry":{"type":"Polygon","coordinates":[[[-71.364,-34.846],[-71.336,-34.866],[-71.264,-34.868],[-71.264,-34.93],[-71.44,-34.994],[-71.502,-35.042],[-71.592,-35.054],[-71.598,-35.036],[-71.566,-35.008],[-71.482,-34.996],[-71.458,-34.972],[-71.562,-34.928],[-71.578,-34.938],[-71.568,-34.91],[-71.516,-34.876],[-71.464,-34.9],[-71.438,-34.88],[-71.42,-34.904],[-71.398,-34.894],[-71.366,-34.912],[-71.388,-34.874],[-71.376,-34.836],[-71.36,-34.834],[-71.364,-34.846]]]}},{"type":"Feature","properties":{"codigo_region":"07","codigo_comuna":"07306","nombre_comuna":"Romeral","nombre_comuna_clean":"romeral","nombre_region":"Región del Maule"},"geometry":{"type":"Polygon","coordinates":[[[-70.614,-34.96],[-70.586,-34.962],[-70.542,-34.934],[-70.526,-34.966],[-70.488,-34.976],[-70.478,-34.994],[-70.416,-34.984],[-70.366,-35.006],[-70.36,-35.034],[-70.376,-35.05],[-70.374,-35.086],[-70.358,-35.098],[-70.374,-35.17],[-70.472,-35.204],[-70.518,-35.206],[-70.526,-35.194],[-70.568,-35.224],[-70.582,-35.272],[-70.586,-35.268],[-70.588,-35.262],[-70.59,-35.26],[-70.632,-35.264],[-70.644,-35.244],[-70.706,-35.24],[-70.726,-35.252],[-70.726,-35.194],[-70.806,-35.174],[-70.852,-35.134],[-70.96,-35.088],[-71.106,-35.06],[-71.122,-35.01],[-71.112,-34.996],[-71.16,-34.964],[-71.216,-34.984],[-71.158,-34.904],[-71.002,-34.944],[-70.98,-34.97],[-70.826,-35.004],[-70.796,-34.988],[-70.8,-34.97],[-70.748,-34.884],[-70.686,-34.924],[-70.662,-34.966],[-70.618,-34.978],[-70.614,-34.96]]]}},{"type":"Feature","properties":{"codigo_region":"07","codigo_comuna":"07307","nombre_comuna":"Sagrada Familia","nombre_comuna_clean":"sagrada familia","nombre_region":"Región del Maule"},"geometry":{"type":"Polygon","coordinates":[[[-71.248,-35.028],[-71.256,-35.038],[-71.304,-35.076],[-71.318,-35.054],[-71.334,-35.078],[-71.402,-35.082],[-71.424,-35.138],[-71.456,-35.166],[-71.45,-35.18],[-71.5,-35.212],[-71.5,-35.242],[-71.556,-35.226],[-71.578,-35.206],[-71.628,-35.228],[-71.67,-35.204],[-71.67,-35.148],[-71.702,-35.1],[-71.622,-35.084],[-71.58,-35.046],[-71.502,-35.042],[-71.424,-34.988],[-71.308,-34.984],[-71.248,-35.028]]]}},{"type":"Feature","properties":{"codigo_region":"07","codigo_comuna":"07308","nombre_comuna":"Teno","nombre_comuna_clean":"teno","nombre_region":"Región del Maule"},"geometry":{"type":"Polygon","coordinates":[[[-71.098,-34.828],[-71.07,-34.822],[-71.046,-34.792],[-70.958,-34.872],[-70.884,-34.85],[-70.82,-34.872],[-70.798,-34.852],[-70.76,-34.866],[-70.75,-34.894],[-70.8,-34.97],[-70.796,-34.988],[-70.828,-35.004],[-70.98,-34.97],[-71.002,-34.944],[-71.2,-34.888],[-71.264,-34.93],[-71.264,-34.868],[-71.336,-34.866],[-71.366,-34.844],[-71.302,-34.796],[-71.278,-34.792],[-71.262,-34.824],[-71.214,-34.836],[-71.19,-34.804],[-71.132,-34.79],[-71.098,-34.828]]]}},{"type":"Feature","properties":{"codigo_region":"07","codigo_comuna":"07309","nombre_comuna":"Vichuquén","nombre_comuna_clean":"vichuquen","nombre_region":"Región del Maule"},"geometry":{"type":"Polygon","coordinates":[[[-72.036,-34.686],[-72.034,-34.7],[-72.006,-34.704],[-71.998,-34.74],[-71.954,-34.758],[-71.926,-34.808],[-71.868,-34.818],[-71.894,-34.872],[-71.944,-34.856],[-71.948,-34.898],[-71.918,-34.95],[-71.966,-34.966],[-72.018,-34.956],[-72.058,-34.974],[-72.082,-34.95],[-72.09,-34.908],[-72.158,-34.878],[-72.144,-34.822],[-72.076,-34.746],[-72.06,-34.69],[-72.036,-34.686]]]}},{"type":"Feature","properties":{"codigo_region":"07","codigo_comuna":"07401","nombre_comuna":"Linares","nombre_comuna_clean":"linares","nombre_region":"Región del Maule"},"geometry":{"type":"Polygon","coordinates":[[[-71.704,-35.772],[-71.648,-35.786],[-71.512,-35.784],[-71.484,-35.82],[-71.404,-35.854],[-71.338,-35.838],[-71.256,-35.862],[-71.144,-35.854],[-71.118,-35.87],[-71.046,-35.858],[-71.044,-35.882],[-71.082,-35.95],[-71.132,-36.0],[-71.08,-36.026],[-71.07,-35.992],[-71.036,-36.0],[-71.046,-36.046],[-71.006,-36.088],[-71.03,-36.122],[-71.016,-36.134],[-71.032,-36.152],[-71.018,-36.18],[-71.034,-36.212],[-71.064,-36.226],[-71.064,-36.202],[-71.088,-36.186],[-71.122,-36.116],[-71.154,-36.094],[-71.198,-36.094],[-71.236,-36.142],[-71.308,-36.168],[-71.374,-36.152],[-71.396,-36.11],[-71.402,-36.044],[-71.45,-35.99],[-71.482,-35.986],[-71.508,-35.916],[-71.62,-35.894],[-71.664,-35.856],[-71.696,-35.858],[-71.794,-35.786],[-71.774,-35.72],[-71.738,-35.704],[-71.704,-35.772]]]}},{"type":"Feature","properties":{"codigo_region":"07","codigo_comuna":"07402","nombre_comuna":"Colbún","nombre_comuna_clean":"colbun","nombre_region":"Región del Maule"},"geometry":{"type":"Polygon","coordinates":[[[-70.686,-36.284],[-70.684,-36.304],[-70.712,-36.344],[-70.678,-36.388],[-70.712,-36.426],[-70.738,-36.43],[-70.746,-36.406],[-70.788,-36.428],[-70.818,-36.396],[-70.848,-36.418],[-70.884,-36.396],[-70.888,-36.466],[-70.928,-36.474],[-70.958,-36.504],[-71.06,-36.464],[-71.06,-36.388],[-71.114,-36.362],[-71.108,-36.338],[-71.154,-36.3],[-71.156,-36.262],[-71.042,-36.22],[-71.018,-36.18],[-71.032,-36.152],[-71.016,-36.134],[-71.03,-36.124],[-71.006,-36.088],[-71.046,-36.046],[-71.036,-36.0],[-71.07,-35.992],[-71.08,-36.026],[-71.132,-36.0],[-71.082,-35.95],[-71.044,-35.882],[-71.046,-35.858],[-71.118,-35.87],[-71.144,-35.854],[-71.256,-35.862],[-71.338,-35.838],[-71.404,-35.854],[-71.484,-35.82],[-71.518,-35.78],[-71.494,-35.75],[-71.486,-35.696],[-71.44,-35.646],[-71.428,-35.608],[-71.366,-35.628],[-71.334,-35.68],[-71.264,-35.676],[-71.198,-35.726],[-71.078,-35.706],[-71.034,-35.774],[-71.036,-35.808],[-70.998,-35.836],[-71.002,-35.864],[-70.98,-35.87],[-70.934,-35.942],[-70.89,-35.956],[-70.872,-35.992],[-70.782,-35.966],[-70.748,-35.982],[-70.652,-35.982],[-70.576,-36.004],[-70.58,-36.02],[-70.61,-36.024],[-70.62,-36.04],[-70.6,-36.058],[-70.624,-36.104],[-70.572,-36.122],[-70.582,-36.148],[-70.572,-36.176],[-70.632,-36.216],[-70.632,-36.24],[-70.706,-36.272],[-70.686,-36.284]]]}},{"type":"Feature","properties":{"codigo_region":"07","codigo_comuna":"07403","nombre_comuna":"Longaví","nombre_comuna_clean":"longavi","nombre_region":"Región del Maule"},"geometry":{"type":"Polygon","coordinates":[[[-71.696,-35.858],[-71.664,-35.856],[-71.62,-35.894],[-71.508,-35.916],[-71.482,-35.986],[-71.45,-35.99],[-71.402,-36.044],[-71.396,-36.11],[-71.358,-36.16],[-71.31,-36.168],[-71.252,-36.148],[-71.188,-36.092],[-71.122,-36.116],[-71.062,-36.212],[-71.064,-36.226],[-71.156,-36.262],[-71.154,-36.3],[-71.126,-36.328],[-71.152,-36.372],[-71.172,-36.388],[-71.238,-36.38],[-71.288,-36.348],[-71.302,-36.302],[-71.368,-36.236],[-71.448,-36.238],[-71.478,-36.218],[-71.522,-36.238],[-71.558,-36.222],[-71.608,-36.15],[-71.68,-36.104],[-71.718,-36.04],[-71.726,-35.916],[-71.764,-35.892],[-71.774,-35.848],[-71.826,-35.828],[-71.794,-35.786],[-71.696,-35.858]]]}},{"type":"Feature","properties":{"codigo_region":"07","codigo_comuna":"07404","nombre_comuna":"Parral","nombre_comuna_clean":"parral","nombre_region":"Región del Maule"},"geometry":{"type":"Polygon","coordinates":[[[-71.994,-36.052],[-71.92,-36.092],[-71.89,-36.062],[-71.912,-36.056],[-71.926,-36.028],[-71.872,-36.006],[-71.846,-36.068],[-71.812,-36.082],[-71.798,-36.124],[-71.768,-36.154],[-71.776,-36.17],[-71.722,-36.202],[-71.606,-36.218],[-71.564,-36.196],[-71.558,-36.222],[-71.522,-36.238],[-71.482,-36.218],[-71.448,-36.238],[-71.388,-36.228],[-71.342,-36.256],[-71.302,-36.302],[-71.288,-36.348],[-71.238,-36.38],[-71.168,-36.386],[-71.126,-36.326],[-71.108,-36.338],[-71.11,-36.356],[-71.156,-36.406],[-71.192,-36.412],[-71.224,-36.462],[-71.262,-36.44],[-71.282,-36.448],[-71.338,-36.544],[-71.352,-36.512],[-71.41,-36.504],[-71.438,-36.432],[-71.468,-36.412],[-71.572,-36.404],[-71.702,-36.354],[-71.786,-36.292],[-71.812,-36.254],[-71.864,-36.246],[-71.91,-36.268],[-71.956,-36.25],[-71.972,-36.26],[-72.0,-36.228],[-71.99,-36.208],[-72.022,-36.176],[-72.072,-36.156],[-72.076,-36.132],[-72.1,-36.138],[-72.104,-36.124],[-72.106,-36.082],[-72.084,-36.074],[-72.068,-36.044],[-72.076,-36.026],[-72.058,-35.996],[-72.068,-35.988],[-72.056,-35.98],[-72.064,-35.968],[-72.024,-35.916],[-71.994,-36.052]]]}},{"type":"Feature","properties":{"codigo_region":"07","codigo_comuna":"07405","nombre_comuna":"Retiro","nombre_comuna_clean":"retiro","nombre_region":"Región del Maule"},"geometry":{"type":"Polygon","coordinates":[[[-71.898,-35.832],[-71.896,-35.852],[-71.836,-35.856],[-71.808,-35.844],[-71.812,-35.828],[-71.774,-35.848],[-71.764,-35.892],[-71.726,-35.916],[-71.718,-36.04],[-71.68,-36.104],[-71.568,-36.19],[-71.59,-36.204],[-71.576,-36.212],[-71.668,-36.214],[-71.774,-36.172],[-71.768,-36.154],[-71.798,-36.124],[-71.812,-36.082],[-71.846,-36.068],[-71.872,-36.006],[-71.926,-36.028],[-71.912,-36.056],[-71.89,-36.062],[-71.92,-36.092],[-71.994,-36.052],[-72.0,-35.988],[-72.018,-35.972],[-72.01,-35.948],[-72.026,-35.932],[-72.018,-35.906],[-72.038,-35.874],[-72.01,-35.856],[-72.02,-35.834],[-71.998,-35.842],[-71.954,-35.818],[-71.92,-35.842],[-71.898,-35.832]]]}},{"type":"Feature","properties":{"codigo_region":"07","codigo_comuna":"07406","nombre_comuna":"San Javier","nombre_comuna_clean":"san javier","nombre_region":"Región del Maule"},"geometry":{"type":"Polygon","coordinates":[[[-71.6,-35.624],[-71.578,-35.652],[-71.766,-35.616],[-71.748,-35.644],[-71.774,-35.69],[-71.764,-35.71],[-71.796,-35.77],[-71.792,-35.796],[-71.822,-35.808],[-71.826,-35.828],[-71.808,-35.844],[-71.836,-35.858],[-71.896,-35.852],[-71.898,-35.832],[-71.922,-35.842],[-71.948,-35.818],[-71.962,-35.828],[-72.028,-35.802],[-72.068,-35.74],[-72.032,-35.672],[-72.084,-35.672],[-72.092,-35.646],[-72.126,-35.646],[-72.138,-35.666],[-72.15,-35.634],[-72.188,-35.616],[-72.17,-35.586],[-72.188,-35.578],[-72.108,-35.44],[-72.094,-35.442],[-72.074,-35.418],[-71.966,-35.47],[-71.886,-35.464],[-71.852,-35.498],[-71.788,-35.52],[-71.754,-35.574],[-71.692,-35.55],[-71.582,-35.584],[-71.6,-35.624]]]}},{"type":"Feature","properties":{"codigo_region":"07","codigo_comuna":"07407","nombre_comuna":"Villa Alegre","nombre_comuna_clean":"villa alegre","nombre_region":"Región del Maule"},"geometry":{"type":"Polygon","coordinates":[[[-71.572,-35.672],[-71.574,-35.688],[-71.62,-35.692],[-71.644,-35.736],[-71.636,-35.758],[-71.66,-35.778],[-71.706,-35.772],[-71.734,-35.706],[-71.756,-35.71],[-71.774,-35.692],[-71.748,-35.646],[-71.77,-35.624],[-71.748,-35.61],[-71.58,-35.652],[-71.572,-35.672]]]}},{"type":"Feature","properties":{"codigo_region":"07","codigo_comuna":"07408","nombre_comuna":"Yerbas Buenas","nombre_comuna_clean":"yerbas buenas","nombre_region":"Región del Maule"},"geometry":{"type":"Polygon","coordinates":[[[-71.428,-35.618],[-71.486,-35.696],[-71.494,-35.75],[-71.518,-35.784],[-71.664,-35.784],[-71.636,-35.758],[-71.644,-35.736],[-71.62,-35.692],[-71.574,-35.688],[-71.574,-35.656],[-71.6,-35.624],[-71.576,-35.586],[-71.428,-35.618]]]}},{"type":"Feature","properties":{"codigo_region":"08","codigo_comuna":"08101","nombre_comuna":"Concepción","nombre_comuna_clean":"concepcion","nombre_region":"Región del Bío-Bío"},"geometry":{"type":"Polygon","coordinates":[[[-73.062,-36.858],[-73.086,-36.818],[-73.056,-36.778],[-73.022,-36.786],[-72.944,-36.764],[-72.908,-36.798],[-72.846,-36.792],[-72.844,-36.838],[-72.87,-36.862],[-72.852,-36.918],[-72.886,-36.928],[-72.928,-36.89],[-72.944,-36.904],[-72.946,-36.866],[-72.992,-36.876],[-73.024,-36.856],[-73.062,-36.858]]]}},{"type":"Feature","properties":{"codigo_region":"08","codigo_comuna":"08102","nombre_comuna":"Coronel","nombre_comuna_clean":"coronel","nombre_region":"Región del Bío-Bío"},"geometry":{"type":"MultiPolygon","coordinates":[[[[-73.178,-37.03],[-73.188,-37.0],[-73.154,-36.904],[-73.086,-36.924],[-73.066,-36.976],[-73.032,-36.954],[-72.992,-36.978],[-72.956,-36.974],[-72.978,-37.016],[-72.978,-37.07],[-73.022,-37.072],[-73.038,-37.104],[-73.076,-37.076],[-73.08,-37.048],[-73.14,-37.074],[-73.154,-37.024],[-73.178,-37.03]]],[[[-73.522,-37.006],[-73.454,-37.052],[-73.466,-37.052],[-73.49,-37.042],[-73.508,-37.042],[-73.52,-37.078],[-73.556,-37.026],[-73.536,-36.974],[-73.524,-36.972],[-73.522,-37.006]]]]}},{"type":"Feature","properties":{"codigo_region":"08","codigo_comuna":"08103","nombre_comuna":"Chiguayante","nombre_comuna_clean":"chiguayante","nombre_region":"Región del Bío-Bío"},"geometry":{"type":"Polygon","coordinates":[[[-72.944,-36.91],[-72.976,-36.938],[-72.996,-36.916],[-73.0,-36.95],[-73.02,-36.966],[-73.062,-36.858],[-72.946,-36.866],[-72.944,-36.91]]]}},{"type":"Feature","properties":{"codigo_region":"08","codigo_comuna":"08104","nombre_comuna":"Florida","nombre_comuna_clean":"florida","nombre_region":"Región del Bío-Bío"},"geometry":{"type":"Polygon","coordinates":[[[-72.716,-36.958],[-72.762,-36.96],[-72.792,-36.94],[-72.82,-36.962],[-72.87,-36.862],[-72.844,-36.838],[-72.846,-36.792],[-72.864,-36.794],[-72.87,-36.776],[-72.858,-36.746],[-72.738,-36.728],[-72.706,-36.704],[-72.72,-36.656],[-72.698,-36.652],[-72.618,-36.692],[-72.586,-36.748],[-72.602,-36.768],[-72.594,-36.816],[-72.538,-36.85],[-72.574,-36.866],[-72.56,-36.882],[-72.57,-36.894],[-72.646,-36.884],[-72.658,-36.91],[-72.648,-36.952],[-72.682,-36.936],[-72.716,-36.958]]]}},{"type":"Feature","properties":{"codigo_region":"08","codigo_comuna":"08105","nombre_comuna":"Hualqui","nombre_comuna_clean":"hualqui","nombre_region":"Región del Bío-Bío"},"geometry":{"type":"Polygon","coordinates":[[[-72.886,-36.928],[-72.84,-36.916],[-72.82,-36.962],[-72.792,-36.94],[-72.738,-36.958],[-72.776,-37.002],[-72.728,-37.018],[-72.724,-37.04],[-72.752,-37.072],[-72.776,-37.078],[-72.78,-37.12],[-72.764,-37.138],[-72.818,-37.18],[-72.824,-37.2],[-72.852,-37.202],[-72.874,-37.18],[-72.928,-37.168],[-72.98,-37.106],[-72.978,-37.016],[-72.954,-36.976],[-73.02,-36.966],[-73.0,-36.95],[-72.996,-36.916],[-72.974,-36.936],[-72.926,-36.892],[-72.886,-36.928]]]}},{"type":"Feature","properties":{"codigo_region":"08","codigo_comuna":"08106","nombre_comuna":"Lota","nombre_comuna_clean":"lota","nombre_region":"Región del Bío-Bío"},"geometry":{"type":"Polygon","coordinates":[[[-73.076,-37.076],[-73.042,-37.102],[-73.066,-37.198],[-73.08,-37.202],[-73.116,-37.154],[-73.186,-37.152],[-73.152,-37.116],[-73.174,-37.088],[-73.076,-37.052],[-73.076,-37.076]]]}},{"type":"Feature","properties":{"codigo_region":"08","codigo_comuna":"08107","nombre_comuna":"Penco","nombre_comuna_clean":"penco","nombre_region":"Región del Bío-Bío"},"geometry":{"type":"Polygon","coordinates":[[[-72.926,-36.694],[-72.912,-36.72],[-72.892,-36.708],[-72.856,-36.75],[-72.87,-36.776],[-72.864,-36.794],[-72.908,-36.798],[-72.944,-36.764],[-73.022,-36.786],[-73.04,-36.776],[-73.048,-36.762],[-72.992,-36.732],[-72.974,-36.692],[-72.926,-36.694]]]}},{"type":"Feature","properties":{"codigo_region":"08","codigo_comuna":"08108","nombre_comuna":"San Pedro de la Paz","nombre_comuna_clean":"san pedro de la paz","nombre_region":"Región del Bío-Bío"},"geometry":{"type":"Polygon","coordinates":[[[-73.086,-36.818],[-73.032,-36.954],[-73.066,-36.976],[-73.086,-36.924],[-73.154,-36.904],[-73.154,-36.83],[-73.17,-36.814],[-73.086,-36.818]]]}},{"type":"Feature","properties":{"codigo_region":"08","codigo_comuna":"08109","nombre_comuna":"Santa Juana","nombre_comuna_clean":"santa juana","nombre_region":"Región del Bío-Bío"},"geometry":{"type":"Polygon","coordinates":[[[-72.98,-37.106],[-72.96,-37.146],[-72.926,-37.17],[-72.874,-37.18],[-72.854,-37.202],[-72.77,-37.212],[-72.746,-37.232],[-72.726,-37.294],[-72.75,-37.322],[-72.804,-37.308],[-72.812,-37.344],[-72.832,-37.334],[-72.876,-37.356],[-72.894,-37.344],[-72.924,-37.354],[-72.964,-37.402],[-72.978,-37.452],[-73.122,-37.428],[-73.116,-37.368],[-73.134,-37.354],[-73.112,-37.332],[-73.088,-37.26],[-73.066,-37.256],[-73.084,-37.238],[-73.108,-37.242],[-73.118,-37.218],[-73.066,-37.198],[-73.048,-37.11],[-73.022,-37.09],[-73.022,-37.072],[-72.978,-37.07],[-72.98,-37.106]]]}},{"type":"Feature","properties":{"codigo_region":"08","codigo_comuna":"08110","nombre_comuna":"Talcahuano","nombre_comuna_clean":"talcahuano","nombre_region":"Región del Bío-Bío"},"geometry":{"type":"MultiPolygon","coordinates":[[[[-73.134,-36.642],[-73.106,-36.616],[-73.09,-36.63],[-73.108,-36.722],[-73.01,-36.738],[-73.034,-36.746],[-73.066,-36.796],[-73.152,-36.762],[-73.126,-36.738],[-73.162,-36.712],[-73.142,-36.692],[-73.134,-36.642]]],[[[-73.056,-36.644],[-73.072,-36.648],[-73.068,-36.622],[-73.05,-36.604],[-73.056,-36.644]]]]}},{"type":"Feature","properties":{"codigo_region":"08","codigo_comuna":"08111","nombre_comuna":"Tomé","nombre_comuna_clean":"tome","nombre_region":"Región del Bío-Bío"},"geometry":{"type":"Polygon","coordinates":[[[-72.854,-36.462],[-72.81,-36.46],[-72.802,-36.51],[-72.828,-36.526],[-72.798,-36.564],[-72.798,-36.606],[-72.764,-36.606],[-72.774,-36.624],[-72.734,-36.618],[-72.71,-36.682],[-72.706,-36.704],[-72.738,-36.728],[-72.866,-36.748],[-72.892,-36.708],[-72.912,-36.72],[-72.926,-36.694],[-72.97,-36.696],[-72.984,-36.674],[-72.956,-36.626],[-73.002,-36.578],[-72.978,-36.56],[-72.976,-36.526],[-72.954,-36.524],[-72.954,-36.556],[-72.932,-36.544],[-72.934,-36.522],[-72.906,-36.498],[-72.918,-36.48],[-72.888,-36.444],[-72.854,-36.462]]]}},{"type":"Feature","properties":{"codigo_region":"08","codigo_comuna":"08112","nombre_comuna":"Hualpén","nombre_comuna_clean":"hualpen","nombre_region":"Región del Bío-Bío"},"geometry":{"type":"Polygon","coordinates":[[[-73.194,-36.78],[-73.222,-36.786],[-73.192,-36.746],[-73.174,-36.766],[-73.066,-36.796],[-73.086,-36.818],[-73.172,-36.812],[-73.194,-36.78]]]}},{"type":"Feature","properties":{"codigo_region":"08","codigo_comuna":"08201","nombre_comuna":"Lebu","nombre_comuna_clean":"lebu","nombre_region":"Región del Bío-Bío"},"geometry":{"type":"MultiPolygon","coordinates":[[[[-73.656,-37.672],[-73.68,-37.626],[-73.668,-37.592],[-73.642,-37.582],[-73.646,-37.556],[-73.598,-37.528],[-73.598,-37.44],[-73.542,-37.45],[-73.504,-37.422],[-73.48,-37.43],[-73.488,-37.452],[-73.42,-37.474],[-73.444,-37.52],[-73.442,-37.55],[-73.464,-37.558],[-73.454,-37.572],[-73.476,-37.6],[-73.502,-37.592],[-73.506,-37.616],[-73.54,-37.586],[-73.504,-37.652],[-73.494,-37.65],[-73.504,-37.66],[-73.52,-37.668],[-73.5,-37.692],[-73.512,-37.744],[-73.558,-37.808],[-73.582,-37.816],[-73.658,-37.726],[-73.656,-37.672]]],[[[-73.886,-38.418],[-73.94,-38.418],[-73.93,-38.394],[-73.952,-38.374],[-73.946,-38.334],[-73.962,-38.318],[-73.866,-38.368],[-73.886,-38.418]]]]}},{"type":"Feature","properties":{"codigo_region":"08","codigo_comuna":"08202","nombre_comuna":"Arauco","nombre_comuna_clean":"arauco","nombre_region":"Región del Bío-Bío"},"geometry":{"type":"Polygon","coordinates":[[[-73.67,-37.358],[-73.686,-37.368],[-73.67,-37.344],[-73.684,-37.336],[-73.656,-37.3],[-73.674,-37.294],[-73.656,-37.276],[-73.65,-37.202],[-73.588,-37.146],[-73.56,-37.168],[-73.564,-37.194],[-73.53,-37.208],[-73.458,-37.204],[-73.434,-37.236],[-73.41,-37.242],[-73.27,-37.224],[-73.186,-37.152],[-73.116,-37.154],[-73.08,-37.202],[-73.118,-37.224],[-73.108,-37.242],[-73.084,-37.238],[-73.066,-37.256],[-73.088,-37.26],[-73.134,-37.356],[-73.224,-37.358],[-73.28,-37.33],[-73.306,-37.36],[-73.334,-37.346],[-73.39,-37.356],[-73.398,-37.328],[-73.426,-37.368],[-73.488,-37.384],[-73.502,-37.422],[-73.54,-37.45],[-73.588,-37.448],[-73.634,-37.376],[-73.67,-37.358]]]}},{"type":"Feature","properties":{"codigo_region":"08","codigo_comuna":"08203","nombre_comuna":"Cañete","nombre_comuna_clean":"canete","nombre_region":"Región del Bío-Bío"},"geometry":{"type":"Polygon","coordinates":[[[-73.244,-37.746],[-73.222,-37.744],[-73.214,-37.722],[-73.13,-37.718],[-73.116,-37.704],[-73.102,-37.726],[-73.04,-37.71],[-73.016,-37.748],[-73.042,-37.78],[-73.024,-37.804],[-73.076,-37.862],[-73.148,-37.848],[-73.202,-37.876],[-73.276,-37.838],[-73.258,-37.86],[-73.324,-37.914],[-73.292,-37.922],[-73.298,-37.94],[-73.352,-37.946],[-73.306,-37.976],[-73.312,-37.998],[-73.27,-38.02],[-73.252,-38.06],[-73.312,-38.064],[-73.3,-38.1],[-73.318,-38.114],[-73.378,-38.128],[-73.414,-38.114],[-73.444,-38.13],[-73.478,-37.994],[-73.546,-37.87],[-73.496,-37.84],[-73.432,-37.712],[-73.404,-37.716],[-73.39,-37.696],[-73.372,-37.712],[-73.364,-37.694],[-73.244,-37.746]]]}},{"type":"Feature","properties":{"codigo_region":"08","codigo_comuna":"08204","nombre_comuna":"Contulmo","nombre_comuna_clean":"contulmo","nombre_region":"Región del Bío-Bío"},"geometry":{"type":"Polygon","coordinates":[[[-73.202,-37.876],[-73.148,-37.848],[-73.076,-37.862],[-73.126,-37.878],[-73.13,-37.896],[-73.11,-37.908],[-73.12,-37.96],[-73.186,-37.988],[-73.206,-38.054],[-73.082,-38.096],[-73.072,-38.124],[-73.09,-38.146],[-73.078,-38.176],[-73.092,-38.192],[-73.132,-38.184],[-73.138,-38.216],[-73.202,-38.232],[-73.222,-38.272],[-73.278,-38.298],[-73.232,-38.244],[-73.326,-38.17],[-73.328,-38.116],[-73.302,-38.104],[-73.312,-38.064],[-73.252,-38.06],[-73.27,-38.02],[-73.312,-37.998],[-73.306,-37.976],[-73.352,-37.946],[-73.298,-37.94],[-73.292,-37.922],[-73.324,-37.914],[-73.258,-37.86],[-73.272,-37.84],[-73.202,-37.876]]]}},{"type":"Feature","properties":{"codigo_region":"08","codigo_comuna":"08205","nombre_comuna":"Curanilahue","nombre_comuna_clean":"curanilahue","nombre_region":"Región del Bío-Bío"},"geometry":{"type":"Polygon","coordinates":[[[-72.986,-37.522],[-72.986,-37.536],[-73.066,-37.6],[-73.054,-37.608],[-73.074,-37.628],[-73.058,-37.64],[-73.068,-37.66],[-73.118,-37.688],[-73.126,-37.642],[-73.164,-37.606],[-73.312,-37.594],[-73.382,-37.548],[-73.426,-37.544],[-73.438,-37.56],[-73.444,-37.52],[-73.418,-37.476],[-73.488,-37.452],[-73.48,-37.43],[-73.506,-37.424],[-73.488,-37.384],[-73.426,-37.368],[-73.398,-37.328],[-73.39,-37.356],[-73.334,-37.346],[-73.306,-37.36],[-73.28,-37.33],[-73.224,-37.358],[-73.126,-37.356],[-73.116,-37.368],[-73.122,-37.428],[-72.986,-37.446],[-72.984,-37.468],[-73.024,-37.498],[-73.006,-37.524],[-72.986,-37.522]]]}},{"type":"Feature","properties":{"codigo_region":"08","codigo_comuna":"08206","nombre_comuna":"Los Alamos","nombre_comuna_clean":"los alamos","nombre_region":"Región del Bío-Bío"},"geometry":{"type":"Polygon","coordinates":[[[-73.382,-37.548],[-73.312,-37.594],[-73.164,-37.606],[-73.126,-37.642],[-73.114,-37.704],[-73.13,-37.718],[-73.214,-37.722],[-73.232,-37.746],[-73.352,-37.694],[-73.374,-37.696],[-73.374,-37.712],[-73.39,-37.696],[-73.404,-37.716],[-73.424,-37.708],[-73.496,-37.84],[-73.546,-37.87],[-73.582,-37.816],[-73.558,-37.808],[-73.512,-37.744],[-73.5,-37.692],[-73.52,-37.668],[-73.494,-37.65],[-73.504,-37.652],[-73.54,-37.586],[-73.53,-37.586],[-73.506,-37.616],[-73.502,-37.592],[-73.478,-37.6],[-73.454,-37.572],[-73.464,-37.558],[-73.43,-37.56],[-73.422,-37.544],[-73.382,-37.548]]]}},{"type":"Feature","properties":{"codigo_region":"08","codigo_comuna":"08207","nombre_comuna":"Tirúa","nombre_comuna_clean":"tirua","nombre_region":"Región del Bío-Bío"},"geometry":{"type":"Polygon","coordinates":[[[-73.514,-38.26],[-73.468,-38.23],[-73.448,-38.114],[-73.442,-38.13],[-73.414,-38.114],[-73.378,-38.128],[-73.328,-38.116],[-73.326,-38.17],[-73.232,-38.244],[-73.342,-38.366],[-73.308,-38.374],[-73.308,-38.412],[-73.272,-38.436],[-73.288,-38.45],[-73.274,-38.49],[-73.322,-38.482],[-73.32,-38.438],[-73.382,-38.398],[-73.438,-38.45],[-73.47,-38.456],[-73.474,-38.474],[-73.518,-38.482],[-73.53,-38.388],[-73.498,-38.338],[-73.514,-38.26]]]}},{"type":"Feature","properties":{"codigo_region":"08","codigo_comuna":"08301","nombre_comuna":"Los Ángeles","nombre_comuna_clean":"los angeles","nombre_region":"Región del Bío-Bío"},"geometry":{"type":"Polygon","coordinates":[[[-72.04,-37.206],[-72.068,-37.23],[-72.086,-37.22],[-72.136,-37.316],[-72.096,-37.32],[-72.086,-37.39],[-72.068,-37.4],[-72.068,-37.426],[-72.102,-37.43],[-72.106,-37.446],[-72.042,-37.448],[-72.098,-37.506],[-72.176,-37.542],[-72.124,-37.566],[-72.158,-37.586],[-72.176,-37.664],[-72.204,-37.652],[-72.232,-37.61],[-72.264,-37.616],[-72.27,-37.6],[-72.33,-37.59],[-72.35,-37.568],[-72.374,-37.576],[-72.442,-37.556],[-72.574,-37.58],[-72.604,-37.524],[-72.6,-37.504],[-72.682,-37.476],[-72.662,-37.366],[-72.53,-37.396],[-72.482,-37.392],[-72.432,-37.354],[-72.438,-37.326],[-72.508,-37.252],[-72.47,-37.22],[-72.28,-37.206],[-72.244,-37.182],[-72.16,-37.198],[-72.118,-37.178],[-72.04,-37.206]]]}},{"type":"Feature","properties":{"codigo_region":"08","codigo_comuna":"08302","nombre_comuna":"Antuco","nombre_comuna_clean":"antuco","nombre_region":"Región del Bío-Bío"},"geometry":{"type":"Polygon","coordinates":[[[-71.208,-37.338],[-71.186,-37.356],[-71.2,-37.382],[-71.152,-37.402],[-71.118,-37.488],[-71.15,-37.54],[-71.128,-37.588],[-71.224,-37.66],[-71.242,-37.658],[-71.284,-37.584],[-71.33,-37.548],[-71.352,-37.554],[-71.394,-37.516],[-71.416,-37.462],[-71.472,-37.474],[-71.502,-37.454],[-71.566,-37.47],[-71.642,-37.404],[-71.752,-37.372],[-71.792,-37.344],[-71.872,-37.358],[-71.924,-37.348],[-71.878,-37.332],[-71.672,-37.31],[-71.572,-37.322],[-71.524,-37.31],[-71.508,-37.26],[-71.524,-37.236],[-71.506,-37.196],[-71.514,-37.148],[-71.484,-37.114],[-71.514,-37.084],[-71.514,-37.068],[-71.544,-37.062],[-71.552,-37.02],[-71.51,-37.004],[-71.48,-37.02],[-71.458,-37.066],[-71.41,-37.09],[-71.384,-37.068],[-71.33,-37.078],[-71.27,-37.112],[-71.188,-37.098],[-71.156,-37.116],[-71.096,-37.11],[-71.096,-37.126],[-71.134,-37.142],[-71.114,-37.206],[-71.17,-37.226],[-71.156,-37.234],[-71.188,-37.276],[-71.212,-37.272],[-71.208,-37.338]]]}},{"type":"Feature","properties":{"codigo_region":"08","codigo_comuna":"08303","nombre_comuna":"Cabrero","nombre_comuna_clean":"cabrero","nombre_region":"Región del Bío-Bío"},"geometry":{"type":"Polygon","coordinates":[[[-72.462,-36.928],[-72.42,-36.932],[-72.386,-36.912],[-72.326,-36.982],[-72.192,-37.03],[-72.188,-37.054],[-72.262,-37.092],[-72.266,-37.148],[-72.28,-37.156],[-72.276,-37.204],[-72.422,-37.214],[-72.43,-37.184],[-72.452,-37.188],[-72.442,-37.15],[-72.512,-37.136],[-72.47,-37.116],[-72.532,-37.098],[-72.51,-37.08],[-72.528,-37.048],[-72.508,-36.966],[-72.516,-36.94],[-72.502,-36.896],[-72.452,-36.908],[-72.462,-36.928]]]}},{"type":"Feature","properties":{"codigo_region":"08","codigo_comuna":"08304","nombre_comuna":"Laja","nombre_comuna_clean":"laja","nombre_region":"Región del Bío-Bío"},"geometry":{"type":"Polygon","coordinates":[[[-72.516,-37.242],[-72.438,-37.326],[-72.432,-37.354],[-72.482,-37.392],[-72.53,-37.396],[-72.702,-37.356],[-72.732,-37.274],[-72.6,-37.23],[-72.516,-37.242]]]}},{"type":"Feature","properties":{"codigo_region":"08","codigo_comuna":"08305","nombre_comuna":"Mulchén","nombre_comuna_clean":"mulchen","nombre_region":"Región del Bío-Bío"},"geometry":{"type":"Polygon","coordinates":[[[-72.348,-37.57],[-72.33,-37.59],[-72.27,-37.6],[-72.264,-37.616],[-72.232,-37.61],[-72.186,-37.662],[-72.15,-37.666],[-72.148,-37.68],[-72.034,-37.732],[-71.994,-37.732],[-71.966,-37.764],[-71.97,-37.808],[-71.918,-37.844],[-71.78,-37.894],[-71.76,-37.928],[-71.692,-37.932],[-71.672,-37.956],[-71.642,-37.96],[-71.656,-38.004],[-71.644,-38.014],[-71.65,-38.044],[-71.622,-38.054],[-71.636,-38.092],[-71.614,-38.102],[-71.622,-38.124],[-71.642,-38.138],[-71.66,-38.126],[-71.684,-38.18],[-71.706,-38.188],[-71.694,-38.17],[-71.722,-38.146],[-71.7,-38.07],[-71.734,-38.042],[-71.776,-38.03],[-71.888,-38.076],[-71.932,-38.046],[-71.966,-37.994],[-72.05,-38.014],[-72.102,-37.998],[-72.13,-37.954],[-72.19,-37.926],[-72.246,-37.878],[-72.318,-37.882],[-72.356,-37.852],[-72.4,-37.842],[-72.48,-37.748],[-72.472,-37.708],[-72.492,-37.656],[-72.476,-37.632],[-72.494,-37.622],[-72.48,-37.616],[-72.482,-37.584],[-72.532,-37.578],[-72.434,-37.562],[-72.348,-37.57]]]}},{"type":"Feature","properties":{"codigo_region":"08","codigo_comuna":"08306","nombre_comuna":"Nacimiento","nombre_comuna_clean":"nacimiento","nombre_region":"Región del Bío-Bío"},"geometry":{"type":"Polygon","coordinates":[[[-73.014,-37.522],[-73.024,-37.498],[-72.97,-37.448],[-72.966,-37.404],[-72.944,-37.37],[-72.898,-37.344],[-72.876,-37.356],[-72.838,-37.334],[-72.812,-37.344],[-72.804,-37.308],[-72.75,-37.322],[-72.73,-37.276],[-72.706,-37.348],[-72.666,-37.384],[-72.682,-37.476],[-72.596,-37.51],[-72.62,-37.534],[-72.652,-37.534],[-72.634,-37.6],[-72.666,-37.63],[-72.686,-37.618],[-72.728,-37.626],[-72.776,-37.596],[-72.776,-37.582],[-72.802,-37.596],[-72.852,-37.59],[-72.928,-37.62],[-73.07,-37.622],[-73.054,-37.608],[-73.062,-37.594],[-72.984,-37.524],[-73.014,-37.522]]]}},{"type":"Feature","properties":{"codigo_region":"08","codigo_comuna":"08307","nombre_comuna":"Negrete","nombre_comuna_clean":"negrete","nombre_region":"Región del Bío-Bío"},"geometry":{"type":"Polygon","coordinates":[[[-72.484,-37.58],[-72.48,-37.616],[-72.494,-37.622],[-72.476,-37.632],[-72.492,-37.656],[-72.506,-37.644],[-72.538,-37.666],[-72.65,-37.664],[-72.64,-37.642],[-72.654,-37.62],[-72.634,-37.6],[-72.652,-37.534],[-72.62,-37.534],[-72.606,-37.518],[-72.574,-37.58],[-72.484,-37.58]]]}},{"type":"Feature","properties":{"codigo_region":"08","codigo_comuna":"08308","nombre_comuna":"Quilaco","nombre_comuna_clean":"quilaco","nombre_region":"Región del Bío-Bío"},"geometry":{"type":"Polygon","coordinates":[[[-72.036,-37.68],[-71.95,-37.686],[-71.894,-37.716],[-71.824,-37.708],[-71.776,-37.764],[-71.704,-37.778],[-71.696,-37.804],[-71.674,-37.812],[-71.692,-37.84],[-71.674,-37.868],[-71.6,-37.914],[-71.604,-37.928],[-71.568,-37.932],[-71.552,-37.984],[-71.486,-38.002],[-71.478,-38.044],[-71.428,-38.072],[-71.41,-38.124],[-71.434,-38.176],[-71.51,-38.21],[-71.532,-38.204],[-71.53,-38.226],[-71.554,-38.246],[-71.58,-38.23],[-71.608,-38.24],[-71.644,-38.314],[-71.69,-38.286],[-71.71,-38.26],[-71.688,-38.25],[-71.712,-38.22],[-71.71,-38.192],[-71.684,-38.18],[-71.666,-38.132],[-71.64,-38.138],[-71.612,-38.108],[-71.636,-38.094],[-71.622,-38.054],[-71.65,-38.042],[-71.644,-38.014],[-71.656,-38.004],[-71.64,-37.96],[-71.672,-37.956],[-71.692,-37.932],[-71.76,-37.928],[-71.78,-37.894],[-71.918,-37.844],[-71.97,-37.808],[-71.966,-37.764],[-71.992,-37.734],[-72.098,-37.708],[-72.158,-37.664],[-72.076,-37.654],[-72.036,-37.68]]]}},{"type":"Feature","properties":{"codigo_region":"08","codigo_comuna":"08309","nombre_comuna":"Quilleco","nombre_comuna_clean":"quilleco","nombre_region":"Región del Bío-Bío"},"geometry":{"type":"Polygon","coordinates":[[[-71.958,-37.326],[-71.922,-37.35],[-71.792,-37.344],[-71.752,-37.372],[-71.642,-37.404],[-71.576,-37.466],[-71.502,-37.454],[-71.464,-37.466],[-71.476,-37.504],[-71.462,-37.558],[-71.5,-37.572],[-71.55,-37.542],[-71.676,-37.546],[-71.736,-37.51],[-71.792,-37.504],[-71.856,-37.512],[-71.898,-37.55],[-71.972,-37.532],[-72.158,-37.586],[-72.124,-37.564],[-72.176,-37.542],[-72.098,-37.506],[-72.042,-37.448],[-72.106,-37.446],[-72.102,-37.43],[-72.068,-37.426],[-72.068,-37.4],[-72.086,-37.39],[-72.096,-37.32],[-72.136,-37.316],[-72.132,-37.298],[-72.086,-37.22],[-72.068,-37.23],[-72.04,-37.206],[-71.968,-37.292],[-71.958,-37.326]]]}},{"type":"Feature","properties":{"codigo_region":"08","codigo_comuna":"08310","nombre_comuna":"San Rosendo","nombre_comuna_clean":"san rosendo","nombre_region":"Región del Bío-Bío"},"geometry":{"type":"Polygon","coordinates":[[[-72.752,-37.196],[-72.734,-37.182],[-72.678,-37.188],[-72.672,-37.172],[-72.634,-37.218],[-72.642,-37.238],[-72.732,-37.274],[-72.768,-37.212],[-72.824,-37.2],[-72.818,-37.18],[-72.794,-37.166],[-72.752,-37.196]]]}},{"type":"Feature","properties":{"codigo_region":"08","codigo_comuna":"08311","nombre_comuna":"Santa Bárbara","nombre_comuna_clean":"santa barbara","nombre_region":"Región del Bío-Bío"},"geometry":{"type":"Polygon","coordinates":[[[-71.658,-37.766],[-71.672,-37.804],[-71.694,-37.806],[-71.708,-37.774],[-71.776,-37.764],[-71.824,-37.708],[-71.894,-37.716],[-71.95,-37.686],[-72.036,-37.68],[-72.086,-37.648],[-72.166,-37.666],[-72.174,-37.654],[-72.144,-37.584],[-71.972,-37.532],[-71.898,-37.55],[-71.842,-37.508],[-71.738,-37.51],[-71.704,-37.54],[-71.55,-37.542],[-71.522,-37.564],[-71.476,-37.568],[-71.462,-37.556],[-71.472,-37.474],[-71.416,-37.462],[-71.394,-37.514],[-71.352,-37.55],[-71.354,-37.564],[-71.392,-37.58],[-71.382,-37.628],[-71.496,-37.64],[-71.546,-37.688],[-71.582,-37.68],[-71.612,-37.73],[-71.6,-37.754],[-71.622,-37.77],[-71.658,-37.766]]]}},{"type":"Feature","properties":{"codigo_region":"08","codigo_comuna":"08312","nombre_comuna":"Tucapel","nombre_comuna_clean":"tucapel","nombre_region":"Región del Bío-Bío"},"geometry":{"type":"Polygon","coordinates":[[[-71.514,-37.084],[-71.484,-37.116],[-71.514,-37.148],[-71.506,-37.196],[-71.524,-37.236],[-71.51,-37.286],[-71.528,-37.314],[-71.672,-37.31],[-71.878,-37.332],[-71.914,-37.352],[-71.958,-37.326],[-71.968,-37.292],[-72.062,-37.194],[-72.054,-37.174],[-72.066,-37.168],[-72.036,-37.166],[-71.99,-37.194],[-71.89,-37.182],[-71.85,-37.162],[-71.844,-37.128],[-71.798,-37.108],[-71.688,-37.144],[-71.582,-37.124],[-71.562,-37.134],[-71.54,-37.064],[-71.514,-37.068],[-71.514,-37.084]]]}},{"type":"Feature","properties":{"codigo_region":"08","codigo_comuna":"08313","nombre_comuna":"Yumbel","nombre_comuna_clean":"yumbel","nombre_region":"Región del Bío-Bío"},"geometry":{"type":"Polygon","coordinates":[[[-72.648,-36.952],[-72.648,-36.918],[-72.518,-36.932],[-72.508,-36.966],[-72.528,-37.048],[-72.51,-37.08],[-72.532,-37.098],[-72.47,-37.116],[-72.512,-37.136],[-72.442,-37.15],[-72.452,-37.188],[-72.43,-37.184],[-72.422,-37.214],[-72.464,-37.216],[-72.51,-37.248],[-72.584,-37.23],[-72.642,-37.238],[-72.634,-37.218],[-72.672,-37.172],[-72.678,-37.188],[-72.768,-37.19],[-72.792,-37.162],[-72.764,-37.138],[-72.78,-37.12],[-72.776,-37.078],[-72.752,-37.072],[-72.724,-37.03],[-72.774,-36.996],[-72.68,-36.936],[-72.648,-36.952]]]}},{"type":"Feature","properties":{"codigo_region":"08","codigo_comuna":"08314","nombre_comuna":"Alto Biobío","nombre_comuna_clean":"alto biobio","nombre_region":"Región del Bío-Bío"},"geometry":{"type":"Polygon","coordinates":[[[-71.282,-37.586],[-71.242,-37.658],[-71.2,-37.654],[-71.21,-37.698],[-71.156,-37.758],[-71.17,-37.78],[-71.154,-37.81],[-71.126,-37.822],[-71.184,-37.858],[-71.14,-37.86],[-71.108,-37.892],[-71.114,-37.952],[-71.062,-37.97],[-71.056,-38.044],[-70.992,-38.084],[-70.99,-38.11],[-71.044,-38.122],[-71.086,-38.09],[-71.152,-38.11],[-71.258,-38.098],[-71.282,-38.11],[-71.302,-38.09],[-71.354,-38.084],[-71.416,-38.106],[-71.44,-38.058],[-71.478,-38.044],[-71.484,-38.004],[-71.552,-37.984],[-71.568,-37.932],[-71.604,-37.928],[-71.6,-37.914],[-71.674,-37.87],[-71.69,-37.842],[-71.658,-37.766],[-71.624,-37.77],[-71.6,-37.754],[-71.612,-37.73],[-71.582,-37.68],[-71.546,-37.688],[-71.496,-37.64],[-71.384,-37.634],[-71.382,-37.566],[-71.322,-37.556],[-71.282,-37.586]]]}},{"type":"Feature","properties":{"codigo_region":"09","codigo_comuna":"09101","nombre_comuna":"Temuco","nombre_comuna_clean":"temuco","nombre_region":"Región de La Araucanía"},"geometry":{"type":"Polygon","coordinates":[[[-72.816,-38.714],[-72.756,-38.654],[-72.766,-38.584],[-72.716,-38.566],[-72.708,-38.55],[-72.63,-38.556],[-72.59,-38.582],[-72.59,-38.612],[-72.562,-38.64],[-72.47,-38.646],[-72.52,-38.678],[-72.512,-38.69],[-72.55,-38.732],[-72.618,-38.762],[-72.812,-38.782],[-72.834,-38.764],[-72.818,-38.754],[-72.816,-38.714]]]}},{"type":"Feature","properties":{"codigo_region":"09","codigo_comuna":"09102","nombre_comuna":"Carahue","nombre_comuna_clean":"carahue","nombre_region":"Región de La Araucanía"},"geometry":{"type":"Polygon","coordinates":[[[-73.474,-38.474],[-73.47,-38.456],[-73.438,-38.45],[-73.382,-38.398],[-73.32,-38.438],[-73.322,-38.482],[-73.306,-38.492],[-73.274,-38.49],[-73.284,-38.456],[-73.238,-38.448],[-73.228,-38.4],[-73.21,-38.394],[-73.184,-38.406],[-73.15,-38.398],[-73.136,-38.472],[-73.116,-38.442],[-73.058,-38.478],[-73.052,-38.518],[-73.1,-38.518],[-73.098,-38.558],[-73.126,-38.576],[-73.122,-38.598],[-73.1,-38.608],[-73.102,-38.666],[-73.07,-38.704],[-73.096,-38.714],[-73.064,-38.766],[-73.076,-38.806],[-73.1,-38.822],[-73.086,-38.848],[-73.104,-38.862],[-73.094,-38.902],[-73.184,-38.9],[-73.194,-38.858],[-73.178,-38.854],[-73.172,-38.822],[-73.226,-38.81],[-73.222,-38.8],[-73.264,-38.782],[-73.242,-38.726],[-73.272,-38.702],[-73.348,-38.696],[-73.362,-38.752],[-73.414,-38.75],[-73.428,-38.764],[-73.488,-38.658],[-73.518,-38.482],[-73.474,-38.474]]]}},{"type":"Feature","properties":{"codigo_region":"09","codigo_comuna":"09103","nombre_comuna":"Cunco","nombre_comuna_clean":"cunco","nombre_region":"Región de La Araucanía"},"geometry":{"type":"Polygon","coordinates":[[[-71.808,-38.828],[-71.854,-38.884],[-71.81,-38.874],[-71.77,-38.904],[-71.754,-38.946],[-71.734,-38.948],[-71.716,-38.992],[-71.684,-39.014],[-71.632,-38.994],[-71.56,-39.002],[-71.564,-39.03],[-71.534,-39.068],[-71.632,-39.08],[-71.616,-39.106],[-71.664,-39.128],[-71.742,-39.1],[-71.818,-39.126],[-71.82,-39.15],[-71.854,-39.148],[-71.872,-39.182],[-71.892,-39.186],[-71.96,-39.12],[-72.044,-39.142],[-72.14,-39.102],[-72.214,-39.096],[-72.268,-39.112],[-72.31,-39.072],[-72.302,-39.032],[-72.358,-39.006],[-72.326,-38.95],[-72.346,-38.94],[-72.322,-38.88],[-72.344,-38.85],[-72.178,-38.804],[-72.07,-38.83],[-71.95,-38.796],[-71.882,-38.824],[-71.888,-38.784],[-71.83,-38.78],[-71.792,-38.736],[-71.758,-38.726],[-71.796,-38.778],[-71.808,-38.828]]]}},{"type":"Feature","properties":{"codigo_region":"09","codigo_comuna":"09104","nombre_comuna":"Curarrehue","nombre_comuna_clean":"curarrehue","nombre_region":"Región de La Araucanía"},"geometry":{"type":"Polygon","coordinates":[[[-71.702,-39.504],[-71.726,-39.484],[-71.71,-39.452],[-71.746,-39.374],[-71.716,-39.364],[-71.744,-39.334],[-71.636,-39.352],[-71.614,-39.328],[-71.64,-39.26],[-71.518,-39.228],[-71.504,-39.186],[-71.548,-39.16],[-71.52,-39.078],[-71.544,-39.064],[-71.564,-39.008],[-71.488,-38.974],[-71.446,-38.974],[-71.398,-39.046],[-71.418,-39.07],[-71.408,-39.098],[-71.422,-39.152],[-71.382,-39.21],[-71.392,-39.258],[-71.374,-39.282],[-71.396,-39.302],[-71.386,-39.318],[-71.4,-39.35],[-71.458,-39.372],[-71.444,-39.402],[-71.464,-39.416],[-71.448,-39.45],[-71.462,-39.456],[-71.474,-39.492],[-71.516,-39.504],[-71.534,-39.528],[-71.504,-39.558],[-71.47,-39.552],[-71.474,-39.574],[-71.462,-39.584],[-71.502,-39.638],[-71.544,-39.624],[-71.578,-39.636],[-71.61,-39.628],[-71.624,-39.592],[-71.696,-39.562],[-71.702,-39.504]]]}},{"type":"Feature","properties":{"codigo_region":"09","codigo_comuna":"09105","nombre_comuna":"Freire","nombre_comuna_clean":"freire","nombre_region":"Región de La Araucanía"},"geometry":{"type":"Polygon","coordinates":[[[-72.346,-38.94],[-72.326,-38.95],[-72.358,-39.006],[-72.302,-39.032],[-72.332,-39.094],[-72.358,-39.088],[-72.37,-39.12],[-72.496,-39.072],[-72.526,-39.01],[-72.64,-38.972],[-72.706,-39.006],[-72.77,-38.996],[-72.822,-39.034],[-72.914,-39.022],[-72.87,-38.91],[-72.818,-38.906],[-72.8,-38.854],[-72.814,-38.826],[-72.714,-38.846],[-72.704,-38.832],[-72.656,-38.838],[-72.636,-38.826],[-72.602,-38.862],[-72.334,-38.908],[-72.346,-38.94]]]}},{"type":"Feature","properties":{"codigo_region":"09","codigo_comuna":"09106","nombre_comuna":"Galvarino","nombre_comuna_clean":"galvarino","nombre_region":"Región de La Araucanía"},"geometry":{"type":"Polygon","coordinates":[[[-72.75,-38.344],[-72.762,-38.346],[-72.75,-38.364],[-72.7,-38.366],[-72.674,-38.388],[-72.69,-38.418],[-72.63,-38.432],[-72.61,-38.45],[-72.61,-38.48],[-72.634,-38.514],[-72.636,-38.552],[-72.708,-38.55],[-72.716,-38.566],[-72.74,-38.564],[-72.792,-38.594],[-72.79,-38.546],[-72.812,-38.514],[-72.846,-38.52],[-72.874,-38.506],[-72.874,-38.486],[-72.884,-38.498],[-72.922,-38.492],[-72.99,-38.462],[-72.982,-38.42],[-73.004,-38.412],[-72.958,-38.39],[-72.956,-38.36],[-72.85,-38.35],[-72.778,-38.32],[-72.75,-38.344]]]}},{"type":"Feature","properties":{"codigo_region":"09","codigo_comuna":"09107","nombre_comuna":"Gorbea","nombre_comuna_clean":"gorbea","nombre_region":"Región de La Araucanía"},"geometry":{"type":"Polygon","coordinates":[[[-72.596,-39.094],[-72.504,-39.116],[-72.512,-39.132],[-72.472,-39.142],[-72.48,-39.162],[-72.45,-39.168],[-72.456,-39.184],[-72.402,-39.198],[-72.414,-39.232],[-72.436,-39.226],[-72.458,-39.258],[-72.558,-39.234],[-72.538,-39.278],[-72.676,-39.244],[-72.734,-39.268],[-72.836,-39.252],[-72.852,-39.29],[-72.866,-39.288],[-72.852,-39.26],[-72.864,-39.216],[-72.888,-39.206],[-72.878,-39.188],[-72.928,-39.144],[-72.866,-39.134],[-72.828,-39.148],[-72.816,-39.1],[-72.78,-39.102],[-72.754,-39.034],[-72.59,-39.078],[-72.596,-39.094]]]}},{"type":"Feature","properties":{"codigo_region":"09","codigo_comuna":"09108","nombre_comuna":"Lautaro","nombre_comuna_clean":"lautaro","nombre_region":"Región de La Araucanía"},"geometry":{"type":"Polygon","coordinates":[[[-72.086,-38.426],[-72.112,-38.508],[-71.944,-38.53],[-71.866,-38.55],[-71.852,-38.57],[-71.896,-38.606],[-72.006,-38.62],[-72.104,-38.586],[-72.13,-38.602],[-72.158,-38.596],[-72.136,-38.572],[-72.254,-38.558],[-72.31,-38.574],[-72.322,-38.61],[-72.44,-38.67],[-72.46,-38.666],[-72.454,-38.648],[-72.57,-38.636],[-72.59,-38.61],[-72.59,-38.582],[-72.64,-38.552],[-72.61,-38.452],[-72.584,-38.472],[-72.58,-38.498],[-72.55,-38.488],[-72.548,-38.51],[-72.53,-38.514],[-72.476,-38.476],[-72.424,-38.466],[-72.348,-38.482],[-72.304,-38.454],[-72.228,-38.454],[-72.124,-38.42],[-72.086,-38.426]]]}},{"type":"Feature","properties":{"codigo_region":"09","codigo_comuna":"09109","nombre_comuna":"Loncoche","nombre_comuna_clean":"loncoche","nombre_region":"Región de La Araucanía"},"geometry":{"type":"Polygon","coordinates":[[[-72.79,-39.432],[-72.794,-39.404],[-72.84,-39.414],[-72.858,-39.398],[-72.898,-39.432],[-72.9,-39.382],[-72.858,-39.356],[-72.858,-39.334],[-72.834,-39.316],[-72.852,-39.29],[-72.836,-39.252],[-72.734,-39.268],[-72.676,-39.244],[-72.538,-39.278],[-72.558,-39.234],[-72.458,-39.258],[-72.408,-39.214],[-72.346,-39.23],[-72.36,-39.264],[-72.394,-39.27],[-72.388,-39.288],[-72.352,-39.3],[-72.348,-39.336],[-72.436,-39.364],[-72.342,-39.396],[-72.354,-39.46],[-72.3,-39.498],[-72.344,-39.51],[-72.44,-39.474],[-72.518,-39.478],[-72.532,-39.434],[-72.658,-39.46],[-72.696,-39.432],[-72.79,-39.432]]]}},{"type":"Feature","properties":{"codigo_region":"09","codigo_comuna":"09110","nombre_comuna":"Melipeuco","nombre_comuna_clean":"melipeuco","nombre_region":"Región de La Araucanía"},"geometry":{"type":"Polygon","coordinates":[[[-71.488,-38.974],[-71.542,-39.004],[-71.632,-38.994],[-71.684,-39.014],[-71.716,-38.992],[-71.734,-38.948],[-71.754,-38.946],[-71.77,-38.904],[-71.81,-38.874],[-71.854,-38.884],[-71.802,-38.816],[-71.788,-38.752],[-71.758,-38.726],[-71.728,-38.724],[-71.73,-38.696],[-71.682,-38.668],[-71.684,-38.608],[-71.59,-38.594],[-71.512,-38.668],[-71.492,-38.662],[-71.536,-38.716],[-71.516,-38.734],[-71.496,-38.73],[-71.514,-38.754],[-71.436,-38.782],[-71.388,-38.832],[-71.416,-38.848],[-71.404,-38.878],[-71.414,-38.888],[-71.394,-38.912],[-71.434,-38.93],[-71.432,-38.978],[-71.488,-38.974]]]}},{"type":"Feature","properties":{"codigo_region":"09","codigo_comuna":"09111","nombre_comuna":"Nueva Imperial","nombre_comuna_clean":"nueva imperial","nombre_region":"Región de La Araucanía"},"geometry":{"type":"Polygon","coordinates":[[[-72.84,-38.808],[-72.814,-38.822],[-72.8,-38.854],[-72.824,-38.91],[-72.872,-38.914],[-72.888,-38.888],[-72.934,-38.902],[-73.018,-38.896],[-73.03,-38.912],[-73.068,-38.892],[-73.094,-38.902],[-73.104,-38.862],[-73.086,-38.848],[-73.1,-38.822],[-73.076,-38.806],[-73.064,-38.766],[-73.096,-38.714],[-73.07,-38.704],[-73.102,-38.666],[-73.1,-38.608],[-73.122,-38.598],[-73.126,-38.576],[-73.098,-38.558],[-73.1,-38.52],[-73.054,-38.518],[-73.05,-38.496],[-73.008,-38.506],[-73.048,-38.626],[-73.006,-38.648],[-72.962,-38.626],[-72.908,-38.66],[-72.888,-38.648],[-72.874,-38.688],[-72.814,-38.716],[-72.818,-38.754],[-72.834,-38.764],[-72.82,-38.766],[-72.84,-38.808]]]}},{"type":"Feature","properties":{"codigo_region":"09","codigo_comuna":"09112","nombre_comuna":"Padre Las Casas","nombre_comuna_clean":"padre las casas","nombre_region":"Región de La Araucanía"},"geometry":{"type":"Polygon","coordinates":[[[-72.448,-38.7],[-72.472,-38.728],[-72.434,-38.72],[-72.38,-38.738],[-72.414,-38.766],[-72.422,-38.802],[-72.452,-38.82],[-72.43,-38.82],[-72.434,-38.842],[-72.416,-38.856],[-72.386,-38.842],[-72.344,-38.85],[-72.326,-38.866],[-72.334,-38.908],[-72.434,-38.88],[-72.51,-38.878],[-72.514,-38.866],[-72.566,-38.874],[-72.622,-38.852],[-72.636,-38.826],[-72.656,-38.838],[-72.704,-38.832],[-72.714,-38.846],[-72.776,-38.842],[-72.84,-38.808],[-72.822,-38.776],[-72.604,-38.758],[-72.55,-38.732],[-72.51,-38.684],[-72.448,-38.7]]]}},{"type":"Feature","properties":{"codigo_region":"09","codigo_comuna":"09113","nombre_comuna":"Perquenco","nombre_comuna_clean":"perquenco","nombre_region":"Región de La Araucanía"},"geometry":{"type":"Polygon","coordinates":[[[-72.35,-38.36],[-72.358,-38.384],[-72.272,-38.404],[-72.236,-38.382],[-72.262,-38.452],[-72.304,-38.454],[-72.348,-38.482],[-72.424,-38.466],[-72.476,-38.476],[-72.532,-38.514],[-72.55,-38.508],[-72.55,-38.488],[-72.58,-38.498],[-72.584,-38.472],[-72.64,-38.428],[-72.548,-38.418],[-72.522,-38.36],[-72.456,-38.37],[-72.394,-38.352],[-72.35,-38.36]]]}},{"type":"Feature","properties":{"codigo_region":"09","codigo_comuna":"09114","nombre_comuna":"Pitrufquén","nombre_comuna_clean":"pitrufquen","nombre_region":"Región de La Araucanía"},"geometry":{"type":"Polygon","coordinates":[[[-72.496,-39.072],[-72.356,-39.122],[-72.316,-39.238],[-72.41,-39.214],[-72.402,-39.198],[-72.456,-39.184],[-72.45,-39.168],[-72.48,-39.162],[-72.472,-39.142],[-72.512,-39.132],[-72.504,-39.116],[-72.596,-39.094],[-72.59,-39.078],[-72.702,-39.042],[-72.712,-39.052],[-72.73,-39.032],[-72.754,-39.034],[-72.78,-39.102],[-72.816,-39.1],[-72.828,-39.148],[-72.866,-39.134],[-72.942,-39.15],[-72.97,-39.14],[-72.988,-39.11],[-72.976,-39.032],[-72.996,-39.02],[-72.976,-39.012],[-72.822,-39.034],[-72.77,-38.996],[-72.724,-39.006],[-72.664,-38.976],[-72.53,-39.008],[-72.496,-39.072]]]}},{"type":"Feature","properties":{"codigo_region":"09","codigo_comuna":"09115","nombre_comuna":"Pucón","nombre_comuna_clean":"pucon","nombre_region":"Región de La Araucanía"},"geometry":{"type":"Polygon","coordinates":[[[-71.52,-39.08],[-71.548,-39.16],[-71.502,-39.196],[-71.52,-39.23],[-71.64,-39.26],[-71.614,-39.328],[-71.634,-39.35],[-71.744,-39.334],[-71.716,-39.364],[-71.746,-39.374],[-71.71,-39.452],[-71.724,-39.496],[-71.76,-39.508],[-71.842,-39.47],[-71.862,-39.436],[-71.986,-39.414],[-71.986,-39.388],[-72.012,-39.352],[-72.068,-39.318],[-72.042,-39.206],[-71.97,-39.196],[-71.97,-39.18],[-71.928,-39.158],[-71.892,-39.186],[-71.872,-39.182],[-71.856,-39.148],[-71.82,-39.15],[-71.818,-39.126],[-71.74,-39.1],[-71.662,-39.126],[-71.616,-39.106],[-71.632,-39.08],[-71.552,-39.066],[-71.52,-39.08]]]}},{"type":"Feature","properties":{"codigo_region":"09","codigo_comuna":"09116","nombre_comuna":"Saavedra","nombre_comuna_clean":"saavedra","nombre_region":"Región de La Araucanía"},"geometry":{"type":"Polygon","coordinates":[[[-73.362,-38.752],[-73.352,-38.7],[-73.27,-38.702],[-73.242,-38.726],[-73.264,-38.782],[-73.222,-38.8],[-73.226,-38.81],[-73.172,-38.822],[-73.178,-38.854],[-73.194,-38.858],[-73.182,-38.934],[-73.218,-38.962],[-73.29,-38.928],[-73.33,-38.966],[-73.422,-38.754],[-73.362,-38.752]]]}},{"type":"Feature","properties":{"codigo_region":"09","codigo_comuna":"09117","nombre_comuna":"Teodoro Schmidt","nombre_comuna_clean":"teodoro schmidt","nombre_region":"Región de La Araucanía"},"geometry":{"type":"Polygon","coordinates":[[[-73.03,-38.912],[-73.018,-38.896],[-72.934,-38.902],[-72.888,-38.888],[-72.872,-38.914],[-72.914,-39.022],[-73.074,-39.008],[-73.122,-39.044],[-73.142,-39.082],[-73.186,-39.116],[-73.162,-39.148],[-73.18,-39.188],[-73.234,-39.208],[-73.216,-39.232],[-73.226,-39.256],[-73.33,-38.958],[-73.288,-38.928],[-73.21,-38.96],[-73.182,-38.934],[-73.178,-38.896],[-73.068,-38.892],[-73.03,-38.912]]]}},{"type":"Feature","properties":{"codigo_region":"09","codigo_comuna":"09118","nombre_comuna":"Toltén","nombre_comuna_clean":"tolten","nombre_region":"Región de La Araucanía"},"geometry":{"type":"Polygon","coordinates":[[[-73.204,-39.37],[-73.232,-39.306],[-73.216,-39.232],[-73.234,-39.21],[-73.182,-39.19],[-73.168,-39.166],[-73.162,-39.148],[-73.18,-39.108],[-73.078,-39.01],[-72.98,-39.024],[-72.988,-39.11],[-72.97,-39.14],[-72.924,-39.146],[-72.878,-39.188],[-72.888,-39.206],[-72.864,-39.216],[-72.852,-39.26],[-72.864,-39.284],[-72.908,-39.29],[-72.946,-39.318],[-73.006,-39.292],[-73.024,-39.298],[-73.034,-39.338],[-73.086,-39.388],[-73.132,-39.394],[-73.16,-39.416],[-73.202,-39.414],[-73.242,-39.39],[-73.222,-39.394],[-73.204,-39.37]]]}},{"type":"Feature","properties":{"codigo_region":"09","codigo_comuna":"09119","nombre_comuna":"Vilcún","nombre_comuna_clean":"vilcun","nombre_region":"Región de La Araucanía"},"geometry":{"type":"Polygon","coordinates":[[[-72.47,-38.646],[-72.44,-38.67],[-72.322,-38.61],[-72.31,-38.574],[-72.254,-38.558],[-72.136,-38.572],[-72.158,-38.596],[-72.13,-38.602],[-72.104,-38.586],[-72.006,-38.62],[-71.896,-38.606],[-71.874,-38.578],[-71.84,-38.57],[-71.84,-38.594],[-71.818,-38.596],[-71.794,-38.624],[-71.8,-38.636],[-71.682,-38.668],[-71.73,-38.696],[-71.728,-38.724],[-71.786,-38.73],[-71.828,-38.78],[-71.888,-38.784],[-71.882,-38.824],[-71.95,-38.796],[-72.07,-38.83],[-72.178,-38.804],[-72.226,-38.808],[-72.326,-38.856],[-72.386,-38.842],[-72.412,-38.856],[-72.434,-38.842],[-72.43,-38.82],[-72.452,-38.82],[-72.422,-38.802],[-72.414,-38.766],[-72.38,-38.738],[-72.434,-38.72],[-72.472,-38.728],[-72.448,-38.7],[-72.52,-38.678],[-72.47,-38.646]]]}},{"type":"Feature","properties":{"codigo_region":"09","codigo_comuna":"09120","nombre_comuna":"Villarrica","nombre_comuna_clean":"villarrica","nombre_region":"Región de La Araucanía"},"geometry":{"type":"Polygon","coordinates":[[[-72.236,-39.472],[-72.216,-39.468],[-72.264,-39.47],[-72.302,-39.498],[-72.342,-39.478],[-72.354,-39.46],[-72.34,-39.4],[-72.382,-39.372],[-72.436,-39.364],[-72.348,-39.336],[-72.352,-39.3],[-72.388,-39.288],[-72.394,-39.27],[-72.36,-39.264],[-72.346,-39.23],[-72.32,-39.238],[-72.31,-39.228],[-72.34,-39.142],[-72.37,-39.12],[-72.358,-39.088],[-72.332,-39.094],[-72.318,-39.06],[-72.268,-39.112],[-72.214,-39.096],[-72.14,-39.102],[-72.044,-39.142],[-71.962,-39.12],[-71.91,-39.154],[-71.97,-39.18],[-71.97,-39.196],[-72.046,-39.208],[-72.068,-39.304],[-72.066,-39.324],[-72.026,-39.34],[-71.986,-39.388],[-71.986,-39.414],[-71.94,-39.42],[-72.146,-39.52],[-72.216,-39.532],[-72.27,-39.512],[-72.236,-39.472]]]}},{"type":"Feature","properties":{"codigo_region":"09","codigo_comuna":"09121","nombre_comuna":"Cholchol","nombre_comuna_clean":"cholchol","nombre_region":"Región de La Araucanía"},"geometry":{"type":"Polygon","coordinates":[[[-72.884,-38.498],[-72.874,-38.486],[-72.874,-38.506],[-72.804,-38.524],[-72.794,-38.59],[-72.758,-38.594],[-72.77,-38.632],[-72.756,-38.652],[-72.8,-38.708],[-72.838,-38.71],[-72.874,-38.688],[-72.888,-38.648],[-72.908,-38.66],[-72.962,-38.626],[-73.006,-38.648],[-73.048,-38.626],[-73.008,-38.506],[-73.05,-38.496],[-73.058,-38.478],[-72.996,-38.48],[-72.98,-38.458],[-72.922,-38.492],[-72.884,-38.498]]]}},{"type":"Feature","properties":{"codigo_region":"09","codigo_comuna":"09201","nombre_comuna":"Angol","nombre_comuna_clean":"angol","nombre_region":"Región de La Araucanía"},"geometry":{"type":"Polygon","coordinates":[[[-72.756,-37.612],[-72.7,-37.634],[-72.71,-37.692],[-72.654,-37.736],[-72.624,-37.734],[-72.596,-37.79],[-72.564,-37.808],[-72.546,-37.8],[-72.528,-37.836],[-72.504,-37.82],[-72.486,-37.828],[-72.482,-37.84],[-72.518,-37.856],[-72.508,-37.87],[-72.53,-37.89],[-72.514,-37.894],[-72.528,-37.918],[-72.506,-37.926],[-72.558,-37.942],[-72.542,-37.99],[-72.566,-38.0],[-72.57,-38.024],[-72.604,-38.022],[-72.604,-37.996],[-72.628,-37.972],[-72.62,-37.946],[-72.658,-37.892],[-72.692,-37.916],[-72.778,-37.894],[-72.784,-37.872],[-72.772,-37.866],[-72.804,-37.838],[-72.936,-37.84],[-73.01,-37.86],[-73.046,-37.842],[-73.024,-37.804],[-73.042,-37.782],[-73.016,-37.752],[-73.024,-37.722],[-73.068,-37.71],[-73.104,-37.726],[-73.124,-37.69],[-73.08,-37.676],[-73.058,-37.64],[-73.07,-37.62],[-73.012,-37.63],[-72.872,-37.606],[-72.852,-37.59],[-72.772,-37.59],[-72.756,-37.612]]]}},{"type":"Feature","properties":{"codigo_region":"09","codigo_comuna":"09202","nombre_comuna":"Collipulli","nombre_comuna_clean":"collipulli","nombre_region":"Región de La Araucanía"},"geometry":{"type":"Polygon","coordinates":[[[-72.4,-37.842],[-72.356,-37.852],[-72.318,-37.882],[-72.246,-37.878],[-72.19,-37.926],[-72.13,-37.954],[-72.102,-37.998],[-72.05,-38.014],[-71.966,-37.994],[-71.932,-38.046],[-71.88,-38.078],[-71.776,-38.03],[-71.734,-38.044],[-71.698,-38.084],[-71.722,-38.146],[-71.694,-38.17],[-71.708,-38.204],[-71.916,-38.202],[-71.954,-38.172],[-72.034,-38.174],[-72.192,-38.09],[-72.34,-38.05],[-72.432,-37.966],[-72.448,-37.984],[-72.464,-37.968],[-72.482,-37.996],[-72.502,-37.978],[-72.48,-37.946],[-72.538,-37.936],[-72.506,-37.926],[-72.528,-37.918],[-72.514,-37.894],[-72.53,-37.89],[-72.508,-37.87],[-72.518,-37.856],[-72.482,-37.84],[-72.496,-37.826],[-72.492,-37.806],[-72.526,-37.778],[-72.462,-37.784],[-72.458,-37.77],[-72.4,-37.842]]]}},{"type":"Feature","properties":{"codigo_region":"09","codigo_comuna":"09203","nombre_comuna":"Curacautín","nombre_comuna_clean":"curacautin","nombre_region":"Región de La Araucanía"},"geometry":{"type":"Polygon","coordinates":[[[-71.688,-38.242],[-71.706,-38.27],[-71.618,-38.324],[-71.592,-38.378],[-71.548,-38.382],[-71.522,-38.364],[-71.478,-38.388],[-71.464,-38.416],[-71.484,-38.436],[-71.45,-38.472],[-71.464,-38.488],[-71.46,-38.52],[-71.588,-38.574],[-71.594,-38.596],[-71.68,-38.606],[-71.682,-38.668],[-71.8,-38.636],[-71.794,-38.624],[-71.84,-38.594],[-71.834,-38.576],[-71.866,-38.55],[-72.112,-38.508],[-72.086,-38.42],[-72.04,-38.412],[-71.978,-38.358],[-71.984,-38.342],[-71.93,-38.198],[-71.724,-38.204],[-71.688,-38.242]]]}},{"type":"Feature","properties":{"codigo_region":"09","codigo_comuna":"09204","nombre_comuna":"Ercilla","nombre_comuna_clean":"ercilla","nombre_region":"Región de La Araucanía"},"geometry":{"type":"Polygon","coordinates":[[[-72.502,-37.978],[-72.482,-37.996],[-72.464,-37.968],[-72.448,-37.984],[-72.432,-37.966],[-72.34,-38.05],[-72.192,-38.09],[-72.034,-38.174],[-71.984,-38.178],[-72.014,-38.188],[-72.18,-38.176],[-72.306,-38.148],[-72.368,-38.158],[-72.45,-38.148],[-72.444,-38.122],[-72.464,-38.098],[-72.572,-38.062],[-72.566,-38.0],[-72.542,-37.99],[-72.558,-37.942],[-72.48,-37.946],[-72.502,-37.978]]]}},{"type":"Feature","properties":{"codigo_region":"09","codigo_comuna":"09205","nombre_comuna":"Lonquimay","nombre_comuna_clean":"lonquimay","nombre_region":"Región de La Araucanía"},"geometry":{"type":"Polygon","coordinates":[[[-71.164,-38.112],[-71.086,-38.09],[-70.996,-38.17],[-70.996,-38.202],[-71.022,-38.214],[-71.018,-38.238],[-71.032,-38.25],[-70.998,-38.292],[-70.984,-38.43],[-70.91,-38.504],[-70.866,-38.514],[-70.842,-38.54],[-70.828,-38.596],[-70.904,-38.668],[-70.884,-38.702],[-70.926,-38.764],[-71.052,-38.758],[-71.068,-38.768],[-71.096,-38.754],[-71.186,-38.814],[-71.238,-38.802],[-71.266,-38.826],[-71.268,-38.854],[-71.394,-38.91],[-71.414,-38.888],[-71.404,-38.878],[-71.416,-38.848],[-71.396,-38.842],[-71.394,-38.82],[-71.48,-38.758],[-71.514,-38.754],[-71.496,-38.73],[-71.518,-38.734],[-71.536,-38.716],[-71.492,-38.662],[-71.512,-38.668],[-71.59,-38.594],[-71.588,-38.574],[-71.558,-38.558],[-71.512,-38.55],[-71.46,-38.52],[-71.464,-38.488],[-71.45,-38.472],[-71.484,-38.436],[-71.464,-38.416],[-71.476,-38.388],[-71.522,-38.364],[-71.548,-38.382],[-71.59,-38.38],[-71.618,-38.324],[-71.642,-38.314],[-71.608,-38.242],[-71.58,-38.23],[-71.554,-38.246],[-71.53,-38.226],[-71.532,-38.204],[-71.51,-38.21],[-71.436,-38.176],[-71.412,-38.134],[-71.414,-38.108],[-71.378,-38.086],[-71.302,-38.09],[-71.282,-38.11],[-71.252,-38.098],[-71.164,-38.112]]]}},{"type":"Feature","properties":{"codigo_region":"09","codigo_comuna":"09206","nombre_comuna":"Los Sauces","nombre_comuna_clean":"los sauces","nombre_region":"Región de La Araucanía"},"geometry":{"type":"Polygon","coordinates":[[[-72.788,-38.124],[-72.858,-38.132],[-72.89,-38.108],[-72.874,-38.08],[-72.9,-38.064],[-72.894,-38.054],[-72.956,-38.012],[-72.95,-37.986],[-72.994,-37.96],[-72.99,-37.93],[-73.028,-37.916],[-73.028,-37.898],[-73.012,-37.894],[-73.032,-37.886],[-73.018,-37.86],[-72.936,-37.84],[-72.804,-37.838],[-72.772,-37.866],[-72.784,-37.872],[-72.778,-37.894],[-72.692,-37.916],[-72.652,-37.896],[-72.62,-37.946],[-72.628,-37.972],[-72.604,-37.996],[-72.604,-38.022],[-72.572,-38.024],[-72.56,-38.08],[-72.64,-38.122],[-72.74,-38.09],[-72.788,-38.124]]]}},{"type":"Feature","properties":{"codigo_region":"09","codigo_comuna":"09207","nombre_comuna":"Lumaco","nombre_comuna_clean":"lumaco","nombre_region":"Región de La Araucanía"},"geometry":{"type":"Polygon","coordinates":[[[-72.89,-38.108],[-72.858,-38.134],[-72.788,-38.124],[-72.79,-38.184],[-72.824,-38.188],[-72.806,-38.276],[-72.898,-38.282],[-72.886,-38.288],[-72.9,-38.31],[-72.884,-38.326],[-72.896,-38.332],[-72.892,-38.352],[-72.956,-38.36],[-72.958,-38.39],[-73.004,-38.41],[-72.98,-38.432],[-72.996,-38.478],[-73.066,-38.476],[-73.116,-38.442],[-73.136,-38.472],[-73.15,-38.398],[-73.222,-38.396],[-73.238,-38.448],[-73.286,-38.458],[-73.272,-38.436],[-73.31,-38.412],[-73.302,-38.384],[-73.342,-38.366],[-73.324,-38.336],[-73.266,-38.286],[-73.222,-38.272],[-73.202,-38.232],[-73.138,-38.216],[-73.132,-38.184],[-73.092,-38.192],[-73.076,-38.172],[-73.088,-38.142],[-73.048,-38.156],[-73.038,-38.13],[-72.992,-38.11],[-72.972,-38.114],[-72.974,-38.118],[-72.98,-38.128],[-72.944,-38.124],[-72.914,-38.072],[-72.88,-38.076],[-72.89,-38.108]]]}},{"type":"Feature","properties":{"codigo_region":"09","codigo_comuna":"09208","nombre_comuna":"Purén","nombre_comuna_clean":"puren","nombre_region":"Región de La Araucanía"},"geometry":{"type":"Polygon","coordinates":[[[-73.012,-37.852],[-73.032,-37.886],[-73.012,-37.894],[-73.028,-37.898],[-73.028,-37.916],[-72.99,-37.93],[-72.994,-37.96],[-72.95,-37.986],[-72.956,-38.012],[-72.904,-38.042],[-72.89,-38.074],[-72.914,-38.072],[-72.944,-38.124],[-72.98,-38.128],[-72.972,-38.114],[-72.994,-38.11],[-73.038,-38.13],[-73.052,-38.156],[-73.088,-38.142],[-73.074,-38.128],[-73.08,-38.096],[-73.156,-38.076],[-73.17,-38.056],[-73.206,-38.054],[-73.206,-38.04],[-73.184,-37.986],[-73.12,-37.96],[-73.11,-37.908],[-73.13,-37.896],[-73.124,-37.878],[-73.03,-37.84],[-73.012,-37.852]]]}},{"type":"Feature","properties":{"codigo_region":"09","codigo_comuna":"09209","nombre_comuna":"Renaico","nombre_comuna_clean":"renaico","nombre_region":"Región de La Araucanía"},"geometry":{"type":"Polygon","coordinates":[[[-72.64,-37.642],[-72.65,-37.664],[-72.632,-37.668],[-72.538,-37.666],[-72.526,-37.648],[-72.494,-37.646],[-72.472,-37.708],[-72.48,-37.748],[-72.46,-37.776],[-72.526,-37.778],[-72.492,-37.806],[-72.496,-37.826],[-72.528,-37.836],[-72.546,-37.8],[-72.564,-37.808],[-72.598,-37.79],[-72.624,-37.734],[-72.654,-37.736],[-72.71,-37.692],[-72.698,-37.65],[-72.71,-37.624],[-72.654,-37.62],[-72.64,-37.642]]]}},{"type":"Feature","properties":{"codigo_region":"09","codigo_comuna":"09210","nombre_comuna":"Traiguén","nombre_comuna_clean":"traiguen","nombre_region":"Región de La Araucanía"},"geometry":{"type":"Polygon","coordinates":[[[-72.64,-38.122],[-72.54,-38.07],[-72.464,-38.098],[-72.444,-38.122],[-72.454,-38.15],[-72.51,-38.164],[-72.504,-38.188],[-72.522,-38.196],[-72.54,-38.274],[-72.508,-38.262],[-72.506,-38.324],[-72.548,-38.418],[-72.69,-38.418],[-72.674,-38.388],[-72.7,-38.366],[-72.75,-38.364],[-72.762,-38.346],[-72.75,-38.344],[-72.78,-38.32],[-72.898,-38.356],[-72.884,-38.326],[-72.898,-38.318],[-72.886,-38.288],[-72.898,-38.282],[-72.806,-38.276],[-72.824,-38.188],[-72.79,-38.184],[-72.79,-38.126],[-72.74,-38.09],[-72.64,-38.122]]]}},{"type":"Feature","properties":{"codigo_region":"09","codigo_comuna":"09211","nombre_comuna":"Victoria","nombre_comuna_clean":"victoria","nombre_region":"Región de La Araucanía"},"geometry":{"type":"Polygon","coordinates":[[[-72.368,-38.158],[-72.306,-38.148],[-72.18,-38.176],[-72.014,-38.188],[-71.954,-38.172],[-71.926,-38.21],[-71.984,-38.342],[-71.978,-38.358],[-72.012,-38.394],[-72.04,-38.414],[-72.162,-38.424],[-72.242,-38.456],[-72.262,-38.452],[-72.236,-38.382],[-72.272,-38.404],[-72.358,-38.384],[-72.35,-38.36],[-72.388,-38.352],[-72.456,-38.37],[-72.524,-38.36],[-72.51,-38.35],[-72.506,-38.274],[-72.508,-38.262],[-72.54,-38.274],[-72.54,-38.26],[-72.522,-38.196],[-72.504,-38.188],[-72.51,-38.164],[-72.42,-38.146],[-72.368,-38.158]]]}},{"type":"Feature","properties":{"codigo_region":"10","codigo_comuna":"10101","nombre_comuna":"Puerto Montt","nombre_comuna_clean":"puerto montt","nombre_region":"Región de Los Lagos"},"geometry":{"type":"MultiPolygon","coordinates":[[[[-73.0,-41.512],[-73.04,-41.518],[-73.032,-41.562],[-73.096,-41.59],[-73.064,-41.614],[-73.086,-41.62],[-73.054,-41.646],[-73.066,-41.666],[-73.05,-41.684],[-73.106,-41.69],[-73.14,-41.682],[-73.146,-41.658],[-73.106,-41.628],[-73.13,-41.584],[-73.218,-41.558],[-73.256,-41.572],[-73.286,-41.558],[-73.324,-41.534],[-73.34,-41.482],[-73.264,-41.474],[-73.248,-41.46],[-73.26,-41.448],[-73.194,-41.388],[-73.116,-41.408],[-73.026,-41.39],[-73.014,-41.408],[-72.972,-41.402],[-72.942,-41.414],[-72.92,-41.396],[-72.924,-41.38],[-72.842,-41.34],[-72.764,-41.336],[-72.77,-41.35],[-72.718,-41.358],[-72.724,-41.376],[-72.698,-41.38],[-72.658,-41.374],[-72.618,-41.33],[-72.522,-41.378],[-72.492,-41.38],[-72.442,-41.35],[-72.424,-41.382],[-72.386,-41.384],[-72.374,-41.402],[-72.434,-41.424],[-72.378,-41.482],[-72.39,-41.548],[-72.414,-41.554],[-72.414,-41.574],[-72.518,-41.644],[-72.56,-41.638],[-72.58,-41.67],[-72.638,-41.698],[-72.664,-41.664],[-72.67,-41.618],[-72.706,-41.6],[-72.74,-41.532],[-72.752,-41.554],[-72.766,-41.528],[-72.826,-41.484],[-72.852,-41.504],[-72.856,-41.488],[-72.868,-41.488],[-72.886,-41.5],[-72.922,-41.476],[-72.94,-41.474],[-72.98,-41.488],[-73.0,-41.512]]],[[[-72.96,-41.578],[-72.97,-41.59],[-73.004,-41.594],[-73.024,-41.576],[-73.02,-41.562],[-72.98,-41.554],[-72.96,-41.578]]],[[[-72.982,-41.516],[-72.994,-41.516],[-72.98,-41.492],[-72.95,-41.488],[-72.982,-41.516]]]]}},{"type":"Feature","properties":{"codigo_region":"10","codigo_comuna":"10102","nombre_comuna":"Calbuco","nombre_comuna_clean":"calbuco","nombre_region":"Región de Los Lagos"},"geometry":{"type":"MultiPolygon","coordinates":[[[[-73.194,-41.786],[-73.234,-41.802],[-73.246,-41.796],[-73.234,-41.772],[-73.24,-41.772],[-73.262,-41.788],[-73.406,-41.764],[-73.408,-41.778],[-73.376,-41.78],[-73.348,-41.814],[-73.392,-41.806],[-73.42,-41.782],[-73.478,-41.8],[-73.54,-41.774],[-73.462,-41.744],[-73.394,-41.746],[-73.264,-41.606],[-73.204,-41.574],[-73.162,-41.572],[-73.114,-41.606],[-73.106,-41.63],[-73.146,-41.658],[-73.14,-41.682],[-73.056,-41.684],[-73.038,-41.704],[-73.062,-41.722],[-73.098,-41.7],[-73.094,-41.73],[-73.118,-41.752],[-73.158,-41.742],[-73.15,-41.704],[-73.172,-41.742],[-73.128,-41.764],[-73.19,-41.782],[-73.182,-41.788],[-73.194,-41.786]]],[[[-73.158,-41.776],[-73.16,-41.792],[-73.174,-41.792],[-73.182,-41.788],[-73.158,-41.776]]],[[[-72.992,-41.824],[-72.984,-41.858],[-73.032,-41.864],[-73.114,-41.808],[-73.072,-41.82],[-73.1,-41.794],[-73.086,-41.792],[-73.044,-41.822],[-73.056,-41.8],[-73.098,-41.772],[-73.066,-41.774],[-73.088,-41.764],[-73.072,-41.746],[-73.088,-41.75],[-73.058,-41.732],[-73.026,-41.794],[-72.992,-41.824]]],[[[-72.886,-41.698],[-72.924,-41.69],[-72.924,-41.692],[-72.91,-41.7],[-72.908,-41.71],[-72.93,-41.712],[-72.964,-41.694],[-72.954,-41.724],[-72.986,-41.722],[-73.002,-41.698],[-72.992,-41.668],[-72.904,-41.678],[-72.886,-41.698]]],[[[-72.894,-41.898],[-72.938,-41.876],[-72.912,-41.866],[-72.896,-41.872],[-72.894,-41.898]]],[[[-73.104,-41.904],[-73.066,-41.9],[-73.116,-41.912],[-73.16,-41.908],[-73.118,-41.904],[-73.134,-41.884],[-73.104,-41.904]]],[[[-73.19,-41.796],[-73.158,-41.798],[-73.126,-41.768],[-73.156,-41.808],[-73.19,-41.796]]],[[[-73.086,-41.83],[-73.092,-41.85],[-73.098,-41.854],[-73.11,-41.836],[-73.096,-41.834],[-73.122,-41.816],[-73.086,-41.83]]],[[[-73.15,-41.838],[-73.166,-41.82],[-73.134,-41.832],[-73.15,-41.838]]],[[[-73.326,-41.808],[-73.328,-41.828],[-73.348,-41.834],[-73.328,-41.818],[-73.348,-41.8],[-73.326,-41.808]]],[[[-73.134,-41.894],[-73.144,-41.89],[-73.182,-41.87],[-73.13,-41.894],[-73.134,-41.894]]]]}},{"type":"Feature","properties":{"codigo_region":"10","codigo_comuna":"10103","nombre_comuna":"Cochamó","nombre_comuna_clean":"cochamo","nombre_region":"Región de Los Lagos"},"geometry":{"type":"MultiPolygon","coordinates":[[[[-71.772,-41.93],[-71.794,-41.962],[-71.756,-42.036],[-71.726,-42.048],[-71.74,-42.082],[-71.732,-42.124],[-71.776,-42.13],[-71.782,-42.148],[-71.832,-42.162],[-71.874,-42.154],[-71.914,-42.19],[-71.952,-42.166],[-71.958,-42.14],[-72.006,-42.14],[-72.056,-42.114],[-72.08,-42.13],[-72.068,-42.148],[-72.126,-42.154],[-72.172,-42.138],[-72.186,-42.164],[-72.274,-42.122],[-72.278,-42.086],[-72.26,-42.06],[-72.324,-42.056],[-72.302,-42.018],[-72.258,-41.992],[-72.224,-42.018],[-72.174,-42.008],[-72.184,-41.988],[-72.16,-41.944],[-72.216,-41.92],[-72.182,-41.894],[-72.228,-41.876],[-72.268,-41.882],[-72.278,-41.864],[-72.3,-41.862],[-72.296,-41.824],[-72.396,-41.782],[-72.452,-41.824],[-72.52,-41.85],[-72.548,-41.818],[-72.578,-41.818],[-72.574,-41.794],[-72.61,-41.766],[-72.612,-41.738],[-72.646,-41.73],[-72.602,-41.736],[-72.588,-41.748],[-72.578,-41.734],[-72.568,-41.746],[-72.51,-41.724],[-72.464,-41.726],[-72.394,-41.702],[-72.326,-41.648],[-72.316,-41.656],[-72.33,-41.642],[-72.324,-41.596],[-72.282,-41.506],[-72.314,-41.494],[-72.304,-41.454],[-72.244,-41.45],[-72.222,-41.414],[-72.168,-41.396],[-72.136,-41.334],[-72.104,-41.332],[-72.094,-41.316],[-72.056,-41.356],[-71.97,-41.388],[-71.91,-41.362],[-71.89,-41.368],[-71.864,-41.422],[-71.836,-41.432],[-71.844,-41.454],[-71.828,-41.48],[-71.852,-41.516],[-71.818,-41.576],[-71.848,-41.566],[-71.886,-41.606],[-71.856,-41.644],[-71.836,-41.648],[-71.818,-41.69],[-71.794,-41.694],[-71.81,-41.72],[-71.784,-41.734],[-71.754,-41.786],[-71.772,-41.794],[-71.75,-41.824],[-71.798,-41.842],[-71.772,-41.93]]],[[[-72.58,-41.67],[-72.56,-41.636],[-72.518,-41.644],[-72.492,-41.622],[-72.474,-41.624],[-72.414,-41.574],[-72.414,-41.554],[-72.39,-41.548],[-72.378,-41.482],[-72.412,-41.436],[-72.434,-41.432],[-72.428,-41.416],[-72.324,-41.454],[-72.354,-41.602],[-72.388,-41.662],[-72.512,-41.688],[-72.57,-41.716],[-72.648,-41.696],[-72.58,-41.67]]],[[[-72.454,-41.684],[-72.436,-41.684],[-72.44,-41.69],[-72.474,-41.706],[-72.454,-41.684]]]]}},{"type":"Feature","properties":{"codigo_region":"10","codigo_comuna":"10104","nombre_comuna":"Fresia","nombre_comuna_clean":"fresia","nombre_region":"Región de Los Lagos"},"geometry":{"type":"Polygon","coordinates":[[[-73.906,-41.124],[-73.924,-41.12],[-73.918,-41.084],[-73.934,-41.06],[-73.896,-41.028],[-73.86,-41.032],[-73.816,-41.01],[-73.71,-41.052],[-73.672,-41.036],[-73.634,-41.064],[-73.608,-41.046],[-73.514,-41.056],[-73.466,-41.008],[-73.426,-40.992],[-73.362,-41.012],[-73.39,-41.03],[-73.396,-41.074],[-73.376,-41.09],[-73.342,-41.092],[-73.338,-41.124],[-73.284,-41.184],[-73.296,-41.192],[-73.288,-41.216],[-73.306,-41.218],[-73.296,-41.268],[-73.386,-41.274],[-73.46,-41.256],[-73.454,-41.282],[-73.49,-41.306],[-73.558,-41.314],[-73.6,-41.298],[-73.64,-41.312],[-73.674,-41.272],[-73.648,-41.246],[-73.71,-41.21],[-73.766,-41.232],[-73.796,-41.272],[-73.84,-41.274],[-73.844,-41.29],[-73.882,-41.186],[-73.92,-41.144],[-73.906,-41.124]]]}},{"type":"Feature","properties":{"codigo_region":"10","codigo_comuna":"10105","nombre_comuna":"Frutillar","nombre_comuna_clean":"frutillar","nombre_region":"Región de Los Lagos"},"geometry":{"type":"Polygon","coordinates":[[[-72.994,-41.028],[-72.926,-41.01],[-72.798,-41.05],[-72.886,-41.178],[-72.96,-41.204],[-73.008,-41.196],[-73.014,-41.182],[-73.126,-41.19],[-73.152,-41.166],[-73.204,-41.178],[-73.21,-41.16],[-73.234,-41.168],[-73.264,-41.142],[-73.328,-41.13],[-73.342,-41.092],[-73.376,-41.09],[-73.396,-41.074],[-73.38,-41.016],[-73.338,-41.006],[-73.322,-41.02],[-73.252,-40.978],[-73.2,-41.006],[-73.172,-40.986],[-73.102,-40.98],[-72.994,-41.028]]]}},{"type":"Feature","properties":{"codigo_region":"10","codigo_comuna":"10106","nombre_comuna":"Los Muermos","nombre_comuna_clean":"los muermos","nombre_region":"Región de Los Lagos"},"geometry":{"type":"Polygon","coordinates":[[[-73.508,-41.55],[-73.534,-41.53],[-73.546,-41.554],[-73.568,-41.542],[-73.642,-41.562],[-73.692,-41.496],[-73.724,-41.496],[-73.734,-41.516],[-73.792,-41.526],[-73.8,-41.502],[-73.854,-41.464],[-73.832,-41.444],[-73.856,-41.428],[-73.836,-41.41],[-73.846,-41.396],[-73.832,-41.374],[-73.844,-41.28],[-73.796,-41.272],[-73.766,-41.232],[-73.712,-41.21],[-73.648,-41.246],[-73.674,-41.272],[-73.64,-41.312],[-73.6,-41.298],[-73.558,-41.314],[-73.49,-41.306],[-73.454,-41.282],[-73.46,-41.256],[-73.386,-41.274],[-73.296,-41.268],[-73.294,-41.292],[-73.32,-41.288],[-73.354,-41.324],[-73.354,-41.37],[-73.276,-41.404],[-73.248,-41.46],[-73.27,-41.476],[-73.334,-41.474],[-73.332,-41.506],[-73.348,-41.522],[-73.418,-41.496],[-73.492,-41.524],[-73.508,-41.55]]]}},{"type":"Feature","properties":{"codigo_region":"10","codigo_comuna":"10107","nombre_comuna":"Llanquihue","nombre_comuna_clean":"llanquihue","nombre_region":"Región de Los Lagos"},"geometry":{"type":"Polygon","coordinates":[[[-73.264,-41.142],[-73.234,-41.168],[-73.21,-41.16],[-73.204,-41.178],[-73.152,-41.166],[-73.126,-41.19],[-73.014,-41.182],[-73.01,-41.194],[-72.96,-41.204],[-72.89,-41.182],[-72.964,-41.292],[-73.3,-41.312],[-73.306,-41.218],[-73.288,-41.216],[-73.296,-41.192],[-73.284,-41.184],[-73.32,-41.13],[-73.264,-41.142]]]}},{"type":"Feature","properties":{"codigo_region":"10","codigo_comuna":"10108","nombre_comuna":"Maullín","nombre_comuna_clean":"maullin","nombre_region":"Región de Los Lagos"},"geometry":{"type":"MultiPolygon","coordinates":[[[[-73.418,-41.508],[-73.374,-41.524],[-73.414,-41.504],[-73.354,-41.524],[-73.33,-41.508],[-73.324,-41.534],[-73.286,-41.558],[-73.256,-41.572],[-73.218,-41.558],[-73.194,-41.572],[-73.264,-41.606],[-73.394,-41.746],[-73.456,-41.742],[-73.54,-41.774],[-73.764,-41.742],[-73.732,-41.74],[-73.704,-41.704],[-73.686,-41.662],[-73.696,-41.634],[-73.67,-41.64],[-73.642,-41.602],[-73.594,-41.616],[-73.594,-41.628],[-73.558,-41.662],[-73.544,-41.666],[-73.554,-41.65],[-73.516,-41.66],[-73.526,-41.648],[-73.552,-41.638],[-73.574,-41.618],[-73.536,-41.606],[-73.504,-41.624],[-73.516,-41.604],[-73.506,-41.582],[-73.5,-41.582],[-73.484,-41.566],[-73.508,-41.578],[-73.478,-41.524],[-73.456,-41.524],[-73.444,-41.516],[-73.456,-41.522],[-73.46,-41.522],[-73.438,-41.508],[-73.422,-41.508],[-73.418,-41.508]],[[-73.442,-41.516],[-73.428,-41.514],[-73.422,-41.508],[-73.442,-41.516]]],[[[-73.788,-41.586],[-73.794,-41.572],[-73.782,-41.556],[-73.794,-41.526],[-73.738,-41.518],[-73.706,-41.494],[-73.674,-41.546],[-73.672,-41.58],[-73.7,-41.574],[-73.682,-41.588],[-73.658,-41.59],[-73.676,-41.602],[-73.738,-41.56],[-73.774,-41.566],[-73.788,-41.586]]],[[[-73.58,-41.542],[-73.546,-41.554],[-73.534,-41.53],[-73.508,-41.55],[-73.528,-41.588],[-73.556,-41.594],[-73.566,-41.582],[-73.568,-41.586],[-73.566,-41.588],[-73.582,-41.606],[-73.664,-41.572],[-73.58,-41.542]]],[[[-73.824,-41.742],[-73.818,-41.73],[-73.8,-41.744],[-73.824,-41.742]]]]}},{"type":"Feature","properties":{"codigo_region":"10","codigo_comuna":"10109","nombre_comuna":"Puerto Varas","nombre_comuna_clean":"puerto varas","nombre_region":"Región de Los Lagos"},"geometry":{"type":"Polygon","coordinates":[[[-71.926,-40.808],[-71.934,-40.822],[-71.908,-40.856],[-71.858,-40.882],[-71.87,-40.892],[-71.856,-40.958],[-71.898,-40.958],[-71.908,-40.974],[-71.818,-41.062],[-71.852,-41.098],[-71.836,-41.118],[-71.84,-41.15],[-71.886,-41.162],[-71.834,-41.272],[-71.898,-41.256],[-71.892,-41.292],[-71.876,-41.296],[-71.88,-41.322],[-71.908,-41.342],[-71.91,-41.362],[-71.952,-41.386],[-72.056,-41.356],[-72.078,-41.322],[-72.1,-41.316],[-72.104,-41.332],[-72.146,-41.346],[-72.168,-41.396],[-72.222,-41.414],[-72.244,-41.45],[-72.288,-41.46],[-72.304,-41.454],[-72.276,-41.392],[-72.304,-41.39],[-72.318,-41.37],[-72.33,-41.408],[-72.3,-41.414],[-72.326,-41.452],[-72.412,-41.424],[-72.414,-41.41],[-72.376,-41.41],[-72.378,-41.39],[-72.424,-41.382],[-72.442,-41.352],[-72.492,-41.38],[-72.522,-41.378],[-72.616,-41.33],[-72.68,-41.38],[-72.724,-41.376],[-72.718,-41.358],[-72.77,-41.35],[-72.764,-41.336],[-72.842,-41.34],[-72.924,-41.38],[-72.92,-41.396],[-72.942,-41.414],[-72.972,-41.402],[-73.014,-41.408],[-73.026,-41.39],[-73.116,-41.408],[-73.192,-41.388],[-73.26,-41.448],[-73.276,-41.404],[-73.354,-41.37],[-73.354,-41.324],[-73.32,-41.288],[-73.3,-41.292],[-73.3,-41.312],[-72.958,-41.288],[-72.798,-41.052],[-72.622,-41.12],[-72.576,-41.118],[-72.496,-41.104],[-72.474,-41.072],[-72.388,-41.042],[-72.366,-41.0],[-72.288,-40.984],[-72.186,-40.924],[-72.126,-40.954],[-72.048,-40.946],[-72.04,-40.896],[-72.074,-40.888],[-72.066,-40.876],[-72.098,-40.858],[-72.106,-40.838],[-72.09,-40.812],[-72.104,-40.812],[-72.102,-40.8],[-71.926,-40.808]]]}},{"type":"Feature","properties":{"codigo_region":"10","codigo_comuna":"10201","nombre_comuna":"Castro","nombre_comuna_clean":"castro","nombre_region":"Región de Los Lagos"},"geometry":{"type":"MultiPolygon","coordinates":[[[[-73.64,-42.436],[-73.688,-42.468],[-73.684,-42.48],[-73.576,-42.534],[-73.63,-42.524],[-73.64,-42.548],[-73.72,-42.568],[-73.744,-42.536],[-73.784,-42.534],[-73.746,-42.518],[-73.734,-42.496],[-73.724,-42.46],[-73.736,-42.426],[-73.756,-42.426],[-73.748,-42.474],[-73.766,-42.464],[-73.758,-42.482],[-73.778,-42.478],[-73.77,-42.498],[-73.798,-42.524],[-73.87,-42.488],[-74.02,-42.49],[-74.022,-42.5],[-74.104,-42.484],[-74.128,-42.508],[-74.192,-42.5],[-74.182,-42.47],[-74.146,-42.452],[-74.106,-42.464],[-74.01,-42.45],[-73.996,-42.432],[-73.888,-42.434],[-73.874,-42.388],[-73.854,-42.388],[-73.858,-42.364],[-73.84,-42.352],[-73.774,-42.36],[-73.744,-42.386],[-73.672,-42.4],[-73.64,-42.436]]],[[[-73.422,-42.622],[-73.472,-42.648],[-73.532,-42.646],[-73.544,-42.628],[-73.528,-42.616],[-73.482,-42.642],[-73.488,-42.618],[-73.508,-42.612],[-73.496,-42.602],[-73.422,-42.622]]],[[[-73.516,-42.604],[-73.54,-42.598],[-73.522,-42.556],[-73.498,-42.548],[-73.516,-42.604]]]]}},{"type":"Feature","properties":{"codigo_region":"10","codigo_comuna":"10202","nombre_comuna":"Ancud","nombre_comuna_clean":"ancud","nombre_region":"Región de Los Lagos"},"geometry":{"type":"Polygon","coordinates":[[[-73.83,-41.86],[-73.796,-41.874],[-73.766,-41.866],[-73.664,-41.796],[-73.642,-41.8],[-73.642,-41.818],[-73.624,-41.828],[-73.59,-41.794],[-73.54,-41.796],[-73.518,-41.82],[-73.518,-41.822],[-73.526,-41.826],[-73.528,-41.826],[-73.528,-41.828],[-73.478,-41.832],[-73.534,-41.882],[-73.484,-41.888],[-73.472,-41.904],[-73.528,-41.892],[-73.538,-41.9],[-73.514,-41.898],[-73.51,-41.924],[-73.544,-41.924],[-73.564,-41.946],[-73.552,-41.968],[-73.522,-41.968],[-73.53,-41.952],[-73.518,-41.95],[-73.526,-42.002],[-73.5,-42.012],[-73.588,-42.01],[-73.564,-42.06],[-73.562,-42.15],[-73.536,-42.174],[-73.546,-42.21],[-73.618,-42.172],[-73.71,-42.16],[-73.724,-42.166],[-73.708,-42.252],[-73.722,-42.256],[-73.8,-42.208],[-73.802,-42.172],[-73.832,-42.152],[-73.866,-42.17],[-73.842,-42.186],[-73.87,-42.224],[-73.96,-42.242],[-74.008,-42.214],[-74.046,-42.23],[-74.136,-42.218],[-74.136,-42.198],[-74.054,-42.146],[-74.046,-42.12],[-74.058,-42.096],[-74.028,-42.068],[-74.056,-41.968],[-74.024,-41.948],[-74.058,-41.938],[-74.01,-41.926],[-73.994,-41.904],[-74.008,-41.868],[-74.058,-41.838],[-74.052,-41.802],[-74.03,-41.806],[-74.0,-41.774],[-73.988,-41.79],[-73.938,-41.796],[-73.9,-41.766],[-73.878,-41.784],[-73.912,-41.796],[-73.854,-41.83],[-73.88,-41.856],[-73.894,-41.858],[-73.886,-41.848],[-73.9,-41.826],[-73.914,-41.854],[-73.936,-41.846],[-73.934,-41.822],[-73.974,-41.834],[-73.98,-41.822],[-73.974,-41.818],[-73.972,-41.816],[-73.986,-41.818],[-73.986,-41.836],[-73.996,-41.834],[-73.994,-41.836],[-74.004,-41.838],[-74.008,-41.842],[-73.922,-41.876],[-73.838,-41.878],[-73.83,-41.86]]]}},{"type":"Feature","properties":{"codigo_region":"10","codigo_comuna":"10203","nombre_comuna":"Chonchi","nombre_comuna_clean":"chonchi","nombre_region":"Región de Los Lagos"},"geometry":{"type":"Polygon","coordinates":[[[-73.79,-42.884],[-73.932,-42.83],[-73.972,-42.836],[-74.01,-42.822],[-74.012,-42.862],[-74.058,-42.846],[-74.152,-42.848],[-74.166,-42.826],[-74.152,-42.792],[-74.168,-42.766],[-74.144,-42.76],[-74.158,-42.718],[-74.126,-42.702],[-74.122,-42.646],[-74.158,-42.542],[-74.2,-42.514],[-74.178,-42.5],[-74.128,-42.508],[-74.104,-42.484],[-74.022,-42.5],[-74.02,-42.49],[-73.87,-42.488],[-73.798,-42.524],[-73.8,-42.546],[-73.756,-42.546],[-73.756,-42.578],[-73.788,-42.596],[-73.788,-42.612],[-73.706,-42.664],[-73.66,-42.666],[-73.682,-42.694],[-73.632,-42.702],[-73.614,-42.744],[-73.714,-42.766],[-73.714,-42.806],[-73.75,-42.83],[-73.772,-42.882],[-73.79,-42.884]]]}},{"type":"Feature","properties":{"codigo_region":"10","codigo_comuna":"10204","nombre_comuna":"Curaco de Vélez","nombre_comuna_clean":"curaco de velez","nombre_region":"Región de Los Lagos"},"geometry":{"type":"Polygon","coordinates":[[[-73.642,-42.46],[-73.604,-42.438],[-73.658,-42.39],[-73.598,-42.382],[-73.522,-42.394],[-73.508,-42.408],[-73.524,-42.424],[-73.514,-42.456],[-73.638,-42.47],[-73.642,-42.46]]]}},{"type":"Feature","properties":{"codigo_region":"10","codigo_comuna":"10205","nombre_comuna":"Dalcahue","nombre_comuna_clean":"dalcahue","nombre_region":"Región de Los Lagos"},"geometry":{"type":"Polygon","coordinates":[[[-74.19,-42.436],[-74.162,-42.4],[-74.14,-42.324],[-74.172,-42.268],[-74.144,-42.218],[-74.046,-42.23],[-74.008,-42.214],[-73.96,-42.242],[-73.94,-42.238],[-73.864,-42.22],[-73.842,-42.186],[-73.866,-42.17],[-73.832,-42.152],[-73.802,-42.172],[-73.8,-42.208],[-73.722,-42.256],[-73.708,-42.252],[-73.724,-42.166],[-73.62,-42.172],[-73.602,-42.192],[-73.546,-42.208],[-73.548,-42.222],[-73.508,-42.25],[-73.422,-42.288],[-73.412,-42.278],[-73.36,-42.296],[-73.352,-42.322],[-73.358,-42.338],[-73.412,-42.322],[-73.432,-42.33],[-73.434,-42.308],[-73.472,-42.344],[-73.508,-42.326],[-73.512,-42.342],[-73.544,-42.334],[-73.68,-42.4],[-73.744,-42.386],[-73.774,-42.36],[-73.84,-42.352],[-73.858,-42.364],[-73.854,-42.388],[-73.874,-42.388],[-73.888,-42.434],[-73.996,-42.432],[-74.008,-42.45],[-74.05,-42.46],[-74.146,-42.452],[-74.178,-42.464],[-74.19,-42.436]]]}},{"type":"Feature","properties":{"codigo_region":"10","codigo_comuna":"10206","nombre_comuna":"Puqueldón","nombre_comuna_clean":"puqueldon","nombre_region":"Región de Los Lagos"},"geometry":{"type":"Polygon","coordinates":[[[-73.566,-42.618],[-73.58,-42.632],[-73.58,-42.672],[-73.554,-42.684],[-73.522,-42.672],[-73.536,-42.7],[-73.578,-42.708],[-73.578,-42.68],[-73.598,-42.652],[-73.658,-42.638],[-73.702,-42.654],[-73.744,-42.63],[-73.74,-42.614],[-73.72,-42.618],[-73.738,-42.61],[-73.722,-42.596],[-73.676,-42.608],[-73.678,-42.596],[-73.594,-42.57],[-73.566,-42.618]]]}},{"type":"Feature","properties":{"codigo_region":"10","codigo_comuna":"10207","nombre_comuna":"Queilén","nombre_comuna_clean":"queilen","nombre_region":"Región de Los Lagos"},"geometry":{"type":"MultiPolygon","coordinates":[[[[-73.546,-42.756],[-73.488,-42.792],[-73.472,-42.814],[-73.472,-42.896],[-73.486,-42.904],[-73.478,-42.876],[-73.494,-42.862],[-73.488,-42.886],[-73.508,-42.87],[-73.528,-42.886],[-73.574,-42.886],[-73.606,-42.846],[-73.616,-42.808],[-73.62,-42.812],[-73.616,-42.834],[-73.624,-42.846],[-73.652,-42.846],[-73.606,-42.85],[-73.586,-42.888],[-73.624,-42.888],[-73.66,-42.852],[-73.72,-42.856],[-73.748,-42.832],[-73.714,-42.806],[-73.714,-42.766],[-73.61,-42.748],[-73.546,-42.756]]],[[[-73.352,-42.988],[-73.324,-43.016],[-73.466,-42.994],[-73.468,-42.98],[-73.516,-42.974],[-73.526,-42.946],[-73.57,-42.96],[-73.574,-42.936],[-73.604,-42.932],[-73.518,-42.918],[-73.352,-42.988]]]]}},{"type":"Feature","properties":{"codigo_region":"10","codigo_comuna":"10208","nombre_comuna":"Quellón","nombre_comuna_clean":"quellon","nombre_region":"Región de Los Lagos"},"geometry":{"type":"MultiPolygon","coordinates":[[[[-73.834,-43.426],[-73.878,-43.424],[-73.89,-43.4],[-73.916,-43.392],[-73.918,-43.37],[-73.974,-43.364],[-73.958,-43.356],[-73.958,-43.344],[-73.968,-43.346],[-73.962,-43.356],[-73.972,-43.356],[-73.982,-43.362],[-74.002,-43.39],[-74.024,-43.366],[-74.02,-43.352],[-74.056,-43.352],[-74.06,-43.332],[-74.094,-43.33],[-74.09,-43.32],[-74.104,-43.326],[-74.086,-43.342],[-74.05,-43.358],[-74.032,-43.354],[-74.034,-43.358],[-74.084,-43.37],[-74.084,-43.392],[-74.104,-43.392],[-74.144,-43.348],[-74.198,-43.348],[-74.224,-43.326],[-74.3,-43.326],[-74.334,-43.29],[-74.366,-43.292],[-74.404,-43.268],[-74.406,-43.234],[-74.374,-43.222],[-74.348,-43.148],[-74.306,-43.136],[-74.312,-43.118],[-74.336,-43.118],[-74.316,-43.106],[-74.336,-43.098],[-74.324,-43.076],[-74.29,-43.08],[-74.258,-43.038],[-74.226,-43.028],[-74.23,-43.008],[-74.266,-42.992],[-74.21,-42.972],[-74.208,-42.93],[-74.228,-42.918],[-74.172,-42.904],[-74.152,-42.848],[-74.058,-42.846],[-74.012,-42.862],[-74.01,-42.822],[-73.972,-42.836],[-73.932,-42.83],[-73.79,-42.884],[-73.742,-42.852],[-73.666,-42.88],[-73.618,-42.916],[-73.616,-42.942],[-73.652,-42.94],[-73.648,-42.944],[-73.63,-42.944],[-73.624,-42.948],[-73.61,-42.942],[-73.594,-42.952],[-73.618,-42.976],[-73.546,-42.974],[-73.538,-43.03],[-73.512,-43.072],[-73.572,-43.032],[-73.624,-43.046],[-73.616,-43.056],[-73.576,-43.052],[-73.494,-43.086],[-73.48,-43.144],[-73.518,-43.13],[-73.496,-43.112],[-73.532,-43.126],[-73.546,-43.1],[-73.544,-43.122],[-73.562,-43.11],[-73.632,-43.116],[-73.64,-43.124],[-73.616,-43.138],[-73.626,-43.144],[-73.704,-43.15],[-73.716,-43.144],[-73.71,-43.104],[-73.718,-43.088],[-73.732,-43.094],[-73.726,-43.114],[-73.764,-43.142],[-73.74,-43.17],[-73.754,-43.204],[-73.722,-43.242],[-73.678,-43.264],[-73.684,-43.276],[-73.662,-43.318],[-73.796,-43.314],[-73.878,-43.278],[-73.878,-43.284],[-73.872,-43.288],[-73.81,-43.312],[-73.812,-43.334],[-73.794,-43.354],[-73.792,-43.41],[-73.812,-43.412],[-73.816,-43.392],[-73.83,-43.378],[-73.864,-43.37],[-73.86,-43.352],[-73.87,-43.37],[-73.822,-43.398],[-73.834,-43.426]]],[[[-74.596,-43.582],[-74.6,-43.592],[-74.58,-43.594],[-74.576,-43.616],[-74.552,-43.628],[-74.698,-43.644],[-74.77,-43.684],[-74.814,-43.632],[-74.838,-43.564],[-74.82,-43.564],[-74.812,-43.57],[-74.8,-43.566],[-74.786,-43.578],[-74.744,-43.566],[-74.742,-43.518],[-74.596,-43.582]]],[[[-73.668,-43.348],[-73.676,-43.388],[-73.726,-43.4],[-73.772,-43.384],[-73.808,-43.32],[-73.76,-43.318],[-73.668,-43.348]]],[[[-73.662,-43.194],[-73.668,-43.248],[-73.744,-43.204],[-73.712,-43.18],[-73.662,-43.194]]],[[[-73.588,-43.202],[-73.56,-43.188],[-73.586,-43.142],[-73.554,-43.138],[-73.548,-43.17],[-73.508,-43.176],[-73.588,-43.202]]],[[[-73.508,-43.152],[-73.498,-43.174],[-73.508,-43.176],[-73.51,-43.152],[-73.508,-43.152]]],[[[-73.532,-43.156],[-73.52,-43.142],[-73.51,-43.152],[-73.532,-43.156]]],[[[-73.57,-43.248],[-73.576,-43.274],[-73.626,-43.24],[-73.62,-43.222],[-73.642,-43.186],[-73.618,-43.164],[-73.598,-43.232],[-73.57,-43.248]]],[[[-74.248,-43.394],[-74.232,-43.41],[-74.28,-43.428],[-74.278,-43.362],[-74.254,-43.348],[-74.248,-43.394]]],[[[-73.434,-43.064],[-73.472,-43.044],[-73.438,-43.054],[-73.434,-43.064]]],[[[-74.084,-43.406],[-74.088,-43.418],[-74.1,-43.41],[-74.09,-43.396],[-74.084,-43.406]]]]}},{"type":"Feature","properties":{"codigo_region":"10","codigo_comuna":"10209","nombre_comuna":"Quemchi","nombre_comuna_clean":"quemchi","nombre_region":"Región de Los Lagos"},"geometry":{"type":"MultiPolygon","coordinates":[[[[-73.416,-42.072],[-73.442,-42.118],[-73.464,-42.126],[-73.482,-42.112],[-73.472,-42.142],[-73.49,-42.146],[-73.488,-42.162],[-73.424,-42.178],[-73.398,-42.21],[-73.364,-42.208],[-73.362,-42.24],[-73.376,-42.236],[-73.428,-42.26],[-73.398,-42.26],[-73.378,-42.244],[-73.348,-42.252],[-73.338,-42.268],[-73.36,-42.296],[-73.412,-42.278],[-73.422,-42.288],[-73.548,-42.222],[-73.536,-42.174],[-73.562,-42.15],[-73.564,-42.06],[-73.588,-42.01],[-73.5,-42.012],[-73.526,-42.002],[-73.516,-41.974],[-73.416,-42.072]]],[[[-73.06,-42.298],[-73.13,-42.342],[-73.176,-42.276],[-73.158,-42.268],[-73.136,-42.29],[-73.146,-42.302],[-73.114,-42.288],[-73.128,-42.276],[-73.102,-42.282],[-73.104,-42.274],[-73.124,-42.27],[-73.138,-42.278],[-73.128,-42.27],[-73.11,-42.264],[-73.11,-42.258],[-73.06,-42.272],[-73.06,-42.298]]],[[[-73.386,-42.184],[-73.412,-42.154],[-73.462,-42.142],[-73.392,-42.106],[-73.352,-42.18],[-73.386,-42.184]]],[[[-73.232,-42.308],[-73.288,-42.318],[-73.314,-42.306],[-73.276,-42.284],[-73.232,-42.308]]],[[[-73.186,-42.304],[-73.218,-42.302],[-73.222,-42.298],[-73.196,-42.296],[-73.264,-42.276],[-73.206,-42.282],[-73.186,-42.304]]],[[[-73.124,-42.398],[-73.154,-42.398],[-73.138,-42.378],[-73.106,-42.376],[-73.124,-42.398]]],[[[-73.214,-42.336],[-73.22,-42.342],[-73.246,-42.34],[-73.268,-42.336],[-73.26,-42.318],[-73.214,-42.336]]],[[[-73.204,-42.312],[-73.196,-42.32],[-73.21,-42.328],[-73.216,-42.306],[-73.204,-42.312]]],[[[-73.14,-42.266],[-73.146,-42.278],[-73.148,-42.26],[-73.188,-42.246],[-73.15,-42.252],[-73.14,-42.266]]]]}},{"type":"Feature","properties":{"codigo_region":"10","codigo_comuna":"10210","nombre_comuna":"Quinchao","nombre_comuna_clean":"quinchao","nombre_region":"Región de Los Lagos"},"geometry":{"type":"MultiPolygon","coordinates":[[[[-73.45,-42.486],[-73.426,-42.524],[-73.396,-42.542],[-73.388,-42.584],[-73.444,-42.572],[-73.436,-42.54],[-73.408,-42.552],[-73.45,-42.52],[-73.512,-42.504],[-73.54,-42.468],[-73.516,-42.456],[-73.45,-42.486]]],[[[-73.232,-42.644],[-73.244,-42.666],[-73.28,-42.66],[-73.358,-42.632],[-73.342,-42.622],[-73.232,-42.644]]],[[[-73.298,-42.47],[-73.312,-42.484],[-73.378,-42.488],[-73.374,-42.454],[-73.314,-42.456],[-73.298,-42.47]]],[[[-73.282,-42.42],[-73.298,-42.436],[-73.346,-42.424],[-73.306,-42.424],[-73.312,-42.4],[-73.292,-42.39],[-73.282,-42.42]]],[[[-73.196,-42.618],[-73.208,-42.63],[-73.224,-42.626],[-73.212,-42.592],[-73.224,-42.59],[-73.222,-42.616],[-73.242,-42.616],[-73.222,-42.56],[-73.196,-42.618]]],[[[-73.412,-42.394],[-73.438,-42.41],[-73.46,-42.38],[-73.438,-42.37],[-73.412,-42.394]]],[[[-73.25,-42.48],[-73.25,-42.504],[-73.264,-42.514],[-73.294,-42.462],[-73.25,-42.48]]],[[[-73.264,-42.61],[-73.328,-42.604],[-73.33,-42.598],[-73.322,-42.592],[-73.262,-42.598],[-73.264,-42.61]]],[[[-73.422,-42.45],[-73.464,-42.428],[-73.458,-42.424],[-73.434,-42.422],[-73.422,-42.45]]]]}},{"type":"Feature","properties":{"codigo_region":"10","codigo_comuna":"10301","nombre_comuna":"Osorno","nombre_comuna_clean":"osorno","nombre_region":"Región de Los Lagos"},"geometry":{"type":"Polygon","coordinates":[[[-72.872,-40.538],[-72.878,-40.556],[-72.86,-40.572],[-72.894,-40.6],[-72.874,-40.628],[-72.894,-40.676],[-72.864,-40.682],[-72.878,-40.702],[-72.768,-40.74],[-72.784,-40.776],[-72.87,-40.788],[-72.924,-40.762],[-72.98,-40.764],[-72.97,-40.756],[-73.024,-40.72],[-73.032,-40.69],[-73.048,-40.688],[-73.046,-40.71],[-73.06,-40.714],[-73.186,-40.632],[-73.234,-40.668],[-73.418,-40.662],[-73.408,-40.628],[-73.33,-40.622],[-73.352,-40.618],[-73.36,-40.586],[-73.344,-40.564],[-73.354,-40.52],[-73.306,-40.466],[-73.34,-40.45],[-73.334,-40.422],[-73.276,-40.43],[-73.264,-40.454],[-73.284,-40.506],[-73.268,-40.53],[-73.182,-40.528],[-73.168,-40.488],[-73.142,-40.494],[-73.136,-40.48],[-73.068,-40.46],[-73.064,-40.51],[-72.972,-40.508],[-72.944,-40.528],[-72.872,-40.538]]]}},{"type":"Feature","properties":{"codigo_region":"10","codigo_comuna":"10302","nombre_comuna":"Puerto Octay","nombre_comuna_clean":"puerto octay","nombre_region":"Región de Los Lagos"},"geometry":{"type":"Polygon","coordinates":[[[-72.994,-41.028],[-72.996,-40.976],[-72.97,-40.972],[-72.982,-40.926],[-72.93,-40.89],[-72.932,-40.868],[-72.988,-40.812],[-72.984,-40.792],[-73.012,-40.76],[-72.994,-40.748],[-73.006,-40.724],[-72.97,-40.756],[-72.98,-40.764],[-72.856,-40.78],[-72.802,-40.82],[-72.736,-40.816],[-72.706,-40.784],[-72.614,-40.794],[-72.48,-40.818],[-72.312,-40.884],[-72.172,-40.872],[-72.1,-40.8],[-72.104,-40.812],[-72.09,-40.812],[-72.106,-40.838],[-72.098,-40.858],[-72.066,-40.876],[-72.074,-40.888],[-72.04,-40.896],[-72.048,-40.946],[-72.126,-40.954],[-72.186,-40.924],[-72.288,-40.984],[-72.366,-41.0],[-72.388,-41.042],[-72.474,-41.072],[-72.496,-41.104],[-72.62,-41.12],[-72.926,-41.01],[-72.994,-41.028]]]}},{"type":"Feature","properties":{"codigo_region":"10","codigo_comuna":"10303","nombre_comuna":"Purranque","nombre_comuna_clean":"purranque","nombre_region":"Región de Los Lagos"},"geometry":{"type":"Polygon","coordinates":[[[-73.848,-40.922],[-73.852,-40.89],[-73.878,-40.886],[-73.886,-40.86],[-73.858,-40.804],[-73.814,-40.806],[-73.804,-40.836],[-73.658,-40.904],[-73.604,-40.852],[-73.53,-40.852],[-73.496,-40.816],[-73.444,-40.854],[-73.362,-40.85],[-73.266,-40.878],[-73.246,-40.876],[-73.238,-40.856],[-73.216,-40.86],[-73.208,-40.842],[-73.108,-40.86],[-73.106,-40.832],[-73.034,-40.84],[-73.016,-40.854],[-72.982,-40.816],[-72.932,-40.868],[-72.93,-40.89],[-72.982,-40.926],[-72.97,-40.972],[-72.996,-40.976],[-72.994,-41.028],[-73.106,-40.978],[-73.172,-40.986],[-73.2,-41.006],[-73.252,-40.978],[-73.28,-41.006],[-73.328,-41.022],[-73.338,-41.006],[-73.356,-41.02],[-73.378,-41.0],[-73.448,-40.998],[-73.514,-41.056],[-73.608,-41.046],[-73.634,-41.064],[-73.672,-41.036],[-73.71,-41.052],[-73.816,-41.01],[-73.86,-41.032],[-73.896,-41.028],[-73.936,-41.062],[-73.938,-40.974],[-73.848,-40.922]]]}},{"type":"Feature","properties":{"codigo_region":"10","codigo_comuna":"10304","nombre_comuna":"Puyehue","nombre_comuna_clean":"puyehue","nombre_region":"Región de Los Lagos"},"geometry":{"type":"Polygon","coordinates":[[[-71.926,-40.808],[-72.1,-40.8],[-72.17,-40.872],[-72.282,-40.886],[-72.492,-40.814],[-72.614,-40.794],[-72.706,-40.784],[-72.736,-40.816],[-72.802,-40.82],[-72.856,-40.78],[-72.784,-40.776],[-72.768,-40.74],[-72.878,-40.702],[-72.864,-40.682],[-72.894,-40.676],[-72.874,-40.628],[-72.894,-40.6],[-72.86,-40.572],[-72.878,-40.554],[-72.854,-40.534],[-72.814,-40.546],[-72.82,-40.556],[-72.772,-40.602],[-72.656,-40.626],[-72.644,-40.656],[-72.606,-40.682],[-72.438,-40.654],[-72.356,-40.66],[-72.34,-40.676],[-72.286,-40.646],[-72.198,-40.672],[-72.162,-40.658],[-72.08,-40.66],[-72.052,-40.63],[-71.97,-40.634],[-71.93,-40.59],[-71.886,-40.584],[-71.88,-40.568],[-71.856,-40.592],[-71.826,-40.578],[-71.868,-40.662],[-71.962,-40.72],[-71.958,-40.76],[-71.92,-40.79],[-71.926,-40.808]]]}},{"type":"Feature","properties":{"codigo_region":"10","codigo_comuna":"10305","nombre_comuna":"Río Negro","nombre_comuna_clean":"rio negro","nombre_region":"Región de Los Lagos"},"geometry":{"type":"Polygon","coordinates":[[[-73.804,-40.636],[-73.764,-40.656],[-73.732,-40.642],[-73.7,-40.648],[-73.664,-40.674],[-73.688,-40.716],[-73.574,-40.748],[-73.516,-40.744],[-73.48,-40.72],[-73.356,-40.696],[-73.33,-40.662],[-73.234,-40.668],[-73.186,-40.632],[-73.06,-40.714],[-73.046,-40.71],[-73.048,-40.688],[-73.032,-40.69],[-72.994,-40.748],[-73.012,-40.76],[-72.982,-40.816],[-73.016,-40.854],[-73.034,-40.84],[-73.106,-40.832],[-73.108,-40.86],[-73.208,-40.842],[-73.216,-40.86],[-73.238,-40.856],[-73.246,-40.876],[-73.266,-40.878],[-73.362,-40.85],[-73.444,-40.854],[-73.506,-40.818],[-73.528,-40.852],[-73.604,-40.852],[-73.63,-40.89],[-73.648,-40.886],[-73.66,-40.904],[-73.804,-40.836],[-73.814,-40.806],[-73.868,-40.808],[-73.86,-40.772],[-73.842,-40.776],[-73.83,-40.72],[-73.804,-40.718],[-73.808,-40.692],[-73.834,-40.666],[-73.806,-40.654],[-73.804,-40.636]]]}},{"type":"Feature","properties":{"codigo_region":"10","codigo_comuna":"10306","nombre_comuna":"San Juan de la Costa","nombre_comuna_clean":"san juan de la costa","nombre_region":"Región de Los Lagos"},"geometry":{"type":"Polygon","coordinates":[[[-73.718,-40.556],[-73.716,-40.534],[-73.778,-40.456],[-73.748,-40.442],[-73.76,-40.422],[-73.746,-40.408],[-73.766,-40.396],[-73.752,-40.388],[-73.758,-40.352],[-73.74,-40.342],[-73.754,-40.318],[-73.748,-40.286],[-73.698,-40.238],[-73.68,-40.242],[-73.672,-40.276],[-73.6,-40.302],[-73.578,-40.284],[-73.512,-40.288],[-73.454,-40.27],[-73.436,-40.324],[-73.452,-40.356],[-73.426,-40.416],[-73.38,-40.432],[-73.336,-40.42],[-73.34,-40.45],[-73.306,-40.466],[-73.354,-40.52],[-73.344,-40.564],[-73.356,-40.608],[-73.33,-40.622],[-73.404,-40.626],[-73.416,-40.64],[-73.416,-40.662],[-73.338,-40.66],[-73.336,-40.676],[-73.356,-40.696],[-73.48,-40.72],[-73.498,-40.74],[-73.598,-40.75],[-73.678,-40.724],[-73.688,-40.714],[-73.664,-40.672],[-73.7,-40.648],[-73.732,-40.642],[-73.764,-40.656],[-73.804,-40.636],[-73.756,-40.62],[-73.762,-40.604],[-73.74,-40.604],[-73.744,-40.57],[-73.718,-40.556]]]}},{"type":"Feature","properties":{"codigo_region":"10","codigo_comuna":"10307","nombre_comuna":"San Pablo","nombre_comuna_clean":"san pablo","nombre_region":"Región de Los Lagos"},"geometry":{"type":"Polygon","coordinates":[[[-73.064,-40.51],[-73.07,-40.492],[-73.068,-40.46],[-73.136,-40.48],[-73.142,-40.494],[-73.168,-40.488],[-73.182,-40.528],[-73.268,-40.53],[-73.284,-40.506],[-73.264,-40.454],[-73.276,-40.43],[-73.336,-40.42],[-73.406,-40.43],[-73.448,-40.376],[-73.444,-40.306],[-73.406,-40.338],[-73.308,-40.334],[-73.272,-40.352],[-73.178,-40.348],[-73.148,-40.362],[-73.078,-40.346],[-73.03,-40.384],[-72.98,-40.386],[-72.904,-40.446],[-72.892,-40.506],[-72.856,-40.53],[-72.898,-40.54],[-72.972,-40.508],[-73.064,-40.51]]]}},{"type":"Feature","properties":{"codigo_region":"10","codigo_comuna":"10401","nombre_comuna":"Chaitén","nombre_comuna_clean":"chaiten","nombre_region":"Región de Los Lagos"},"geometry":{"type":"MultiPolygon","coordinates":[[[[-72.854,-42.62],[-72.812,-42.51],[-72.794,-42.5],[-72.788,-42.512],[-72.674,-42.52],[-72.604,-42.562],[-72.574,-42.558],[-72.554,-42.582],[-72.49,-42.578],[-72.498,-42.548],[-72.508,-42.572],[-72.534,-42.558],[-72.52,-42.546],[-72.63,-42.514],[-72.696,-42.444],[-72.7,-42.408],[-72.758,-42.386],[-72.784,-42.31],[-72.828,-42.32],[-72.838,-42.294],[-72.806,-42.284],[-72.768,-42.244],[-72.74,-42.254],[-72.752,-42.236],[-72.736,-42.226],[-72.67,-42.224],[-72.588,-42.188],[-72.56,-42.2],[-72.514,-42.244],[-72.526,-42.274],[-72.508,-42.346],[-72.452,-42.398],[-72.456,-42.448],[-72.436,-42.474],[-72.448,-42.498],[-72.422,-42.48],[-72.398,-42.578],[-72.352,-42.592],[-72.312,-42.638],[-72.284,-42.626],[-72.226,-42.668],[-72.172,-42.638],[-72.156,-42.658],[-72.178,-42.696],[-72.138,-42.71],[-72.128,-42.732],[-72.146,-42.742],[-72.132,-42.776],[-72.166,-42.798],[-72.12,-42.882],[-72.166,-42.898],[-72.202,-42.89],[-72.186,-42.914],[-72.234,-42.964],[-72.214,-42.988],[-72.242,-42.996],[-72.226,-43.03],[-72.168,-43.056],[-72.184,-43.098],[-72.15,-43.118],[-72.164,-43.18],[-72.232,-43.228],[-72.198,-43.238],[-72.176,-43.3],[-72.19,-43.346],[-72.246,-43.408],[-72.29,-43.384],[-72.308,-43.39],[-72.3,-43.432],[-72.254,-43.474],[-72.26,-43.502],[-72.198,-43.56],[-72.208,-43.584],[-72.256,-43.608],[-72.232,-43.648],[-72.32,-43.69],[-72.338,-43.674],[-72.402,-43.69],[-72.422,-43.73],[-72.476,-43.736],[-72.498,-43.796],[-72.612,-43.756],[-72.654,-43.76],[-72.662,-43.778],[-72.696,-43.764],[-72.764,-43.77],[-72.768,-43.75],[-72.8,-43.74],[-72.766,-43.686],[-72.79,-43.674],[-72.79,-43.644],[-72.808,-43.638],[-72.824,-43.644],[-72.854,-43.74],[-72.894,-43.738],[-72.938,-43.698],[-73.048,-43.738],[-73.038,-43.716],[-72.966,-43.682],[-72.95,-43.636],[-72.896,-43.606],[-72.904,-43.63],[-72.888,-43.628],[-72.874,-43.612],[-72.882,-43.578],[-72.912,-43.606],[-73.0,-43.594],[-73.028,-43.538],[-73.05,-43.532],[-73.04,-43.516],[-73.092,-43.468],[-73.09,-43.432],[-73.052,-43.394],[-73.062,-43.322],[-72.98,-43.268],[-72.87,-43.234],[-72.914,-43.13],[-72.858,-43.028],[-72.78,-43.028],[-72.772,-43.058],[-72.692,-43.106],[-72.726,-43.08],[-72.752,-43.008],[-72.774,-43.006],[-72.792,-42.966],[-72.816,-42.952],[-72.808,-42.934],[-72.724,-42.972],[-72.732,-42.964],[-72.712,-42.914],[-72.756,-42.882],[-72.796,-42.874],[-72.802,-42.852],[-72.834,-42.836],[-72.856,-42.766],[-72.834,-42.746],[-72.842,-42.704],[-72.832,-42.716],[-72.81,-42.716],[-72.8,-42.7],[-72.798,-42.678],[-72.832,-42.668],[-72.854,-42.62]]],[[[-72.976,-42.74],[-72.944,-42.718],[-72.924,-42.724],[-72.918,-42.782],[-72.942,-42.782],[-72.952,-42.754],[-72.97,-42.752],[-72.946,-42.782],[-72.952,-42.796],[-72.944,-42.796],[-72.938,-42.786],[-72.95,-42.81],[-73.004,-42.734],[-73.032,-42.72],[-73.03,-42.696],[-72.996,-42.702],[-72.976,-42.74]]],[[[-73.002,-42.606],[-73.008,-42.654],[-73.022,-42.644],[-73.018,-42.628],[-73.066,-42.616],[-73.04,-42.598],[-73.002,-42.606]]],[[[-73.06,-42.752],[-73.072,-42.742],[-73.08,-42.714],[-73.052,-42.722],[-73.06,-42.752]]],[[[-72.82,-42.676],[-72.838,-42.692],[-72.83,-42.708],[-72.86,-42.676],[-72.84,-42.666],[-72.832,-42.668],[-72.82,-42.676]]],[[[-73.098,-42.734],[-73.088,-42.726],[-73.074,-42.756],[-73.098,-42.734]]],[[[-73.068,-42.668],[-73.076,-42.682],[-73.092,-42.664],[-73.082,-42.654],[-73.068,-42.668]]],[[[-73.022,-43.644],[-73.014,-43.656],[-73.03,-43.646],[-73.022,-43.63],[-73.022,-43.644]]],[[[-72.99,-43.616],[-73.008,-43.612],[-72.996,-43.606],[-72.982,-43.606],[-72.99,-43.616]]],[[[-73.094,-42.704],[-73.104,-42.702],[-73.104,-42.698],[-73.088,-42.69],[-73.094,-42.704]]],[[[-72.996,-43.644],[-73.014,-43.644],[-72.998,-43.634],[-72.996,-43.644]]]]}},{"type":"Feature","properties":{"codigo_region":"10","codigo_comuna":"10402","nombre_comuna":"Futaleufú","nombre_comuna_clean":"futaleufu","nombre_region":"Región de Los Lagos"},"geometry":{"type":"Polygon","coordinates":[[[-71.934,-43.386],[-71.914,-43.416],[-71.928,-43.438],[-71.984,-43.418],[-72.04,-43.384],[-72.038,-43.372],[-72.06,-43.36],[-72.07,-43.372],[-72.14,-43.32],[-72.11,-43.298],[-72.138,-43.302],[-72.186,-43.244],[-72.23,-43.228],[-72.164,-43.18],[-72.15,-43.122],[-72.16,-43.102],[-72.184,-43.098],[-72.168,-43.056],[-72.226,-43.03],[-72.242,-42.996],[-72.214,-42.988],[-72.234,-42.964],[-72.186,-42.914],[-72.202,-42.89],[-72.138,-42.894],[-72.116,-42.936],[-72.072,-42.95],[-72.012,-43.03],[-71.936,-43.054],[-71.932,-43.102],[-71.854,-43.128],[-71.858,-43.142],[-71.76,-43.164],[-71.734,-43.19],[-71.734,-43.212],[-71.758,-43.228],[-71.732,-43.282],[-71.734,-43.312],[-71.754,-43.318],[-71.788,-43.296],[-71.84,-43.334],[-71.904,-43.322],[-71.89,-43.382],[-71.934,-43.386]]]}},{"type":"Feature","properties":{"codigo_region":"10","codigo_comuna":"10403","nombre_comuna":"Hualaihué","nombre_comuna_clean":"hualaihue","nombre_region":"Región de Los Lagos"},"geometry":{"type":"MultiPolygon","coordinates":[[[[-72.118,-42.628],[-72.096,-42.642],[-72.15,-42.682],[-72.166,-42.674],[-72.156,-42.658],[-72.172,-42.638],[-72.226,-42.668],[-72.284,-42.626],[-72.312,-42.638],[-72.352,-42.592],[-72.402,-42.574],[-72.422,-42.48],[-72.384,-42.486],[-72.4,-42.482],[-72.42,-42.444],[-72.416,-42.374],[-72.458,-42.344],[-72.47,-42.3],[-72.446,-42.27],[-72.372,-42.25],[-72.446,-42.256],[-72.46,-42.2],[-72.444,-42.166],[-72.348,-42.17],[-72.448,-42.164],[-72.464,-42.144],[-72.456,-42.094],[-72.468,-42.08],[-72.428,-41.974],[-72.494,-41.97],[-72.536,-42.044],[-72.586,-42.044],[-72.596,-42.02],[-72.584,-42.008],[-72.6,-42.006],[-72.6,-42.038],[-72.614,-42.044],[-72.642,-42.038],[-72.628,-42.016],[-72.684,-42.002],[-72.688,-42.032],[-72.752,-41.988],[-72.81,-41.972],[-72.804,-41.94],[-72.878,-41.914],[-72.79,-41.87],[-72.79,-41.838],[-72.7,-41.788],[-72.646,-41.73],[-72.612,-41.738],[-72.61,-41.766],[-72.574,-41.794],[-72.578,-41.818],[-72.548,-41.818],[-72.52,-41.85],[-72.452,-41.824],[-72.396,-41.782],[-72.296,-41.824],[-72.3,-41.862],[-72.278,-41.864],[-72.268,-41.882],[-72.228,-41.876],[-72.182,-41.894],[-72.216,-41.92],[-72.16,-41.944],[-72.184,-41.988],[-72.174,-42.008],[-72.224,-42.018],[-72.258,-41.992],[-72.302,-42.018],[-72.324,-42.056],[-72.26,-42.06],[-72.278,-42.086],[-72.274,-42.122],[-72.204,-42.146],[-72.156,-42.194],[-72.166,-42.214],[-72.154,-42.242],[-72.168,-42.256],[-72.122,-42.324],[-72.138,-42.328],[-72.13,-42.386],[-72.112,-42.398],[-72.076,-42.382],[-72.026,-42.41],[-72.048,-42.452],[-72.012,-42.498],[-72.054,-42.546],[-72.056,-42.57],[-72.078,-42.568],[-72.116,-42.602],[-72.118,-42.628]]],[[[-72.478,-42.09],[-72.496,-42.1],[-72.48,-42.144],[-72.49,-42.17],[-72.552,-42.136],[-72.61,-42.134],[-72.576,-42.082],[-72.556,-42.076],[-72.558,-42.104],[-72.53,-42.074],[-72.478,-42.09]]],[[[-72.462,-42.03],[-72.484,-42.07],[-72.514,-42.054],[-72.476,-41.992],[-72.46,-41.986],[-72.462,-42.03]]],[[[-72.622,-42.064],[-72.618,-42.068],[-72.642,-42.08],[-72.638,-42.064],[-72.622,-42.064]]],[[[-72.636,-42.06],[-72.638,-42.054],[-72.624,-42.058],[-72.636,-42.06]]]]}},{"type":"Feature","properties":{"codigo_region":"10","codigo_comuna":"10404","nombre_comuna":"Palena","nombre_comuna_clean":"palena","nombre_region":"Región de Los Lagos"},"geometry":{"type":"Polygon","coordinates":[[[-71.79,-44.056],[-71.826,-44.0],[-71.808,-43.954],[-71.856,-43.93],[-71.91,-43.94],[-71.97,-43.926],[-71.956,-43.946],[-71.978,-43.966],[-72.014,-43.966],[-72.044,-43.936],[-72.078,-43.956],[-72.108,-43.934],[-72.082,-43.898],[-72.12,-43.878],[-72.182,-43.894],[-72.204,-43.854],[-72.194,-43.842],[-72.282,-43.832],[-72.24,-43.808],[-72.304,-43.78],[-72.272,-43.762],[-72.31,-43.732],[-72.298,-43.714],[-72.322,-43.692],[-72.228,-43.644],[-72.256,-43.608],[-72.208,-43.584],[-72.196,-43.556],[-72.26,-43.502],[-72.254,-43.474],[-72.3,-43.432],[-72.308,-43.39],[-72.29,-43.384],[-72.246,-43.408],[-72.19,-43.346],[-72.176,-43.296],[-72.198,-43.238],[-72.138,-43.286],[-72.138,-43.302],[-72.11,-43.298],[-72.14,-43.32],[-72.07,-43.372],[-72.058,-43.362],[-71.984,-43.418],[-71.944,-43.426],[-71.93,-43.458],[-71.886,-43.45],[-71.854,-43.476],[-71.854,-43.5],[-71.892,-43.51],[-71.87,-43.52],[-71.872,-43.554],[-71.776,-43.538],[-71.76,-43.584],[-71.708,-43.584],[-71.702,-43.626],[-71.626,-43.624],[-71.582,-43.652],[-71.588,-43.676],[-71.612,-43.676],[-71.6,-43.698],[-71.662,-43.704],[-71.662,-43.722],[-71.698,-43.728],[-71.754,-43.788],[-71.764,-43.84],[-71.732,-43.86],[-71.708,-43.854],[-71.706,-43.894],[-71.65,-43.92],[-71.65,-43.948],[-71.68,-43.972],[-71.736,-44.068],[-71.79,-44.056]]]}},{"type":"Feature","properties":{"codigo_region":"11","codigo_comuna":"11101","nombre_comuna":"Coyhaique","nombre_comuna_clean":"coyhaique","nombre_region":"Región de Aysén del Gral.Ibañez del Campo"},"geometry":{"type":"Polygon","coordinates":[[[-72.57,-45.924],[-72.64,-45.944],[-72.696,-45.924],[-72.782,-45.936],[-72.928,-45.914],[-72.896,-45.86],[-72.916,-45.8],[-72.878,-45.774],[-72.838,-45.774],[-72.814,-45.8],[-72.732,-45.758],[-72.714,-45.782],[-72.618,-45.794],[-72.554,-45.78],[-72.502,-45.758],[-72.52,-45.736],[-72.502,-45.722],[-72.48,-45.714],[-72.448,-45.736],[-72.434,-45.714],[-72.454,-45.694],[-72.442,-45.678],[-72.39,-45.686],[-72.33,-45.672],[-72.33,-45.64],[-72.382,-45.618],[-72.354,-45.588],[-72.292,-45.576],[-72.31,-45.556],[-72.304,-45.52],[-72.276,-45.54],[-72.13,-45.532],[-72.148,-45.492],[-72.124,-45.478],[-72.126,-45.442],[-72.19,-45.446],[-72.158,-45.398],[-72.152,-45.358],[-72.118,-45.374],[-72.028,-45.282],[-72.05,-45.25],[-72.004,-45.216],[-72.01,-45.2],[-71.968,-45.196],[-71.962,-45.088],[-72.014,-45.082],[-72.042,-45.056],[-72.084,-45.088],[-72.152,-45.018],[-72.272,-45.014],[-72.21,-44.994],[-72.22,-44.97],[-72.208,-44.964],[-72.226,-44.956],[-72.22,-44.91],[-72.242,-44.88],[-72.072,-44.832],[-72.056,-44.838],[-72.068,-44.85],[-72.036,-44.862],[-72.066,-44.876],[-72.04,-44.902],[-71.978,-44.904],[-71.978,-44.92],[-71.946,-44.922],[-71.928,-44.946],[-71.882,-44.946],[-71.88,-44.96],[-71.816,-44.92],[-71.78,-44.944],[-71.754,-44.926],[-71.742,-44.958],[-71.56,-44.978],[-71.54,-45.0],[-71.558,-45.03],[-71.506,-45.072],[-71.526,-45.104],[-71.492,-45.108],[-71.486,-45.144],[-71.418,-45.158],[-71.426,-45.172],[-71.334,-45.242],[-71.35,-45.266],[-71.32,-45.292],[-71.336,-45.322],[-71.448,-45.366],[-71.438,-45.396],[-71.46,-45.384],[-71.53,-45.394],[-71.52,-45.426],[-71.534,-45.432],[-71.47,-45.48],[-71.47,-45.496],[-71.56,-45.524],[-71.682,-45.514],[-71.684,-45.528],[-71.746,-45.542],[-71.75,-45.546],[-71.764,-45.562],[-71.762,-45.576],[-71.726,-45.578],[-71.76,-45.62],[-71.778,-45.618],[-71.774,-45.642],[-71.796,-45.664],[-71.772,-45.696],[-71.802,-45.72],[-71.772,-45.744],[-71.742,-45.806],[-71.768,-45.848],[-71.658,-45.884],[-71.614,-45.964],[-71.62,-45.982],[-71.648,-45.986],[-71.646,-46.01],[-71.714,-46.088],[-71.752,-46.092],[-71.774,-46.116],[-71.826,-46.11],[-71.912,-46.138],[-71.974,-46.128],[-71.984,-46.096],[-72.034,-46.082],[-72.072,-46.048],[-72.124,-46.052],[-72.122,-46.04],[-72.152,-46.028],[-72.312,-46.066],[-72.302,-46.03],[-72.336,-46.03],[-72.356,-46.016],[-72.392,-46.05],[-72.426,-46.042],[-72.456,-46.06],[-72.484,-46.036],[-72.486,-45.98],[-72.544,-45.962],[-72.56,-45.938],[-72.57,-45.924]],[[-71.754,-45.542],[-71.762,-45.546],[-71.75,-45.546],[-71.754,-45.542]],[[-72.552,-45.938],[-72.558,-45.936],[-72.56,-45.938],[-72.552,-45.938]],[[-72.34,-46.022],[-72.336,-46.02],[-72.34,-46.02],[-72.34,-46.022]],[[-72.464,-46.032],[-72.466,-46.028],[-72.468,-46.03],[-72.464,-46.032]],[[-71.626,-45.956],[-71.624,-45.958],[-71.622,-45.956],[-71.626,-45.956]],[[-71.776,-46.106],[-71.778,-46.106],[-71.778,-46.108],[-71.776,-46.106]]]}},{"type":"Feature","properties":{"codigo_region":"11","codigo_comuna":"11102","nombre_comuna":"Lago Verde","nombre_comuna_clean":"lago verde","nombre_region":"Región de Aysén del Gral.Ibañez del Campo"},"geometry":{"type":"Polygon","coordinates":[[[-71.67,-44.788],[-71.69,-44.764],[-71.736,-44.768],[-71.784,-44.752],[-71.824,-44.774],[-71.816,-44.794],[-71.856,-44.802],[-71.914,-44.776],[-71.93,-44.804],[-71.958,-44.786],[-72.006,-44.784],[-72.016,-44.758],[-72.064,-44.758],[-72.072,-44.782],[-72.026,-44.806],[-72.05,-44.836],[-72.104,-44.836],[-72.242,-44.88],[-72.288,-44.86],[-72.268,-44.772],[-72.372,-44.766],[-72.382,-44.75],[-72.348,-44.714],[-72.362,-44.66],[-72.346,-44.65],[-72.318,-44.672],[-72.29,-44.666],[-72.304,-44.662],[-72.316,-44.618],[-72.348,-44.598],[-72.324,-44.54],[-72.38,-44.516],[-72.352,-44.484],[-72.364,-44.464],[-72.33,-44.438],[-72.392,-44.398],[-72.252,-44.362],[-72.292,-44.308],[-72.258,-44.304],[-72.242,-44.28],[-72.228,-44.29],[-72.184,-44.262],[-72.13,-44.264],[-72.152,-44.232],[-72.11,-44.092],[-72.052,-44.098],[-72.052,-44.082],[-72.106,-44.046],[-72.11,-44.018],[-72.058,-43.938],[-72.032,-43.942],[-72.014,-43.966],[-71.98,-43.968],[-71.956,-43.946],[-71.97,-43.926],[-71.91,-43.94],[-71.856,-43.93],[-71.808,-43.954],[-71.826,-44.0],[-71.79,-44.056],[-71.736,-44.068],[-71.768,-44.108],[-71.85,-44.114],[-71.846,-44.16],[-71.798,-44.192],[-71.8,-44.216],[-71.78,-44.218],[-71.808,-44.228],[-71.806,-44.258],[-71.832,-44.266],[-71.804,-44.272],[-71.786,-44.332],[-71.84,-44.35],[-71.806,-44.398],[-71.814,-44.418],[-71.74,-44.402],[-71.714,-44.382],[-71.67,-44.41],[-71.386,-44.386],[-71.352,-44.404],[-71.348,-44.424],[-71.246,-44.418],[-71.222,-44.436],[-71.172,-44.44],[-71.128,-44.472],[-71.162,-44.5],[-71.092,-44.532],[-71.106,-44.576],[-71.096,-44.586],[-71.2,-44.592],[-71.214,-44.634],[-71.236,-44.64],[-71.218,-44.674],[-71.194,-44.686],[-71.214,-44.71],[-71.206,-44.75],[-71.238,-44.77],[-71.252,-44.802],[-71.292,-44.814],[-71.394,-44.79],[-71.47,-44.738],[-71.582,-44.752],[-71.594,-44.78],[-71.67,-44.788]]]}},{"type":"Feature","properties":{"codigo_region":"11","codigo_comuna":"11201","nombre_comuna":"Aysén","nombre_comuna_clean":"aysen","nombre_region":"Región de Aysén del Gral.Ibañez del Campo"},"geometry":{"type":"MultiPolygon","coordinates":[[[[-74.28,-45.834],[-74.298,-45.844],[-74.266,-45.876],[-74.266,-45.834],[-74.212,-45.814],[-74.092,-45.816],[-74.06,-45.86],[-74.258,-45.904],[-74.216,-45.906],[-74.142,-45.892],[-74.076,-45.914],[-74.164,-45.946],[-74.03,-45.912],[-74.004,-45.938],[-74.008,-45.972],[-74.104,-46.016],[-74.192,-46.028],[-74.264,-46.034],[-74.306,-46.008],[-74.27,-46.036],[-74.246,-46.042],[-74.058,-46.016],[-74.056,-46.074],[-74.082,-46.082],[-74.068,-46.084],[-74.062,-46.08],[-74.056,-46.076],[-74.054,-46.076],[-74.056,-46.106],[-74.126,-46.14],[-74.162,-46.13],[-74.278,-46.142],[-74.302,-46.13],[-74.304,-46.14],[-74.336,-46.122],[-74.306,-46.148],[-74.238,-46.148],[-74.176,-46.136],[-74.138,-46.15],[-74.052,-46.124],[-74.01,-46.094],[-74.044,-46.1],[-74.02,-46.032],[-74.024,-46.03],[-74.038,-46.036],[-74.044,-46.018],[-74.032,-45.994],[-74.006,-45.986],[-73.99,-46.006],[-74.0,-46.02],[-73.944,-46.034],[-73.94,-46.08],[-73.982,-46.148],[-74.154,-46.224],[-74.288,-46.25],[-74.406,-46.204],[-74.432,-46.152],[-74.438,-46.154],[-74.428,-46.18],[-74.446,-46.172],[-74.446,-46.194],[-74.378,-46.236],[-74.292,-46.262],[-74.116,-46.226],[-74.0,-46.182],[-74.002,-46.222],[-74.042,-46.236],[-74.006,-46.234],[-73.996,-46.264],[-73.988,-46.232],[-73.942,-46.226],[-73.924,-46.284],[-73.968,-46.278],[-73.972,-46.26],[-73.978,-46.282],[-73.9,-46.302],[-73.864,-46.34],[-73.862,-46.342],[-73.856,-46.328],[-73.826,-46.348],[-73.838,-46.322],[-73.91,-46.28],[-73.938,-46.224],[-73.954,-46.218],[-73.992,-46.226],[-73.95,-46.144],[-73.86,-46.136],[-73.812,-46.2],[-73.726,-46.232],[-73.722,-46.266],[-73.76,-46.364],[-73.862,-46.456],[-73.856,-46.472],[-73.87,-46.48],[-73.846,-46.528],[-73.88,-46.47],[-73.894,-46.478],[-73.882,-46.484],[-73.896,-46.502],[-73.886,-46.512],[-73.912,-46.528],[-73.858,-46.588],[-73.806,-46.576],[-73.766,-46.514],[-73.77,-46.496],[-73.744,-46.492],[-73.738,-46.478],[-73.762,-46.472],[-73.748,-46.46],[-73.738,-46.458],[-73.72,-46.414],[-73.758,-46.4],[-73.706,-46.406],[-73.596,-46.31],[-73.6,-46.34],[-73.57,-46.302],[-73.458,-46.3],[-73.454,-46.29],[-73.506,-46.282],[-73.534,-46.296],[-73.532,-46.284],[-73.556,-46.272],[-73.52,-46.234],[-73.524,-46.2],[-73.484,-46.154],[-73.434,-46.154],[-73.468,-46.144],[-73.466,-46.132],[-73.422,-46.1],[-73.392,-46.048],[-73.334,-46.026],[-73.336,-46.008],[-73.362,-45.998],[-73.366,-46.006],[-73.354,-46.016],[-73.406,-46.022],[-73.434,-46.068],[-73.522,-46.142],[-73.538,-46.186],[-73.606,-46.222],[-73.568,-46.23],[-73.576,-46.258],[-73.674,-46.328],[-73.65,-46.218],[-73.61,-46.22],[-73.638,-46.196],[-73.628,-46.148],[-73.602,-46.13],[-73.62,-46.126],[-73.602,-46.058],[-73.624,-46.026],[-73.614,-46.0],[-73.636,-45.976],[-73.6,-45.948],[-73.556,-45.94],[-73.594,-45.926],[-73.548,-45.88],[-73.55,-45.862],[-73.516,-45.852],[-73.532,-45.826],[-73.376,-45.696],[-73.214,-45.666],[-73.216,-45.682],[-73.234,-45.68],[-73.212,-45.688],[-73.188,-45.688],[-73.148,-45.676],[-73.132,-45.652],[-73.278,-45.646],[-73.288,-45.628],[-73.276,-45.604],[-73.238,-45.59],[-73.276,-45.592],[-73.3,-45.624],[-73.368,-45.64],[-73.47,-45.744],[-73.512,-45.75],[-73.52,-45.77],[-73.562,-45.782],[-73.476,-45.446],[-73.446,-45.418],[-73.394,-45.408],[-73.38,-45.436],[-73.392,-45.49],[-73.384,-45.486],[-73.376,-45.468],[-73.37,-45.432],[-73.378,-45.384],[-73.33,-45.366],[-73.33,-45.35],[-73.3,-45.412],[-73.302,-45.378],[-73.328,-45.346],[-73.286,-45.318],[-73.222,-45.314],[-73.24,-45.31],[-73.196,-45.292],[-73.148,-45.316],[-73.148,-45.358],[-73.106,-45.394],[-73.014,-45.426],[-73.01,-45.446],[-72.982,-45.442],[-72.994,-45.452],[-72.88,-45.476],[-72.844,-45.46],[-72.834,-45.484],[-72.818,-45.47],[-72.826,-45.448],[-72.8,-45.442],[-72.818,-45.454],[-72.808,-45.46],[-72.792,-45.45],[-72.81,-45.422],[-72.804,-45.378],[-72.874,-45.39],[-72.888,-45.42],[-72.914,-45.426],[-73.006,-45.396],[-73.054,-45.34],[-73.1,-45.326],[-73.106,-45.298],[-73.144,-45.288],[-73.206,-45.24],[-73.272,-45.246],[-73.31,-45.288],[-73.352,-45.29],[-73.426,-45.276],[-73.466,-45.242],[-73.5,-45.244],[-73.512,-45.236],[-73.508,-45.194],[-73.466,-45.206],[-73.438,-45.262],[-73.428,-45.25],[-73.44,-45.198],[-73.424,-45.188],[-73.3,-45.196],[-73.304,-45.172],[-73.32,-45.18],[-73.336,-45.164],[-73.302,-45.17],[-73.274,-45.15],[-73.32,-45.102],[-73.248,-45.088],[-73.226,-45.066],[-73.214,-45.1],[-73.16,-45.102],[-73.102,-45.038],[-73.012,-45.072],[-72.934,-45.052],[-72.91,-45.018],[-72.88,-45.044],[-72.83,-45.052],[-72.8,-45.026],[-72.74,-45.018],[-72.726,-45.024],[-72.734,-45.046],[-72.704,-45.074],[-72.68,-45.074],[-72.666,-45.054],[-72.634,-45.066],[-72.6,-45.048],[-72.572,-45.084],[-72.506,-45.106],[-72.444,-45.02],[-72.404,-45.01],[-72.358,-45.038],[-72.344,-45.006],[-72.296,-45.03],[-72.296,-45.004],[-72.152,-45.018],[-72.084,-45.088],[-72.042,-45.056],[-72.014,-45.082],[-71.962,-45.088],[-71.968,-45.196],[-72.01,-45.2],[-72.004,-45.216],[-72.05,-45.25],[-72.028,-45.282],[-72.118,-45.374],[-72.152,-45.358],[-72.158,-45.398],[-72.19,-45.446],[-72.126,-45.442],[-72.124,-45.478],[-72.148,-45.492],[-72.13,-45.532],[-72.278,-45.54],[-72.304,-45.52],[-72.31,-45.556],[-72.292,-45.576],[-72.354,-45.588],[-72.382,-45.618],[-72.33,-45.64],[-72.33,-45.672],[-72.39,-45.686],[-72.442,-45.678],[-72.454,-45.694],[-72.434,-45.714],[-72.448,-45.736],[-72.48,-45.714],[-72.502,-45.722],[-72.52,-45.736],[-72.502,-45.758],[-72.554,-45.78],[-72.618,-45.794],[-72.714,-45.782],[-72.732,-45.758],[-72.798,-45.796],[-72.828,-45.798],[-72.838,-45.776],[-72.87,-45.772],[-72.914,-45.796],[-72.896,-45.86],[-72.928,-45.906],[-72.922,-45.952],[-72.956,-45.972],[-72.962,-45.996],[-72.952,-46.02],[-72.966,-46.028],[-72.938,-46.07],[-72.98,-46.078],[-73.008,-46.106],[-73.042,-46.098],[-73.05,-46.126],[-73.126,-46.128],[-73.118,-46.162],[-73.074,-46.196],[-73.102,-46.216],[-73.094,-46.232],[-73.014,-46.318],[-73.038,-46.348],[-72.994,-46.344],[-72.972,-46.362],[-72.98,-46.382],[-72.964,-46.416],[-72.998,-46.454],[-72.976,-46.468],[-73.004,-46.486],[-73.028,-46.472],[-73.14,-46.492],[-73.174,-46.508],[-73.198,-46.552],[-73.294,-46.558],[-73.346,-46.596],[-73.326,-46.624],[-73.326,-46.658],[-73.346,-46.678],[-73.388,-46.68],[-73.378,-46.752],[-73.412,-46.834],[-73.382,-46.868],[-73.402,-46.908],[-73.368,-46.928],[-73.394,-46.966],[-73.372,-47.01],[-73.39,-47.03],[-73.388,-47.06],[-73.602,-47.07],[-73.768,-47.042],[-73.886,-47.05],[-73.92,-47.006],[-73.996,-46.976],[-73.982,-46.954],[-74.008,-46.948],[-74.062,-46.982],[-74.17,-46.876],[-74.166,-46.856],[-74.182,-46.864],[-74.26,-46.804],[-74.348,-46.784],[-74.346,-46.764],[-74.318,-46.788],[-74.3,-46.786],[-74.254,-46.8],[-74.234,-46.792],[-74.222,-46.762],[-74.234,-46.754],[-74.278,-46.768],[-74.292,-46.73],[-74.308,-46.746],[-74.296,-46.758],[-74.32,-46.748],[-74.396,-46.76],[-74.476,-46.732],[-74.484,-46.722],[-74.468,-46.716],[-74.566,-46.718],[-74.566,-46.722],[-74.538,-46.726],[-74.53,-46.736],[-74.506,-46.734],[-74.424,-46.766],[-74.434,-46.78],[-74.5,-46.79],[-74.574,-46.77],[-74.608,-46.79],[-74.606,-46.834],[-74.616,-46.822],[-74.62,-46.824],[-74.614,-46.832],[-74.638,-46.838],[-74.68,-46.808],[-74.692,-46.816],[-74.67,-46.822],[-74.676,-46.814],[-74.64,-46.84],[-74.624,-46.84],[-74.632,-46.844],[-74.52,-46.824],[-74.456,-46.85],[-74.384,-46.848],[-74.4,-46.9],[-74.408,-46.886],[-74.52,-46.888],[-74.59,-46.854],[-74.634,-46.876],[-74.65,-46.852],[-74.642,-46.842],[-74.67,-46.842],[-74.754,-46.78],[-74.776,-46.78],[-74.792,-46.81],[-74.832,-46.788],[-74.84,-46.768],[-74.898,-46.768],[-74.888,-46.762],[-74.908,-46.744],[-74.936,-46.758],[-74.962,-46.748],[-74.97,-46.722],[-75.026,-46.682],[-75.04,-46.642],[-75.026,-46.632],[-75.046,-46.624],[-74.918,-46.506],[-74.916,-46.454],[-74.892,-46.434],[-74.934,-46.448],[-74.938,-46.482],[-74.978,-46.504],[-74.976,-46.518],[-74.988,-46.512],[-75.0,-46.536],[-75.018,-46.514],[-75.038,-46.578],[-75.056,-46.568],[-75.07,-46.594],[-75.15,-46.638],[-75.166,-46.63],[-75.156,-46.596],[-75.182,-46.566],[-75.182,-46.59],[-75.164,-46.6],[-75.192,-46.602],[-75.174,-46.622],[-75.192,-46.636],[-75.296,-46.634],[-75.308,-46.642],[-75.3,-46.644],[-75.288,-46.644],[-75.284,-46.66],[-75.33,-46.658],[-75.312,-46.67],[-75.322,-46.674],[-75.352,-46.652],[-75.336,-46.646],[-75.362,-46.64],[-75.358,-46.62],[-75.398,-46.656],[-75.458,-46.68],[-75.482,-46.674],[-75.506,-46.722],[-75.542,-46.714],[-75.512,-46.736],[-75.508,-46.728],[-75.48,-46.714],[-75.438,-46.72],[-75.442,-46.732],[-75.392,-46.714],[-75.32,-46.726],[-75.342,-46.728],[-75.332,-46.742],[-75.344,-46.746],[-75.384,-46.722],[-75.386,-46.738],[-75.368,-46.75],[-75.422,-46.804],[-75.42,-46.804],[-75.418,-46.804],[-75.416,-46.804],[-75.404,-46.798],[-75.394,-46.8],[-75.374,-46.768],[-75.358,-46.764],[-75.342,-46.766],[-75.37,-46.776],[-75.362,-46.784],[-75.378,-46.8],[-75.326,-46.778],[-75.296,-46.812],[-75.302,-46.836],[-75.39,-46.88],[-75.312,-46.852],[-75.262,-46.874],[-75.284,-46.854],[-75.278,-46.844],[-75.294,-46.842],[-75.284,-46.818],[-75.258,-46.844],[-75.254,-46.866],[-75.266,-46.884],[-75.252,-46.902],[-75.314,-46.934],[-75.44,-46.968],[-75.446,-46.954],[-75.492,-46.954],[-75.506,-46.942],[-75.498,-46.906],[-75.574,-46.886],[-75.582,-46.826],[-75.64,-46.806],[-75.626,-46.772],[-75.65,-46.72],[-75.634,-46.714],[-75.628,-46.648],[-75.592,-46.642],[-75.598,-46.614],[-75.584,-46.614],[-75.602,-46.594],[-75.582,-46.58],[-75.56,-46.59],[-75.558,-46.578],[-75.546,-46.592],[-75.51,-46.59],[-75.512,-46.602],[-75.496,-46.592],[-75.454,-46.622],[-75.492,-46.586],[-75.486,-46.57],[-75.446,-46.572],[-75.426,-46.596],[-75.422,-46.594],[-75.422,-46.582],[-75.502,-46.524],[-75.464,-46.516],[-75.428,-46.53],[-75.414,-46.516],[-75.4,-46.536],[-75.388,-46.534],[-75.384,-46.496],[-75.32,-46.498],[-75.356,-46.458],[-75.354,-46.454],[-75.344,-46.458],[-75.35,-46.438],[-75.342,-46.438],[-75.316,-46.462],[-75.286,-46.462],[-75.284,-46.45],[-75.316,-46.454],[-75.336,-46.432],[-75.312,-46.438],[-75.296,-46.402],[-75.25,-46.41],[-75.262,-46.392],[-75.234,-46.39],[-75.222,-46.37],[-75.178,-46.38],[-75.186,-46.366],[-75.158,-46.352],[-75.15,-46.326],[-75.176,-46.304],[-75.154,-46.3],[-75.14,-46.322],[-75.018,-46.374],[-74.99,-46.372],[-74.982,-46.362],[-74.876,-46.374],[-74.882,-46.364],[-75.066,-46.344],[-75.102,-46.322],[-75.104,-46.29],[-75.0,-46.29],[-75.068,-46.278],[-75.074,-46.258],[-75.044,-46.224],[-75.002,-46.214],[-74.888,-46.288],[-74.848,-46.298],[-74.902,-46.26],[-74.92,-46.226],[-74.9,-46.194],[-74.876,-46.19],[-74.878,-46.182],[-74.902,-46.186],[-74.892,-46.174],[-74.828,-46.192],[-74.846,-46.18],[-74.882,-46.168],[-74.848,-46.15],[-74.786,-46.168],[-74.736,-46.228],[-74.724,-46.224],[-74.74,-46.19],[-74.644,-46.176],[-74.678,-46.168],[-74.748,-46.172],[-74.774,-46.126],[-74.736,-46.078],[-74.756,-46.07],[-74.742,-46.05],[-74.66,-46.054],[-74.632,-46.04],[-74.59,-46.056],[-74.55,-46.05],[-74.574,-46.026],[-74.58,-46.032],[-74.574,-46.044],[-74.59,-46.052],[-74.624,-46.032],[-74.706,-46.032],[-74.682,-46.002],[-74.666,-46.006],[-74.686,-45.99],[-74.674,-45.976],[-74.692,-45.946],[-74.668,-45.904],[-74.702,-45.926],[-74.708,-45.964],[-74.738,-45.96],[-74.7,-45.97],[-74.724,-46.01],[-74.808,-46.056],[-74.85,-46.034],[-74.83,-46.072],[-74.878,-46.116],[-75.014,-46.114],[-75.046,-46.098],[-75.058,-46.06],[-75.056,-46.04],[-75.002,-46.04],[-74.938,-46.014],[-74.858,-46.026],[-74.836,-46.012],[-74.862,-46.016],[-74.858,-46.002],[-74.89,-45.988],[-74.864,-46.004],[-74.87,-46.018],[-74.946,-46.0],[-75.004,-46.006],[-75.034,-45.99],[-74.988,-45.992],[-74.968,-45.956],[-74.91,-45.97],[-74.972,-45.952],[-75.002,-45.966],[-74.98,-45.968],[-74.992,-45.986],[-75.048,-45.976],[-75.058,-45.956],[-75.034,-45.944],[-75.074,-45.934],[-75.088,-45.894],[-75.074,-45.878],[-75.006,-45.86],[-74.976,-45.884],[-74.962,-45.92],[-74.948,-45.902],[-74.962,-45.894],[-74.946,-45.888],[-74.912,-45.922],[-74.904,-45.91],[-74.772,-45.952],[-74.862,-45.922],[-74.94,-45.868],[-74.91,-45.862],[-74.838,-45.902],[-74.858,-45.878],[-74.826,-45.868],[-74.822,-45.874],[-74.814,-45.866],[-74.798,-45.882],[-74.78,-45.884],[-74.8,-45.836],[-74.722,-45.818],[-74.674,-45.826],[-74.672,-45.852],[-74.694,-45.86],[-74.676,-45.862],[-74.684,-45.884],[-74.702,-45.902],[-74.65,-45.882],[-74.628,-45.83],[-74.564,-45.836],[-74.57,-45.878],[-74.556,-45.872],[-74.544,-45.838],[-74.506,-45.848],[-74.488,-45.894],[-74.546,-45.922],[-74.46,-45.906],[-74.458,-45.92],[-74.488,-45.934],[-74.47,-45.938],[-74.48,-45.96],[-74.432,-45.92],[-74.418,-45.948],[-74.428,-45.988],[-74.448,-46.022],[-74.474,-46.022],[-74.46,-46.032],[-74.436,-46.028],[-74.43,-46.05],[-74.422,-46.032],[-74.406,-46.034],[-74.416,-46.016],[-74.404,-45.976],[-74.394,-46.0],[-74.384,-45.994],[-74.39,-45.954],[-74.364,-45.95],[-74.34,-45.962],[-74.39,-45.932],[-74.454,-45.86],[-74.452,-45.84],[-74.408,-45.846],[-74.378,-45.87],[-74.402,-45.844],[-74.428,-45.836],[-74.42,-45.83],[-74.438,-45.824],[-74.436,-45.804],[-74.41,-45.824],[-74.35,-45.8],[-74.332,-45.82],[-74.332,-45.81],[-74.342,-45.8],[-74.34,-45.794],[-74.314,-45.822],[-74.284,-45.812],[-74.28,-45.834]],[[-75.54,-46.744],[-75.576,-46.81],[-75.53,-46.778],[-75.496,-46.786],[-75.524,-46.768],[-75.512,-46.736],[-75.54,-46.744]],[[-74.81,-45.996],[-74.83,-46.006],[-74.836,-46.012],[-74.81,-45.996]],[[-74.772,-45.886],[-74.75,-45.872],[-74.78,-45.884],[-74.772,-45.886]],[[-74.334,-45.98],[-74.324,-45.986],[-74.33,-45.98],[-74.332,-45.972],[-74.338,-45.964],[-74.334,-45.98]]],[[[-74.288,-46.766],[-74.302,-46.77],[-74.31,-46.766],[-74.296,-46.758],[-74.288,-46.766]]],[[[-74.012,-45.202],[-74.072,-45.178],[-74.04,-45.134],[-74.068,-45.138],[-74.088,-45.17],[-74.132,-45.162],[-74.152,-45.052],[-74.15,-45.164],[-74.17,-45.178],[-74.218,-45.166],[-74.234,-45.076],[-74.18,-45.052],[-74.182,-45.05],[-74.19,-45.054],[-74.192,-45.052],[-74.176,-45.032],[-74.1,-45.03],[-74.096,-45.05],[-74.094,-45.032],[-74.058,-45.03],[-74.036,-45.05],[-74.028,-45.028],[-73.952,-45.028],[-73.942,-45.012],[-73.876,-44.99],[-73.812,-45.0],[-73.822,-44.984],[-73.81,-44.982],[-73.796,-45.026],[-73.776,-45.022],[-73.748,-45.042],[-73.784,-45.04],[-73.766,-45.046],[-73.74,-45.046],[-73.716,-45.076],[-73.732,-45.052],[-73.708,-45.058],[-73.684,-45.114],[-73.676,-45.154],[-73.694,-45.172],[-73.672,-45.164],[-73.67,-45.176],[-73.708,-45.192],[-73.676,-45.2],[-73.72,-45.232],[-73.688,-45.256],[-73.688,-45.286],[-73.752,-45.284],[-73.74,-45.3],[-73.758,-45.302],[-73.76,-45.28],[-73.81,-45.236],[-73.976,-45.256],[-74.006,-45.21],[-73.98,-45.194],[-74.012,-45.202]],[[-73.844,-45.206],[-73.958,-45.19],[-73.98,-45.194],[-73.844,-45.206]]],[[[-74.43,-45.488],[-74.39,-45.446],[-74.362,-45.452],[-74.38,-45.464],[-74.338,-45.456],[-74.264,-45.486],[-74.214,-45.548],[-74.21,-45.564],[-74.228,-45.568],[-74.204,-45.574],[-74.212,-45.582],[-74.184,-45.6],[-74.192,-45.616],[-74.178,-45.628],[-74.196,-45.658],[-74.186,-45.67],[-74.208,-45.67],[-74.194,-45.688],[-74.298,-45.696],[-74.31,-45.692],[-74.306,-45.688],[-74.32,-45.678],[-74.328,-45.678],[-74.318,-45.682],[-74.31,-45.696],[-74.344,-45.676],[-74.338,-45.692],[-74.32,-45.704],[-74.372,-45.708],[-74.418,-45.69],[-74.39,-45.712],[-74.288,-45.714],[-74.306,-45.738],[-74.386,-45.738],[-74.368,-45.75],[-74.34,-45.75],[-74.366,-45.774],[-74.448,-45.784],[-74.488,-45.73],[-74.442,-45.734],[-74.464,-45.708],[-74.426,-45.69],[-74.456,-45.656],[-74.438,-45.65],[-74.462,-45.644],[-74.484,-45.608],[-74.438,-45.606],[-74.424,-45.622],[-74.432,-45.604],[-74.416,-45.59],[-74.44,-45.602],[-74.462,-45.57],[-74.43,-45.488]]],[[[-73.57,-45.452],[-73.542,-45.486],[-73.55,-45.516],[-73.576,-45.52],[-73.564,-45.536],[-73.576,-45.574],[-73.568,-45.59],[-73.59,-45.602],[-73.568,-45.606],[-73.558,-45.646],[-73.606,-45.62],[-73.604,-45.638],[-73.624,-45.636],[-73.672,-45.608],[-73.66,-45.63],[-73.59,-45.662],[-73.58,-45.686],[-73.588,-45.736],[-73.624,-45.77],[-73.716,-45.688],[-73.764,-45.672],[-73.77,-45.68],[-73.77,-45.67],[-73.782,-45.66],[-73.774,-45.672],[-73.794,-45.668],[-73.782,-45.624],[-73.796,-45.606],[-73.788,-45.602],[-73.77,-45.604],[-73.778,-45.582],[-73.754,-45.518],[-73.672,-45.436],[-73.57,-45.452]]],[[[-74.094,-45.22],[-74.064,-45.206],[-74.044,-45.204],[-74.022,-45.204],[-74.012,-45.238],[-73.982,-45.264],[-73.804,-45.25],[-73.758,-45.31],[-73.756,-45.352],[-73.798,-45.368],[-73.816,-45.354],[-73.818,-45.356],[-73.808,-45.362],[-73.832,-45.372],[-73.86,-45.366],[-73.82,-45.354],[-73.826,-45.352],[-73.844,-45.352],[-73.862,-45.358],[-73.872,-45.352],[-73.878,-45.356],[-73.866,-45.366],[-73.882,-45.372],[-73.924,-45.368],[-73.89,-45.35],[-73.982,-45.374],[-74.0,-45.356],[-74.056,-45.338],[-74.078,-45.342],[-74.102,-45.31],[-74.078,-45.352],[-74.088,-45.368],[-74.11,-45.326],[-74.134,-45.328],[-74.106,-45.314],[-74.142,-45.292],[-74.158,-45.242],[-74.124,-45.218],[-74.094,-45.22]]],[[[-73.796,-45.946],[-73.818,-45.982],[-73.888,-45.996],[-73.91,-45.982],[-73.922,-45.95],[-73.912,-45.912],[-73.866,-45.856],[-73.814,-45.87],[-73.774,-45.86],[-73.764,-45.83],[-73.782,-45.832],[-73.776,-45.852],[-73.804,-45.854],[-73.812,-45.84],[-73.716,-45.802],[-73.698,-45.808],[-73.7,-45.822],[-73.67,-45.838],[-73.678,-45.87],[-73.648,-45.888],[-73.684,-45.908],[-73.658,-45.916],[-73.672,-45.974],[-73.654,-46.01],[-73.672,-46.036],[-73.8,-46.002],[-73.738,-45.894],[-73.708,-45.9],[-73.708,-45.904],[-73.72,-45.902],[-73.708,-45.912],[-73.68,-45.894],[-73.704,-45.878],[-73.786,-45.89],[-73.806,-45.88],[-73.782,-45.902],[-73.752,-45.894],[-73.772,-45.908],[-73.784,-45.904],[-73.78,-45.92],[-73.808,-45.938],[-73.796,-45.946]],[[-73.764,-45.956],[-73.708,-45.93],[-73.72,-45.92],[-73.764,-45.956]]],[[[-73.96,-45.55],[-73.974,-45.558],[-73.944,-45.55],[-73.888,-45.572],[-73.862,-45.604],[-73.866,-45.634],[-73.884,-45.642],[-73.864,-45.65],[-73.882,-45.666],[-73.88,-45.71],[-73.908,-45.706],[-73.966,-45.736],[-74.036,-45.724],[-74.038,-45.7],[-74.052,-45.696],[-74.066,-45.638],[-74.098,-45.6],[-74.056,-45.56],[-73.984,-45.534],[-73.96,-45.55]]],[[[-73.806,-46.024],[-73.76,-46.036],[-73.768,-46.072],[-73.744,-46.032],[-73.646,-46.076],[-73.68,-46.156],[-73.72,-46.146],[-73.696,-46.176],[-73.726,-46.21],[-73.792,-46.186],[-73.818,-46.16],[-73.748,-46.142],[-73.828,-46.142],[-73.864,-46.096],[-73.922,-46.092],[-73.904,-46.004],[-73.828,-45.998],[-73.806,-46.024]]],[[[-74.076,-45.512],[-74.1,-45.498],[-74.07,-45.48],[-74.086,-45.48],[-74.066,-45.474],[-74.08,-45.472],[-74.064,-45.458],[-73.96,-45.46],[-74.01,-45.448],[-74.062,-45.448],[-74.044,-45.436],[-74.058,-45.432],[-74.03,-45.426],[-73.922,-45.456],[-73.962,-45.468],[-73.862,-45.466],[-73.862,-45.486],[-73.828,-45.452],[-73.776,-45.464],[-73.838,-45.574],[-73.906,-45.552],[-73.874,-45.53],[-73.87,-45.514],[-73.882,-45.508],[-73.904,-45.542],[-73.984,-45.526],[-73.922,-45.51],[-73.938,-45.508],[-73.956,-45.512],[-73.988,-45.524],[-74.05,-45.518],[-74.032,-45.528],[-74.052,-45.536],[-74.03,-45.536],[-74.104,-45.558],[-74.072,-45.57],[-74.102,-45.594],[-74.124,-45.564],[-74.104,-45.55],[-74.122,-45.55],[-74.102,-45.518],[-74.098,-45.518],[-74.076,-45.512]]],[[[-74.284,-45.2],[-74.252,-45.2],[-74.244,-45.222],[-74.206,-45.216],[-74.188,-45.23],[-74.192,-45.276],[-74.234,-45.272],[-74.234,-45.278],[-74.19,-45.282],[-74.188,-45.324],[-74.21,-45.356],[-74.222,-45.362],[-74.262,-45.312],[-74.254,-45.278],[-74.238,-45.268],[-74.26,-45.244],[-74.254,-45.216],[-74.274,-45.23],[-74.274,-45.242],[-74.294,-45.236],[-74.268,-45.266],[-74.272,-45.288],[-74.32,-45.25],[-74.276,-45.312],[-74.288,-45.328],[-74.396,-45.252],[-74.4,-45.194],[-74.388,-45.19],[-74.4,-45.166],[-74.358,-45.16],[-74.284,-45.2]]],[[[-74.356,-45.292],[-74.318,-45.326],[-74.318,-45.312],[-74.312,-45.344],[-74.262,-45.41],[-74.34,-45.426],[-74.46,-45.38],[-74.52,-45.33],[-74.506,-45.302],[-74.396,-45.282],[-74.356,-45.292]]],[[[-74.508,-45.582],[-74.508,-45.608],[-74.56,-45.662],[-74.546,-45.658],[-74.546,-45.676],[-74.53,-45.674],[-74.572,-45.752],[-74.622,-45.766],[-74.602,-45.732],[-74.63,-45.764],[-74.664,-45.752],[-74.682,-45.714],[-74.654,-45.648],[-74.588,-45.594],[-74.564,-45.598],[-74.524,-45.576],[-74.508,-45.582]]],[[[-73.956,-45.788],[-73.956,-45.79],[-73.952,-45.79],[-73.936,-45.788],[-73.926,-45.798],[-73.95,-45.836],[-73.93,-45.85],[-73.932,-45.87],[-73.96,-45.922],[-73.996,-45.934],[-74.018,-45.866],[-74.0,-45.842],[-74.032,-45.858],[-74.03,-45.812],[-74.038,-45.836],[-74.074,-45.81],[-74.086,-45.814],[-74.094,-45.8],[-74.062,-45.77],[-74.032,-45.77],[-74.04,-45.742],[-73.872,-45.748],[-73.956,-45.788]]],[[[-74.31,-45.794],[-74.322,-45.752],[-74.294,-45.748],[-74.28,-45.714],[-74.252,-45.706],[-74.194,-45.724],[-74.19,-45.744],[-74.218,-45.746],[-74.22,-45.732],[-74.224,-45.748],[-74.288,-45.756],[-74.222,-45.75],[-74.214,-45.776],[-74.21,-45.75],[-74.146,-45.748],[-74.128,-45.752],[-74.114,-45.802],[-74.188,-45.788],[-74.18,-45.806],[-74.264,-45.822],[-74.284,-45.812],[-74.31,-45.794]]],[[[-73.788,-45.414],[-73.878,-45.452],[-73.906,-45.454],[-73.924,-45.43],[-74.038,-45.416],[-73.992,-45.402],[-74.008,-45.4],[-73.978,-45.384],[-73.824,-45.374],[-73.83,-45.384],[-73.794,-45.37],[-73.788,-45.414]]],[[[-74.276,-45.074],[-74.3,-45.1],[-74.294,-45.08],[-74.334,-45.086],[-74.318,-45.128],[-74.346,-45.08],[-74.35,-45.08],[-74.344,-45.094],[-74.38,-45.074],[-74.322,-45.142],[-74.31,-45.144],[-74.298,-45.102],[-74.262,-45.094],[-74.25,-45.118],[-74.26,-45.156],[-74.246,-45.166],[-74.298,-45.166],[-74.306,-45.146],[-74.33,-45.15],[-74.334,-45.138],[-74.374,-45.144],[-74.418,-45.114],[-74.402,-45.074],[-74.416,-45.072],[-74.414,-45.054],[-74.404,-45.07],[-74.382,-45.07],[-74.374,-45.042],[-74.276,-45.074]]],[[[-74.46,-45.594],[-74.486,-45.602],[-74.498,-45.57],[-74.544,-45.544],[-74.524,-45.52],[-74.544,-45.514],[-74.522,-45.508],[-74.524,-45.482],[-74.5,-45.448],[-74.406,-45.442],[-74.47,-45.524],[-74.462,-45.57],[-74.46,-45.594]]],[[[-74.766,-45.626],[-74.778,-45.63],[-74.83,-45.62],[-74.76,-45.646],[-74.724,-45.718],[-74.856,-45.658],[-74.86,-45.63],[-74.834,-45.594],[-74.766,-45.626]]],[[[-74.466,-45.78],[-74.468,-45.812],[-74.5,-45.822],[-74.578,-45.794],[-74.542,-45.77],[-74.558,-45.764],[-74.488,-45.74],[-74.466,-45.78]]],[[[-73.394,-45.088],[-73.368,-45.086],[-73.37,-45.11],[-73.334,-45.134],[-73.33,-45.156],[-73.418,-45.144],[-73.424,-45.096],[-73.442,-45.116],[-73.44,-45.096],[-73.42,-45.076],[-73.386,-45.068],[-73.394,-45.088]]],[[[-73.842,-45.782],[-73.834,-45.78],[-73.816,-45.768],[-73.762,-45.808],[-73.814,-45.822],[-73.826,-45.85],[-73.884,-45.852],[-73.868,-45.826],[-73.824,-45.822],[-73.832,-45.808],[-73.884,-45.822],[-73.876,-45.792],[-73.832,-45.766],[-73.842,-45.782]]],[[[-73.782,-45.688],[-73.758,-45.682],[-73.736,-45.698],[-73.732,-45.72],[-73.694,-45.742],[-73.714,-45.75],[-73.704,-45.764],[-73.75,-45.762],[-73.796,-45.704],[-73.794,-45.672],[-73.782,-45.688]]],[[[-73.458,-45.34],[-73.494,-45.364],[-73.576,-45.362],[-73.588,-45.35],[-73.582,-45.326],[-73.504,-45.316],[-73.458,-45.34]]],[[[-74.486,-45.216],[-74.504,-45.212],[-74.522,-45.236],[-74.57,-45.21],[-74.528,-45.17],[-74.508,-45.154],[-74.478,-45.184],[-74.486,-45.216]]],[[[-73.486,-45.266],[-73.488,-45.286],[-73.528,-45.308],[-73.542,-45.298],[-73.536,-45.316],[-73.59,-45.302],[-73.584,-45.294],[-73.57,-45.306],[-73.574,-45.272],[-73.544,-45.258],[-73.554,-45.254],[-73.542,-45.24],[-73.486,-45.266]]],[[[-73.972,-45.38],[-74.046,-45.41],[-74.08,-45.38],[-74.07,-45.374],[-74.078,-45.342],[-73.972,-45.38]]],[[[-74.142,-45.336],[-74.126,-45.364],[-74.204,-45.386],[-74.216,-45.37],[-74.174,-45.322],[-74.142,-45.336]]],[[[-75.124,-46.774],[-75.148,-46.778],[-75.228,-46.728],[-75.216,-46.72],[-75.218,-46.71],[-75.146,-46.736],[-75.124,-46.774]]],[[[-73.674,-45.02],[-73.642,-45.018],[-73.664,-45.024],[-73.664,-45.044],[-73.69,-45.04],[-73.706,-45.01],[-73.7,-45.032],[-73.724,-45.03],[-73.718,-44.984],[-73.674,-44.988],[-73.674,-45.02]]],[[[-73.38,-45.336],[-73.426,-45.336],[-73.404,-45.314],[-73.426,-45.318],[-73.424,-45.3],[-73.324,-45.3],[-73.38,-45.336]]],[[[-74.29,-45.332],[-74.258,-45.336],[-74.234,-45.4],[-74.25,-45.402],[-74.258,-45.382],[-74.278,-45.376],[-74.306,-45.322],[-74.29,-45.332]]],[[[-74.132,-45.888],[-74.08,-45.872],[-74.032,-45.882],[-74.072,-45.902],[-74.132,-45.888]]],[[[-73.87,-46.118],[-73.94,-46.128],[-73.938,-46.106],[-73.914,-46.094],[-73.87,-46.118]]],[[[-75.14,-46.7],[-75.13,-46.734],[-75.136,-46.732],[-75.156,-46.72],[-75.218,-46.696],[-75.208,-46.682],[-75.14,-46.7]]],[[[-74.446,-45.686],[-74.486,-45.72],[-74.494,-45.682],[-74.458,-45.664],[-74.446,-45.686]]],[[[-73.952,-45.97],[-73.954,-46.012],[-73.982,-45.998],[-73.978,-45.946],[-73.952,-45.97]]],[[[-74.174,-45.548],[-74.17,-45.542],[-74.18,-45.514],[-74.172,-45.518],[-74.158,-45.566],[-74.182,-45.548],[-74.23,-45.488],[-74.19,-45.5],[-74.174,-45.548]]],[[[-74.374,-45.804],[-74.434,-45.794],[-74.41,-45.786],[-74.354,-45.78],[-74.332,-45.772],[-74.33,-45.79],[-74.34,-45.794],[-74.374,-45.804]]],[[[-74.474,-45.656],[-74.512,-45.684],[-74.52,-45.656],[-74.496,-45.628],[-74.474,-45.656]]],[[[-74.504,-45.738],[-74.55,-45.75],[-74.532,-45.716],[-74.496,-45.72],[-74.504,-45.738]]],[[[-73.43,-45.01],[-73.47,-45.044],[-73.46,-45.0],[-73.436,-44.984],[-73.43,-45.01]]],[[[-73.744,-45.002],[-73.754,-45.022],[-73.792,-44.982],[-73.758,-44.982],[-73.744,-45.002]]],[[[-74.356,-46.894],[-74.388,-46.882],[-74.37,-46.876],[-74.376,-46.864],[-74.328,-46.866],[-74.356,-46.894]]],[[[-73.432,-45.058],[-73.452,-45.07],[-73.44,-45.07],[-73.458,-45.104],[-73.466,-45.07],[-73.438,-45.044],[-73.432,-45.058]]],[[[-73.848,-45.764],[-73.892,-45.786],[-73.894,-45.77],[-73.86,-45.748],[-73.848,-45.764]]],[[[-74.56,-45.308],[-74.592,-45.298],[-74.564,-45.298],[-74.592,-45.28],[-74.554,-45.29],[-74.59,-45.268],[-74.548,-45.288],[-74.56,-45.308]]],[[[-73.506,-45.04],[-73.55,-45.024],[-73.546,-45.016],[-73.514,-45.014],[-73.506,-45.04]]],[[[-74.99,-46.18],[-75.038,-46.18],[-75.006,-46.17],[-75.01,-46.158],[-75.004,-46.152],[-74.982,-46.158],[-74.99,-46.18]]],[[[-74.138,-45.428],[-74.162,-45.408],[-74.128,-45.404],[-74.114,-45.406],[-74.138,-45.428]]],[[[-74.578,-46.94],[-74.606,-46.932],[-74.608,-46.918],[-74.564,-46.92],[-74.578,-46.94]]],[[[-74.584,-45.326],[-74.57,-45.346],[-74.624,-45.326],[-74.602,-45.314],[-74.584,-45.326]]],[[[-74.894,-45.626],[-74.898,-45.656],[-74.936,-45.628],[-74.932,-45.624],[-74.91,-45.632],[-74.906,-45.618],[-74.894,-45.626]]],[[[-74.092,-45.408],[-74.082,-45.436],[-74.112,-45.422],[-74.104,-45.402],[-74.092,-45.408]]],[[[-73.622,-45.28],[-73.648,-45.264],[-73.64,-45.252],[-73.606,-45.246],[-73.622,-45.28]]],[[[-75.224,-46.708],[-75.22,-46.718],[-75.262,-46.708],[-75.246,-46.698],[-75.224,-46.708]]],[[[-75.344,-46.69],[-75.318,-46.69],[-75.318,-46.708],[-75.358,-46.694],[-75.348,-46.682],[-75.308,-46.684],[-75.344,-46.69]]],[[[-73.404,-45.058],[-73.436,-45.086],[-73.424,-45.046],[-73.408,-45.04],[-73.404,-45.058]]],[[[-74.276,-46.78],[-74.264,-46.776],[-74.252,-46.782],[-74.276,-46.78]]],[[[-74.24,-46.788],[-74.312,-46.784],[-74.306,-46.78],[-74.252,-46.782],[-74.24,-46.788]]],[[[-74.138,-45.314],[-74.136,-45.328],[-74.162,-45.312],[-74.148,-45.31],[-74.138,-45.314]]],[[[-74.126,-45.336],[-74.136,-45.328],[-74.134,-45.328],[-74.126,-45.336]]],[[[-73.502,-45.074],[-73.492,-45.1],[-73.518,-45.092],[-73.52,-45.068],[-73.502,-45.074]]],[[[-73.56,-46.224],[-73.586,-46.218],[-73.572,-46.208],[-73.556,-46.204],[-73.56,-46.224]]],[[[-73.652,-45.802],[-73.642,-45.772],[-73.628,-45.794],[-73.652,-45.802]]],[[[-73.66,-45.43],[-73.66,-45.42],[-73.608,-45.428],[-73.66,-45.43]]],[[[-73.798,-45.638],[-73.808,-45.66],[-73.816,-45.624],[-73.798,-45.616],[-73.798,-45.638]]],[[[-74.61,-45.29],[-74.608,-45.304],[-74.622,-45.302],[-74.638,-45.27],[-74.61,-45.29]]],[[[-73.528,-45.164],[-73.536,-45.14],[-73.504,-45.15],[-73.528,-45.164]]],[[[-73.684,-44.974],[-73.678,-44.96],[-73.656,-44.978],[-73.684,-44.974]]],[[[-74.964,-45.8],[-74.984,-45.81],[-74.994,-45.796],[-74.974,-45.786],[-74.964,-45.8]]],[[[-74.85,-45.694],[-74.884,-45.692],[-74.882,-45.686],[-74.86,-45.692],[-74.878,-45.676],[-74.866,-45.672],[-74.85,-45.694]]],[[[-73.524,-45.204],[-73.536,-45.182],[-73.512,-45.188],[-73.524,-45.204]]],[[[-74.052,-45.852],[-74.082,-45.82],[-74.052,-45.842],[-74.052,-45.852]]],[[[-72.828,-45.428],[-72.844,-45.444],[-72.88,-45.456],[-72.828,-45.428]]],[[[-73.528,-45.414],[-73.574,-45.406],[-73.534,-45.404],[-73.528,-45.414]]],[[[-74.47,-45.264],[-74.46,-45.254],[-74.438,-45.266],[-74.47,-45.264]]],[[[-75.25,-46.69],[-75.296,-46.694],[-75.282,-46.69],[-75.268,-46.68],[-75.25,-46.69]]],[[[-74.95,-46.176],[-74.95,-46.178],[-74.976,-46.18],[-74.966,-46.162],[-74.95,-46.176]]],[[[-74.114,-45.446],[-74.116,-45.466],[-74.13,-45.464],[-74.13,-45.442],[-74.114,-45.446]]],[[[-74.094,-45.782],[-74.098,-45.766],[-74.072,-45.77],[-74.094,-45.782]]],[[[-74.064,-45.76],[-74.098,-45.754],[-74.1,-45.74],[-74.072,-45.75],[-74.064,-45.76]]],[[[-73.738,-45.322],[-73.73,-45.308],[-73.708,-45.318],[-73.738,-45.322]]],[[[-75.298,-46.704],[-75.272,-46.716],[-75.306,-46.706],[-75.304,-46.694],[-75.298,-46.704]]],[[[-74.146,-45.732],[-74.148,-45.724],[-74.146,-45.72],[-74.114,-45.742],[-74.146,-45.732]]],[[[-73.724,-45.346],[-73.744,-45.338],[-73.72,-45.332],[-73.724,-45.346]]],[[[-73.744,-45.414],[-73.758,-45.404],[-73.746,-45.408],[-73.726,-45.392],[-73.744,-45.414]]],[[[-73.648,-46.054],[-73.648,-46.062],[-73.668,-46.042],[-73.656,-46.034],[-73.648,-46.054]]],[[[-75.222,-46.694],[-75.246,-46.676],[-75.238,-46.678],[-75.226,-46.676],[-75.222,-46.694]]],[[[-74.148,-45.47],[-74.168,-45.454],[-74.152,-45.454],[-74.148,-45.47]]],[[[-74.088,-45.742],[-74.062,-45.74],[-74.058,-45.754],[-74.072,-45.75],[-74.088,-45.742]]],[[[-74.568,-45.768],[-74.568,-45.772],[-74.594,-45.788],[-74.568,-45.768]]],[[[-75.264,-46.71],[-75.286,-46.7],[-75.264,-46.698],[-75.264,-46.71]]],[[[-74.818,-45.692],[-74.844,-45.684],[-74.826,-45.682],[-74.818,-45.692]]],[[[-74.526,-45.706],[-74.532,-45.69],[-74.516,-45.694],[-74.526,-45.706]]],[[[-73.31,-45.664],[-73.326,-45.662],[-73.324,-45.658],[-73.292,-45.652],[-73.31,-45.664]]],[[[-73.89,-45.802],[-73.916,-45.788],[-73.886,-45.788],[-73.89,-45.802]]],[[[-74.102,-45.476],[-74.112,-45.464],[-74.092,-45.462],[-74.102,-45.476]]],[[[-75.234,-46.778],[-75.232,-46.768],[-75.218,-46.78],[-75.234,-46.778]]],[[[-73.936,-45.952],[-73.936,-45.938],[-73.922,-45.938],[-73.936,-45.952]]],[[[-72.864,-45.432],[-72.834,-45.408],[-72.842,-45.424],[-72.864,-45.432]]],[[[-74.82,-45.694],[-74.802,-45.694],[-74.812,-45.704],[-74.82,-45.694]]],[[[-73.596,-45.804],[-73.584,-45.796],[-73.58,-45.81],[-73.596,-45.804]]],[[[-74.11,-45.444],[-74.116,-45.428],[-74.102,-45.442],[-74.11,-45.444]]],[[[-73.78,-45.57],[-73.784,-45.568],[-73.786,-45.558],[-73.776,-45.552],[-73.78,-45.57]]],[[[-74.1,-45.758],[-74.096,-45.76],[-74.104,-45.766],[-74.114,-45.752],[-74.1,-45.758]]],[[[-75.062,-46.23],[-75.064,-46.218],[-75.042,-46.218],[-75.062,-46.23]]],[[[-73.48,-45.174],[-73.494,-45.172],[-73.484,-45.162],[-73.48,-45.174]]],[[[-74.232,-45.182],[-74.254,-45.178],[-74.234,-45.176],[-74.232,-45.182]]],[[[-74.708,-45.814],[-74.7,-45.806],[-74.676,-45.808],[-74.708,-45.814]]],[[[-73.498,-44.982],[-73.5,-44.97],[-73.486,-44.974],[-73.498,-44.982]]],[[[-73.502,-45.014],[-73.494,-44.998],[-73.486,-45.012],[-73.502,-45.014]]],[[[-74.034,-45.868],[-74.048,-45.858],[-74.032,-45.862],[-74.034,-45.868]]],[[[-74.788,-45.572],[-74.814,-45.57],[-74.78,-45.57],[-74.788,-45.572]]],[[[-75.306,-46.678],[-75.296,-46.672],[-75.294,-46.682],[-75.306,-46.678]]],[[[-74.184,-45.184],[-74.178,-45.182],[-74.16,-45.184],[-74.184,-45.184]]],[[[-74.174,-45.744],[-74.184,-45.742],[-74.172,-45.738],[-74.174,-45.744]]],[[[-74.568,-45.254],[-74.592,-45.248],[-74.574,-45.25],[-74.568,-45.254]]],[[[-75.254,-46.726],[-75.252,-46.728],[-75.262,-46.736],[-75.266,-46.724],[-75.254,-46.726]]],[[[-73.548,-45.178],[-73.548,-45.172],[-73.53,-45.17],[-73.548,-45.178]]],[[[-73.276,-45.276],[-73.274,-45.266],[-73.26,-45.266],[-73.276,-45.276]]],[[[-74.144,-45.222],[-74.146,-45.216],[-74.124,-45.216],[-74.124,-45.218],[-74.144,-45.222]]],[[[-73.418,-45.038],[-73.43,-45.042],[-73.422,-45.034],[-73.418,-45.038]]],[[[-74.432,-45.27],[-74.428,-45.266],[-74.418,-45.272],[-74.432,-45.27]]],[[[-73.568,-45.242],[-73.558,-45.236],[-73.55,-45.242],[-73.568,-45.242]]],[[[-74.146,-45.736],[-74.164,-45.738],[-74.15,-45.73],[-74.146,-45.736]]],[[[-74.766,-45.606],[-74.762,-45.618],[-74.774,-45.614],[-74.778,-45.602],[-74.766,-45.606]]],[[[-75.244,-46.656],[-75.242,-46.652],[-75.23,-46.656],[-75.244,-46.656]]],[[[-74.126,-45.478],[-74.132,-45.472],[-74.12,-45.472],[-74.126,-45.478]]],[[[-73.584,-45.074],[-73.592,-45.068],[-73.584,-45.06],[-73.584,-45.074]]],[[[-75.176,-46.786],[-75.194,-46.774],[-75.178,-46.78],[-75.176,-46.786]]],[[[-74.254,-45.274],[-74.26,-45.266],[-74.248,-45.268],[-74.254,-45.274]]],[[[-74.232,-45.21],[-74.234,-45.202],[-74.222,-45.208],[-74.232,-45.21]]]]}},{"type":"Feature","properties":{"codigo_region":"11","codigo_comuna":"11202","nombre_comuna":"Cisnes","nombre_comuna_clean":"cisnes","nombre_region":"Región de Aysén del Gral.Ibañez del Campo"},"geometry":{"type":"MultiPolygon","coordinates":[[[[-72.402,-43.69],[-72.332,-43.674],[-72.318,-43.708],[-72.298,-43.714],[-72.31,-43.732],[-72.272,-43.762],[-72.304,-43.78],[-72.24,-43.808],[-72.28,-43.832],[-72.194,-43.842],[-72.204,-43.854],[-72.182,-43.894],[-72.12,-43.878],[-72.076,-43.904],[-72.108,-43.93],[-72.072,-43.962],[-72.108,-44.012],[-72.108,-44.046],[-72.052,-44.082],[-72.052,-44.098],[-72.11,-44.092],[-72.152,-44.232],[-72.13,-44.264],[-72.184,-44.262],[-72.228,-44.29],[-72.242,-44.28],[-72.258,-44.304],[-72.292,-44.308],[-72.252,-44.362],[-72.392,-44.4],[-72.33,-44.438],[-72.364,-44.464],[-72.352,-44.484],[-72.38,-44.516],[-72.324,-44.54],[-72.348,-44.598],[-72.316,-44.618],[-72.304,-44.662],[-72.29,-44.666],[-72.318,-44.672],[-72.346,-44.65],[-72.362,-44.66],[-72.348,-44.714],[-72.382,-44.75],[-72.372,-44.766],[-72.266,-44.772],[-72.288,-44.86],[-72.244,-44.878],[-72.22,-44.91],[-72.216,-45.004],[-72.27,-45.014],[-72.296,-45.004],[-72.296,-45.03],[-72.344,-45.006],[-72.358,-45.038],[-72.414,-45.01],[-72.446,-45.022],[-72.506,-45.106],[-72.572,-45.084],[-72.6,-45.048],[-72.634,-45.066],[-72.666,-45.054],[-72.68,-45.074],[-72.704,-45.074],[-72.734,-45.046],[-72.726,-45.024],[-72.74,-45.018],[-72.8,-45.026],[-72.83,-45.052],[-72.88,-45.044],[-72.91,-45.018],[-72.934,-45.052],[-73.012,-45.072],[-73.102,-45.038],[-73.168,-45.104],[-73.214,-45.1],[-73.226,-45.066],[-73.276,-45.096],[-73.32,-45.102],[-73.276,-45.08],[-73.278,-45.068],[-73.296,-45.086],[-73.338,-45.092],[-73.346,-45.07],[-73.364,-45.066],[-73.376,-45.016],[-73.356,-44.954],[-73.306,-44.946],[-73.218,-44.962],[-73.126,-44.93],[-73.102,-44.94],[-73.108,-44.954],[-72.99,-44.888],[-73.004,-44.884],[-72.972,-44.858],[-72.928,-44.868],[-72.882,-44.844],[-72.746,-44.748],[-72.684,-44.736],[-72.718,-44.664],[-72.664,-44.624],[-72.678,-44.588],[-72.646,-44.532],[-72.582,-44.502],[-72.542,-44.528],[-72.606,-44.47],[-72.582,-44.396],[-72.604,-44.386],[-72.56,-44.364],[-72.572,-44.354],[-72.556,-44.326],[-72.574,-44.326],[-72.616,-44.406],[-72.646,-44.414],[-72.656,-44.43],[-72.638,-44.448],[-72.674,-44.512],[-72.718,-44.498],[-72.712,-44.48],[-72.746,-44.464],[-72.702,-44.446],[-72.744,-44.442],[-72.808,-44.402],[-72.798,-44.386],[-72.764,-44.386],[-72.764,-44.38],[-72.856,-44.388],[-72.914,-44.37],[-72.892,-44.306],[-72.858,-44.294],[-72.896,-44.296],[-72.912,-44.322],[-72.978,-44.282],[-73.048,-44.272],[-73.066,-44.234],[-73.082,-44.234],[-73.068,-44.26],[-73.086,-44.274],[-73.184,-44.248],[-73.17,-44.214],[-73.132,-44.198],[-73.122,-44.198],[-73.114,-44.228],[-73.1,-44.232],[-73.114,-44.212],[-73.096,-44.174],[-73.108,-44.186],[-73.118,-44.17],[-73.108,-44.146],[-73.086,-44.158],[-73.076,-44.152],[-73.108,-44.144],[-73.096,-44.124],[-73.12,-44.14],[-73.134,-44.178],[-73.172,-44.2],[-73.226,-44.196],[-73.226,-44.178],[-73.24,-44.198],[-73.274,-44.18],[-73.284,-44.162],[-73.27,-44.15],[-73.244,-44.164],[-73.252,-44.15],[-73.268,-44.148],[-73.272,-44.144],[-73.274,-44.12],[-73.262,-44.106],[-73.204,-44.15],[-73.178,-44.152],[-73.212,-44.12],[-73.208,-44.064],[-73.152,-44.064],[-73.128,-44.106],[-73.086,-44.082],[-73.122,-44.038],[-73.122,-43.974],[-73.098,-43.976],[-73.11,-43.97],[-73.1,-43.966],[-73.096,-43.958],[-73.11,-43.956],[-73.088,-43.932],[-73.066,-43.926],[-73.062,-43.936],[-73.06,-43.928],[-73.03,-43.916],[-73.06,-43.88],[-73.028,-43.874],[-73.042,-43.85],[-73.008,-43.846],[-73.002,-43.824],[-72.98,-43.814],[-72.986,-43.788],[-72.978,-43.766],[-72.956,-43.832],[-72.95,-43.83],[-72.948,-43.822],[-72.95,-43.814],[-72.918,-43.808],[-72.86,-43.788],[-72.828,-43.824],[-72.786,-43.82],[-72.756,-43.842],[-72.726,-43.838],[-72.816,-43.808],[-72.832,-43.762],[-72.804,-43.688],[-72.816,-43.654],[-72.838,-43.77],[-72.922,-43.762],[-72.932,-43.79],[-72.938,-43.752],[-73.048,-43.738],[-72.938,-43.698],[-72.894,-43.738],[-72.854,-43.74],[-72.824,-43.644],[-72.808,-43.638],[-72.79,-43.644],[-72.79,-43.674],[-72.766,-43.686],[-72.8,-43.74],[-72.768,-43.75],[-72.764,-43.77],[-72.696,-43.764],[-72.662,-43.778],[-72.654,-43.76],[-72.612,-43.756],[-72.498,-43.796],[-72.476,-43.736],[-72.418,-43.72],[-72.402,-43.69]],[[-73.066,-43.944],[-73.064,-43.946],[-73.062,-43.936],[-73.066,-43.944]]],[[[-72.94,-44.424],[-72.928,-44.43],[-72.938,-44.398],[-72.91,-44.414],[-72.9,-44.446],[-72.962,-44.516],[-72.958,-44.526],[-72.974,-44.546],[-72.984,-44.566],[-72.984,-44.576],[-72.954,-44.522],[-72.936,-44.522],[-72.868,-44.428],[-72.78,-44.464],[-72.778,-44.448],[-72.764,-44.474],[-72.734,-44.482],[-72.73,-44.504],[-72.692,-44.52],[-72.688,-44.54],[-72.804,-44.648],[-72.902,-44.63],[-72.898,-44.614],[-72.94,-44.614],[-72.944,-44.596],[-72.968,-44.584],[-72.962,-44.628],[-72.926,-44.63],[-72.876,-44.664],[-72.794,-44.67],[-72.82,-44.734],[-72.954,-44.79],[-72.962,-44.814],[-73.01,-44.84],[-73.042,-44.88],[-73.116,-44.912],[-73.218,-44.938],[-73.264,-44.93],[-73.288,-44.896],[-73.29,-44.92],[-73.328,-44.87],[-73.378,-44.848],[-73.392,-44.816],[-73.326,-44.822],[-73.276,-44.792],[-73.248,-44.812],[-73.16,-44.808],[-73.174,-44.79],[-73.192,-44.808],[-73.216,-44.788],[-73.262,-44.78],[-73.258,-44.742],[-73.282,-44.774],[-73.306,-44.772],[-73.332,-44.8],[-73.364,-44.8],[-73.39,-44.76],[-73.348,-44.736],[-73.39,-44.752],[-73.43,-44.734],[-73.428,-44.642],[-73.444,-44.66],[-73.452,-44.638],[-73.386,-44.568],[-73.396,-44.598],[-73.38,-44.582],[-73.35,-44.586],[-73.376,-44.598],[-73.348,-44.604],[-73.354,-44.634],[-73.342,-44.61],[-73.308,-44.602],[-73.26,-44.614],[-73.238,-44.638],[-73.212,-44.638],[-73.234,-44.604],[-73.284,-44.586],[-73.262,-44.582],[-73.278,-44.542],[-73.264,-44.558],[-73.244,-44.538],[-73.182,-44.552],[-73.138,-44.584],[-73.114,-44.568],[-73.13,-44.56],[-73.124,-44.546],[-73.224,-44.524],[-73.248,-44.502],[-73.26,-44.47],[-73.248,-44.436],[-73.164,-44.4],[-73.13,-44.454],[-73.134,-44.428],[-73.118,-44.418],[-73.092,-44.43],[-73.09,-44.414],[-73.08,-44.418],[-73.078,-44.416],[-73.098,-44.392],[-73.09,-44.374],[-73.038,-44.386],[-73.002,-44.368],[-72.96,-44.372],[-72.94,-44.424]],[[-73.12,-44.446],[-73.098,-44.46],[-73.118,-44.418],[-73.12,-44.446]],[[-73.072,-44.416],[-73.076,-44.43],[-73.054,-44.426],[-73.036,-44.482],[-73.004,-44.496],[-73.034,-44.454],[-73.036,-44.418],[-73.056,-44.424],[-73.07,-44.408],[-73.078,-44.416],[-73.072,-44.416]]],[[[-73.928,-44.612],[-73.864,-44.658],[-73.898,-44.656],[-73.904,-44.656],[-73.908,-44.658],[-73.91,-44.66],[-73.868,-44.664],[-73.84,-44.7],[-73.972,-44.708],[-73.98,-44.68],[-73.972,-44.672],[-73.956,-44.662],[-73.956,-44.658],[-73.952,-44.658],[-73.95,-44.656],[-73.988,-44.66],[-73.984,-44.722],[-74.02,-44.728],[-74.068,-44.762],[-74.19,-44.778],[-74.244,-44.808],[-74.338,-44.776],[-74.368,-44.722],[-74.304,-44.71],[-74.22,-44.718],[-74.23,-44.728],[-74.174,-44.74],[-74.084,-44.738],[-74.114,-44.726],[-74.18,-44.732],[-74.216,-44.718],[-74.196,-44.714],[-74.276,-44.696],[-74.382,-44.704],[-74.412,-44.658],[-74.402,-44.644],[-74.404,-44.644],[-74.398,-44.616],[-74.284,-44.63],[-74.294,-44.6],[-74.094,-44.594],[-73.928,-44.612]],[[-74.39,-44.648],[-74.344,-44.64],[-74.334,-44.632],[-74.402,-44.644],[-74.39,-44.648]]],[[[-74.09,-44.868],[-74.094,-44.872],[-74.086,-44.882],[-74.086,-44.866],[-74.06,-44.896],[-73.952,-44.894],[-73.892,-44.964],[-74.014,-44.992],[-74.016,-44.98],[-74.076,-44.954],[-74.122,-44.952],[-74.064,-44.966],[-74.024,-44.986],[-74.022,-44.998],[-74.144,-45.01],[-74.188,-45.0],[-74.21,-45.024],[-74.266,-45.038],[-74.35,-45.016],[-74.364,-45.022],[-74.366,-45.006],[-74.386,-45.002],[-74.384,-44.988],[-74.362,-44.994],[-74.248,-44.932],[-74.204,-44.878],[-74.09,-44.868]]],[[[-73.608,-44.562],[-73.632,-44.582],[-73.642,-44.574],[-73.676,-44.556],[-73.686,-44.554],[-73.63,-44.598],[-73.606,-44.592],[-73.604,-44.606],[-73.586,-44.588],[-73.596,-44.614],[-73.59,-44.626],[-73.618,-44.64],[-73.606,-44.652],[-73.642,-44.666],[-73.67,-44.71],[-73.716,-44.73],[-73.634,-44.698],[-73.616,-44.672],[-73.564,-44.708],[-73.576,-44.72],[-73.588,-44.73],[-73.586,-44.716],[-73.606,-44.712],[-73.664,-44.746],[-73.73,-44.744],[-73.742,-44.752],[-73.766,-44.73],[-73.756,-44.718],[-73.774,-44.69],[-73.788,-44.698],[-73.836,-44.652],[-73.82,-44.632],[-73.854,-44.628],[-73.88,-44.594],[-73.832,-44.586],[-73.806,-44.628],[-73.816,-44.638],[-73.802,-44.636],[-73.79,-44.662],[-73.8,-44.63],[-73.784,-44.628],[-73.804,-44.562],[-73.73,-44.552],[-73.738,-44.53],[-73.72,-44.534],[-73.716,-44.538],[-73.726,-44.542],[-73.728,-44.546],[-73.726,-44.546],[-73.674,-44.534],[-73.608,-44.562]]],[[[-74.246,-44.404],[-74.208,-44.478],[-74.222,-44.49],[-74.286,-44.486],[-74.304,-44.498],[-74.318,-44.498],[-74.33,-44.506],[-74.444,-44.482],[-74.38,-44.504],[-74.374,-44.534],[-74.386,-44.544],[-74.516,-44.516],[-74.56,-44.478],[-74.54,-44.44],[-74.488,-44.416],[-74.398,-44.43],[-74.41,-44.44],[-74.412,-44.47],[-74.384,-44.436],[-74.358,-44.428],[-74.358,-44.408],[-74.298,-44.39],[-74.246,-44.404]]],[[[-74.006,-44.164],[-73.996,-44.15],[-73.974,-44.194],[-73.932,-44.198],[-73.932,-44.208],[-73.93,-44.216],[-73.926,-44.218],[-73.928,-44.198],[-73.898,-44.196],[-73.854,-44.224],[-73.858,-44.238],[-73.936,-44.24],[-73.97,-44.26],[-73.994,-44.246],[-74.04,-44.234],[-74.044,-44.234],[-74.05,-44.238],[-73.988,-44.258],[-73.964,-44.312],[-73.946,-44.322],[-73.962,-44.328],[-73.954,-44.334],[-74.012,-44.336],[-74.024,-44.326],[-73.972,-44.326],[-74.024,-44.322],[-74.058,-44.296],[-74.074,-44.268],[-74.062,-44.244],[-74.104,-44.21],[-74.094,-44.182],[-74.064,-44.168],[-74.048,-44.192],[-74.024,-44.194],[-74.006,-44.22],[-73.982,-44.228],[-74.014,-44.192],[-74.044,-44.19],[-74.046,-44.154],[-74.066,-44.166],[-74.046,-44.144],[-74.016,-44.146],[-74.006,-44.164]]],[[[-73.792,-44.804],[-73.764,-44.886],[-73.724,-44.908],[-73.734,-44.924],[-73.754,-44.904],[-73.766,-44.904],[-73.742,-44.94],[-73.772,-44.96],[-73.826,-44.96],[-73.884,-44.916],[-73.918,-44.864],[-73.876,-44.866],[-73.844,-44.898],[-73.796,-44.896],[-73.832,-44.89],[-73.866,-44.85],[-73.838,-44.846],[-73.836,-44.844],[-73.834,-44.842],[-73.836,-44.84],[-73.894,-44.834],[-73.912,-44.816],[-73.908,-44.786],[-73.866,-44.772],[-73.828,-44.774],[-73.792,-44.804]]],[[[-75.096,-44.774],[-75.064,-44.828],[-75.018,-44.84],[-75.04,-44.87],[-75.028,-44.9],[-75.086,-44.926],[-75.158,-44.92],[-75.158,-44.93],[-75.164,-44.91],[-75.144,-44.896],[-75.152,-44.864],[-75.206,-44.81],[-75.144,-44.764],[-75.096,-44.774]]],[[[-74.384,-44.86],[-74.422,-44.832],[-74.446,-44.842],[-74.482,-44.784],[-74.534,-44.74],[-74.494,-44.714],[-74.478,-44.728],[-74.46,-44.726],[-74.472,-44.724],[-74.464,-44.71],[-74.428,-44.712],[-74.388,-44.776],[-74.4,-44.774],[-74.328,-44.802],[-74.298,-44.84],[-74.384,-44.86]]],[[[-74.076,-44.45],[-74.006,-44.45],[-73.974,-44.464],[-73.992,-44.444],[-73.972,-44.446],[-73.918,-44.506],[-73.922,-44.54],[-74.034,-44.56],[-74.092,-44.544],[-74.122,-44.516],[-74.122,-44.49],[-73.974,-44.504],[-74.114,-44.508],[-74.084,-44.518],[-73.958,-44.516],[-73.972,-44.502],[-73.948,-44.5],[-73.976,-44.48],[-74.13,-44.47],[-74.142,-44.452],[-74.078,-44.468],[-74.154,-44.444],[-74.184,-44.42],[-74.076,-44.45]]],[[[-73.116,-43.942],[-73.144,-44.03],[-73.174,-44.018],[-73.194,-44.036],[-73.21,-44.034],[-73.184,-44.018],[-73.218,-44.022],[-73.266,-43.97],[-73.242,-43.912],[-73.144,-43.878],[-73.124,-43.888],[-73.116,-43.942]]],[[[-74.116,-44.556],[-74.312,-44.576],[-74.36,-44.54],[-74.366,-44.506],[-74.338,-44.51],[-74.3,-44.502],[-74.284,-44.49],[-74.216,-44.5],[-74.184,-44.47],[-74.116,-44.556]]],[[[-74.458,-44.63],[-74.444,-44.656],[-74.47,-44.656],[-74.434,-44.692],[-74.54,-44.696],[-74.598,-44.68],[-74.61,-44.692],[-74.676,-44.674],[-74.67,-44.652],[-74.634,-44.66],[-74.644,-44.626],[-74.604,-44.61],[-74.458,-44.63]]],[[[-74.008,-44.356],[-74.012,-44.342],[-73.958,-44.338],[-73.946,-44.346],[-73.962,-44.36],[-73.93,-44.342],[-73.888,-44.354],[-73.902,-44.376],[-73.91,-44.378],[-73.912,-44.372],[-73.916,-44.372],[-73.902,-44.442],[-73.924,-44.454],[-73.968,-44.418],[-74.052,-44.392],[-74.078,-44.338],[-74.08,-44.296],[-74.008,-44.356]]],[[[-73.932,-44.788],[-73.93,-44.834],[-73.952,-44.844],[-73.976,-44.836],[-73.958,-44.846],[-74.014,-44.862],[-74.074,-44.838],[-74.188,-44.822],[-74.166,-44.804],[-74.102,-44.804],[-73.99,-44.774],[-73.932,-44.788]]],[[[-73.58,-44.748],[-73.58,-44.784],[-73.608,-44.792],[-73.588,-44.814],[-73.6,-44.834],[-73.634,-44.85],[-73.676,-44.846],[-73.73,-44.806],[-73.74,-44.764],[-73.728,-44.75],[-73.674,-44.758],[-73.626,-44.732],[-73.58,-44.748]]],[[[-73.868,-44.114],[-73.866,-44.118],[-73.87,-44.124],[-73.872,-44.134],[-73.864,-44.116],[-73.838,-44.126],[-73.844,-44.144],[-73.894,-44.17],[-73.896,-44.176],[-73.85,-44.158],[-73.85,-44.188],[-73.84,-44.166],[-73.814,-44.182],[-73.84,-44.16],[-73.822,-44.166],[-73.828,-44.148],[-73.802,-44.186],[-73.832,-44.204],[-73.9,-44.182],[-73.958,-44.19],[-73.996,-44.144],[-73.946,-44.1],[-73.868,-44.114]]],[[[-74.24,-44.272],[-74.238,-44.308],[-74.344,-44.304],[-74.42,-44.252],[-74.374,-44.23],[-74.292,-44.234],[-74.24,-44.272]]],[[[-74.732,-44.552],[-74.714,-44.574],[-74.728,-44.606],[-74.714,-44.622],[-74.736,-44.634],[-74.714,-44.65],[-74.78,-44.674],[-74.782,-44.658],[-74.8,-44.654],[-74.804,-44.642],[-74.79,-44.64],[-74.788,-44.638],[-74.788,-44.636],[-74.806,-44.64],[-74.824,-44.576],[-74.806,-44.568],[-74.806,-44.542],[-74.732,-44.552]]],[[[-73.806,-44.4],[-73.868,-44.416],[-73.878,-44.438],[-73.82,-44.41],[-73.81,-44.418],[-73.824,-44.44],[-73.796,-44.4],[-73.76,-44.418],[-73.754,-44.452],[-73.9,-44.454],[-73.884,-44.44],[-73.89,-44.404],[-73.836,-44.374],[-73.812,-44.38],[-73.806,-44.4]]],[[[-73.628,-44.348],[-73.628,-44.38],[-73.716,-44.388],[-73.642,-44.416],[-73.664,-44.442],[-73.718,-44.43],[-73.794,-44.374],[-73.768,-44.366],[-73.758,-44.382],[-73.724,-44.372],[-73.736,-44.364],[-73.726,-44.358],[-73.686,-44.356],[-73.648,-44.378],[-73.636,-44.362],[-73.672,-44.358],[-73.676,-44.344],[-73.628,-44.348]]],[[[-73.22,-44.332],[-73.21,-44.318],[-73.19,-44.324],[-73.152,-44.384],[-73.192,-44.392],[-73.172,-44.378],[-73.196,-44.378],[-73.254,-44.4],[-73.28,-44.39],[-73.294,-44.37],[-73.286,-44.338],[-73.232,-44.312],[-73.22,-44.332]]],[[[-73.78,-44.268],[-73.762,-44.322],[-73.778,-44.336],[-73.766,-44.34],[-73.802,-44.358],[-73.876,-44.342],[-73.87,-44.318],[-73.872,-44.318],[-73.888,-44.3],[-73.846,-44.296],[-73.846,-44.316],[-73.834,-44.316],[-73.838,-44.284],[-73.78,-44.268]]],[[[-74.116,-44.318],[-74.074,-44.418],[-74.188,-44.38],[-74.19,-44.364],[-74.156,-44.328],[-74.162,-44.314],[-74.142,-44.316],[-74.15,-44.302],[-74.116,-44.318]]],[[[-74.296,-44.904],[-74.298,-44.91],[-74.296,-44.914],[-74.32,-44.942],[-74.396,-44.962],[-74.456,-44.926],[-74.458,-44.902],[-74.43,-44.892],[-74.384,-44.916],[-74.328,-44.918],[-74.296,-44.904]]],[[[-72.998,-44.316],[-72.98,-44.354],[-73.002,-44.348],[-73.0,-44.36],[-73.046,-44.366],[-73.086,-44.348],[-73.094,-44.354],[-73.104,-44.358],[-73.108,-44.362],[-73.098,-44.37],[-73.108,-44.382],[-73.134,-44.348],[-73.112,-44.33],[-73.076,-44.344],[-73.078,-44.318],[-72.998,-44.316]]],[[[-73.632,-44.248],[-73.632,-44.262],[-73.684,-44.304],[-73.716,-44.308],[-73.744,-44.276],[-73.732,-44.246],[-73.71,-44.256],[-73.662,-44.24],[-73.632,-44.248]]],[[[-74.254,-44.35],[-74.244,-44.372],[-74.358,-44.386],[-74.356,-44.366],[-74.382,-44.344],[-74.326,-44.32],[-74.314,-44.336],[-74.254,-44.35]]],[[[-74.2,-44.248],[-74.194,-44.24],[-74.164,-44.266],[-74.162,-44.244],[-74.14,-44.228],[-74.1,-44.258],[-74.114,-44.306],[-74.176,-44.282],[-74.2,-44.248]]],[[[-74.238,-44.168],[-74.264,-44.174],[-74.304,-44.172],[-74.302,-44.174],[-74.356,-44.186],[-74.342,-44.174],[-74.342,-44.166],[-74.312,-44.168],[-74.304,-44.17],[-74.36,-44.132],[-74.274,-44.13],[-74.238,-44.168]]],[[[-73.872,-44.318],[-73.884,-44.342],[-73.944,-44.326],[-73.944,-44.318],[-73.956,-44.308],[-73.974,-44.268],[-73.934,-44.262],[-73.872,-44.318]]],[[[-73.586,-44.442],[-73.562,-44.442],[-73.568,-44.486],[-73.618,-44.494],[-73.6,-44.482],[-73.636,-44.48],[-73.654,-44.462],[-73.628,-44.438],[-73.582,-44.46],[-73.616,-44.438],[-73.592,-44.428],[-73.586,-44.442]]],[[[-73.612,-44.51],[-73.574,-44.514],[-73.594,-44.538],[-73.67,-44.528],[-73.69,-44.506],[-73.638,-44.51],[-73.68,-44.5],[-73.696,-44.48],[-73.664,-44.478],[-73.612,-44.51]]],[[[-74.182,-44.114],[-74.178,-44.122],[-74.196,-44.138],[-74.272,-44.116],[-74.354,-44.118],[-74.354,-44.094],[-74.182,-44.114]]],[[[-74.122,-44.18],[-74.156,-44.17],[-74.124,-44.132],[-74.082,-44.11],[-74.048,-44.114],[-74.122,-44.18]]],[[[-74.168,-44.086],[-74.202,-44.098],[-74.342,-44.076],[-74.212,-44.072],[-74.168,-44.086]]],[[[-73.886,-44.626],[-73.954,-44.598],[-73.99,-44.596],[-73.9,-44.568],[-73.886,-44.626]]],[[[-73.656,-44.202],[-73.72,-44.196],[-73.71,-44.16],[-73.694,-44.188],[-73.666,-44.156],[-73.672,-44.148],[-73.654,-44.154],[-73.656,-44.202]]],[[[-73.84,-44.26],[-73.86,-44.274],[-73.848,-44.274],[-73.852,-44.288],[-73.888,-44.292],[-73.932,-44.252],[-73.84,-44.26]]],[[[-73.838,-44.514],[-73.878,-44.524],[-73.894,-44.514],[-73.89,-44.484],[-73.834,-44.48],[-73.838,-44.514]]],[[[-73.31,-44.52],[-73.338,-44.538],[-73.314,-44.546],[-73.328,-44.582],[-73.358,-44.572],[-73.348,-44.56],[-73.368,-44.54],[-73.328,-44.514],[-73.31,-44.52]]],[[[-73.816,-44.744],[-73.898,-44.746],[-73.906,-44.736],[-73.932,-44.73],[-73.836,-44.718],[-73.816,-44.744]]],[[[-74.172,-44.028],[-74.228,-44.044],[-74.286,-44.026],[-74.27,-44.012],[-74.172,-44.028]]],[[[-73.696,-44.504],[-73.696,-44.524],[-73.748,-44.518],[-73.758,-44.498],[-73.754,-44.494],[-73.756,-44.494],[-73.75,-44.484],[-73.696,-44.504]],[[-73.748,-44.496],[-73.74,-44.494],[-73.754,-44.494],[-73.748,-44.496]]],[[[-73.104,-44.304],[-73.086,-44.318],[-73.102,-44.33],[-73.146,-44.32],[-73.146,-44.338],[-73.166,-44.304],[-73.146,-44.318],[-73.15,-44.302],[-73.104,-44.304]]],[[[-74.248,-44.206],[-74.254,-44.216],[-74.218,-44.236],[-74.25,-44.236],[-74.322,-44.2],[-74.248,-44.206]]],[[[-73.788,-44.494],[-73.76,-44.496],[-73.77,-44.51],[-73.814,-44.516],[-73.832,-44.498],[-73.788,-44.482],[-73.788,-44.494]]],[[[-74.174,-43.994],[-74.148,-44.006],[-74.242,-44.002],[-74.174,-43.994]]],[[[-73.832,-44.372],[-73.894,-44.396],[-73.88,-44.362],[-73.832,-44.372]]],[[[-73.802,-44.232],[-73.842,-44.25],[-73.848,-44.214],[-73.82,-44.214],[-73.802,-44.232]]],[[[-74.108,-44.1],[-74.118,-44.094],[-74.084,-44.076],[-74.134,-44.084],[-74.09,-44.066],[-74.06,-44.074],[-74.108,-44.1]]],[[[-74.258,-44.898],[-74.294,-44.914],[-74.296,-44.884],[-74.268,-44.87],[-74.258,-44.898]]],[[[-72.948,-43.796],[-72.94,-43.8],[-72.93,-43.8],[-72.924,-43.802],[-72.932,-43.802],[-72.94,-43.808],[-72.918,-43.802],[-72.95,-43.814],[-72.952,-43.814],[-72.952,-43.824],[-72.97,-43.76],[-72.948,-43.796]]],[[[-74.322,-44.904],[-74.364,-44.908],[-74.342,-44.894],[-74.348,-44.88],[-74.328,-44.87],[-74.322,-44.904]]],[[[-74.136,-44.194],[-74.128,-44.214],[-74.176,-44.208],[-74.19,-44.188],[-74.136,-44.194]]],[[[-74.406,-44.36],[-74.408,-44.362],[-74.37,-44.39],[-74.404,-44.382],[-74.386,-44.392],[-74.422,-44.394],[-74.41,-44.354],[-74.406,-44.36]]],[[[-73.226,-44.04],[-73.232,-44.05],[-73.258,-44.018],[-73.256,-44.034],[-73.278,-44.024],[-73.272,-44.006],[-73.262,-44.012],[-73.226,-44.04]]],[[[-74.168,-44.07],[-74.202,-44.06],[-74.11,-44.044],[-74.168,-44.07]]],[[[-73.7,-44.876],[-73.708,-44.86],[-73.712,-44.872],[-73.736,-44.86],[-73.706,-44.856],[-73.674,-44.86],[-73.7,-44.876]]],[[[-73.646,-44.33],[-73.676,-44.342],[-73.696,-44.328],[-73.646,-44.33]]],[[[-74.372,-44.904],[-74.386,-44.898],[-74.362,-44.864],[-74.372,-44.904]]],[[[-73.632,-44.21],[-73.654,-44.21],[-73.64,-44.188],[-73.616,-44.18],[-73.632,-44.21]]],[[[-73.576,-44.342],[-73.594,-44.354],[-73.586,-44.342],[-73.61,-44.334],[-73.592,-44.324],[-73.576,-44.342]]],[[[-74.298,-44.332],[-74.3,-44.32],[-74.25,-44.322],[-74.298,-44.332]]],[[[-73.51,-44.954],[-73.518,-44.932],[-73.496,-44.922],[-73.51,-44.954]]],[[[-74.152,-44.138],[-74.166,-44.142],[-74.154,-44.114],[-74.13,-44.112],[-74.152,-44.138]]],[[[-73.7,-44.352],[-73.734,-44.348],[-73.726,-44.332],[-73.7,-44.352]]],[[[-73.73,-44.88],[-73.724,-44.888],[-73.764,-44.874],[-73.73,-44.88]]],[[[-73.212,-44.22],[-73.206,-44.23],[-73.234,-44.234],[-73.234,-44.216],[-73.212,-44.22]]],[[[-73.732,-44.236],[-73.754,-44.238],[-73.742,-44.216],[-73.732,-44.236]]],[[[-73.476,-44.294],[-73.49,-44.296],[-73.496,-44.282],[-73.478,-44.274],[-73.476,-44.294]]],[[[-74.616,-44.956],[-74.656,-44.94],[-74.64,-44.932],[-74.616,-44.956]]],[[[-72.8,-44.418],[-72.842,-44.41],[-72.824,-44.398],[-72.8,-44.418]]],[[[-73.63,-44.888],[-73.632,-44.874],[-73.66,-44.878],[-73.628,-44.864],[-73.63,-44.888]]],[[[-74.342,-44.214],[-74.362,-44.206],[-74.326,-44.198],[-74.342,-44.214]]],[[[-74.218,-44.862],[-74.25,-44.864],[-74.244,-44.852],[-74.218,-44.862]]],[[[-73.63,-44.408],[-73.652,-44.408],[-73.632,-44.39],[-73.616,-44.402],[-73.63,-44.408]]],[[[-74.34,-44.158],[-74.342,-44.162],[-74.37,-44.158],[-74.368,-44.138],[-74.34,-44.158]]],[[[-74.404,-44.896],[-74.43,-44.884],[-74.416,-44.876],[-74.4,-44.882],[-74.404,-44.896]]],[[[-73.738,-44.828],[-73.762,-44.83],[-73.762,-44.816],[-73.75,-44.808],[-73.738,-44.828]]],[[[-74.044,-44.1],[-74.056,-44.086],[-74.046,-44.084],[-74.026,-44.092],[-74.044,-44.1]]],[[[-73.268,-44.072],[-73.238,-44.076],[-73.25,-44.084],[-73.268,-44.072]]],[[[-73.96,-44.75],[-73.972,-44.742],[-73.954,-44.734],[-73.944,-44.746],[-73.96,-44.75]]],[[[-74.198,-44.866],[-74.214,-44.868],[-74.198,-44.85],[-74.198,-44.866]]],[[[-74.602,-44.974],[-74.596,-44.982],[-74.626,-44.97],[-74.602,-44.974]]],[[[-73.748,-44.794],[-73.758,-44.802],[-73.768,-44.778],[-73.748,-44.794]]],[[[-73.274,-44.32],[-73.294,-44.328],[-73.278,-44.302],[-73.274,-44.32]]],[[[-73.276,-44.404],[-73.274,-44.41],[-73.306,-44.386],[-73.276,-44.404]]],[[[-74.412,-44.346],[-74.416,-44.324],[-74.41,-44.322],[-74.4,-44.334],[-74.412,-44.346]]],[[[-73.144,-44.566],[-73.14,-44.55],[-73.128,-44.568],[-73.144,-44.566]]],[[[-73.746,-44.534],[-73.746,-44.54],[-73.776,-44.536],[-73.746,-44.534]]],[[[-73.58,-44.736],[-73.586,-44.734],[-73.576,-44.72],[-73.562,-44.724],[-73.58,-44.736]]],[[[-74.186,-44.342],[-74.188,-44.32],[-74.18,-44.322],[-74.186,-44.342]]],[[[-73.838,-44.768],[-73.876,-44.766],[-73.854,-44.76],[-73.838,-44.768]]],[[[-73.924,-44.748],[-73.932,-44.746],[-73.922,-44.734],[-73.91,-44.746],[-73.924,-44.748]]],[[[-73.204,-44.256],[-73.216,-44.242],[-73.204,-44.24],[-73.204,-44.256]]],[[[-73.206,-44.274],[-73.21,-44.282],[-73.224,-44.266],[-73.206,-44.274]]],[[[-73.198,-44.268],[-73.224,-44.258],[-73.218,-44.256],[-73.198,-44.268]]],[[[-73.278,-44.576],[-73.302,-44.584],[-73.29,-44.568],[-73.278,-44.576]]],[[[-73.692,-44.152],[-73.698,-44.152],[-73.696,-44.138],[-73.684,-44.14],[-73.692,-44.152]]],[[[-73.612,-44.29],[-73.638,-44.296],[-73.628,-44.282],[-73.612,-44.29]]],[[[-73.902,-44.538],[-73.902,-44.544],[-73.916,-44.536],[-73.902,-44.538]]],[[[-74.434,-44.39],[-74.434,-44.396],[-74.458,-44.388],[-74.434,-44.39]]],[[[-73.804,-44.252],[-73.818,-44.252],[-73.8,-44.236],[-73.804,-44.252]]],[[[-73.942,-44.762],[-73.966,-44.756],[-73.954,-44.752],[-73.942,-44.762]]],[[[-74.364,-44.182],[-74.37,-44.176],[-74.358,-44.17],[-74.35,-44.178],[-74.364,-44.182]]],[[[-73.732,-44.316],[-73.744,-44.312],[-73.732,-44.302],[-73.732,-44.316]]],[[[-73.286,-44.426],[-73.296,-44.42],[-73.288,-44.406],[-73.286,-44.426]]],[[[-73.75,-44.528],[-73.766,-44.524],[-73.76,-44.512],[-73.75,-44.528]]],[[[-73.322,-44.938],[-73.344,-44.926],[-73.336,-44.924],[-73.322,-44.938]]],[[[-73.302,-44.568],[-73.306,-44.572],[-73.304,-44.55],[-73.302,-44.568]]],[[[-74.01,-44.416],[-74.004,-44.422],[-74.016,-44.422],[-74.028,-44.414],[-74.01,-44.416]]],[[[-73.114,-44.406],[-73.122,-44.396],[-73.11,-44.394],[-73.114,-44.406]]],[[[-73.668,-44.904],[-73.69,-44.902],[-73.678,-44.894],[-73.668,-44.904]]],[[[-73.262,-44.424],[-73.278,-44.434],[-73.276,-44.422],[-73.262,-44.424]]],[[[-73.12,-44.276],[-73.126,-44.28],[-73.154,-44.27],[-73.12,-44.276]]],[[[-74.242,-44.214],[-74.248,-44.208],[-74.238,-44.206],[-74.226,-44.216],[-74.242,-44.214]]],[[[-73.586,-44.618],[-73.596,-44.614],[-73.59,-44.604],[-73.586,-44.618]]],[[[-74.366,-44.554],[-74.382,-44.554],[-74.376,-44.542],[-74.366,-44.554]]],[[[-74.12,-44.028],[-74.12,-44.02],[-74.108,-44.02],[-74.12,-44.028]]],[[[-73.546,-44.29],[-73.548,-44.28],[-73.534,-44.276],[-73.546,-44.29]]],[[[-73.636,-44.542],[-73.626,-44.54],[-73.608,-44.542],[-73.636,-44.542]]],[[[-73.83,-44.14],[-73.834,-44.136],[-73.82,-44.132],[-73.83,-44.14]]],[[[-74.362,-44.604],[-74.372,-44.598],[-74.37,-44.594],[-74.362,-44.604]]],[[[-74.33,-45.032],[-74.352,-45.02],[-74.344,-45.022],[-74.33,-45.032]]],[[[-73.654,-44.888],[-73.656,-44.884],[-73.642,-44.88],[-73.654,-44.888]]],[[[-73.732,-44.838],[-73.74,-44.83],[-73.732,-44.832],[-73.722,-44.838],[-73.732,-44.838]]],[[[-73.62,-44.176],[-73.632,-44.174],[-73.622,-44.164],[-73.62,-44.176]]],[[[-73.268,-44.002],[-73.262,-43.994],[-73.256,-44.006],[-73.268,-44.002]]],[[[-74.166,-44.236],[-74.182,-44.238],[-74.186,-44.23],[-74.166,-44.236]]],[[[-74.522,-44.72],[-74.522,-44.716],[-74.506,-44.716],[-74.522,-44.72]]]]}},{"type":"Feature","properties":{"codigo_region":"11","codigo_comuna":"11203","nombre_comuna":"Guaitecas","nombre_comuna_clean":"guaitecas","nombre_region":"Región de Aysén del Gral.Ibañez del Campo"},"geometry":{"type":"MultiPolygon","coordinates":[[[[-73.942,-43.852],[-73.952,-43.87],[-73.938,-43.884],[-73.862,-43.914],[-73.908,-43.922],[-73.916,-43.906],[-73.91,-43.928],[-73.938,-43.954],[-74.0,-43.92],[-74.004,-43.888],[-74.014,-43.89],[-74.018,-43.908],[-74.036,-43.896],[-74.074,-43.906],[-74.148,-43.88],[-74.158,-43.862],[-74.136,-43.852],[-74.144,-43.836],[-74.124,-43.834],[-74.122,-43.818],[-74.072,-43.804],[-73.976,-43.844],[-73.9,-43.84],[-73.88,-43.818],[-73.904,-43.798],[-73.838,-43.804],[-73.86,-43.786],[-73.826,-43.8],[-73.866,-43.774],[-73.808,-43.792],[-73.78,-43.83],[-73.81,-43.852],[-73.942,-43.852]]],[[[-73.598,-44.002],[-73.612,-44.022],[-73.652,-44.03],[-73.576,-44.066],[-73.604,-44.084],[-73.584,-44.082],[-73.576,-44.096],[-73.614,-44.13],[-73.658,-44.134],[-73.646,-44.124],[-73.66,-44.126],[-73.656,-44.108],[-73.634,-44.09],[-73.638,-44.09],[-73.644,-44.094],[-73.648,-44.09],[-73.644,-44.07],[-73.652,-44.09],[-73.664,-44.086],[-73.654,-44.082],[-73.658,-44.052],[-73.698,-44.046],[-73.684,-44.034],[-73.712,-44.034],[-73.736,-43.992],[-73.692,-43.934],[-73.598,-44.002]]],[[[-73.796,-43.844],[-73.782,-43.846],[-73.794,-43.86],[-73.778,-43.856],[-73.774,-43.822],[-73.732,-43.876],[-73.738,-43.9],[-73.744,-43.89],[-73.848,-43.904],[-73.89,-43.878],[-73.89,-43.86],[-73.83,-43.866],[-73.81,-43.852],[-73.796,-43.844]]],[[[-73.78,-43.974],[-73.802,-43.996],[-73.866,-43.988],[-73.926,-43.958],[-73.894,-43.932],[-73.78,-43.974]]],[[[-73.482,-44.114],[-73.506,-44.13],[-73.46,-44.11],[-73.444,-44.128],[-73.482,-44.138],[-73.496,-44.18],[-73.518,-44.178],[-73.52,-44.14],[-73.54,-44.13],[-73.54,-44.108],[-73.51,-44.1],[-73.482,-44.114]]],[[[-73.786,-43.948],[-73.852,-43.922],[-73.84,-43.906],[-73.754,-43.916],[-73.782,-43.944],[-73.786,-43.948]]],[[[-73.578,-44.03],[-73.534,-44.04],[-73.546,-44.066],[-73.526,-44.076],[-73.554,-44.086],[-73.552,-44.062],[-73.582,-44.05],[-73.574,-44.038],[-73.612,-44.04],[-73.576,-44.018],[-73.578,-44.03]]],[[[-73.54,-44.148],[-73.58,-44.158],[-73.586,-44.142],[-73.55,-44.126],[-73.54,-44.148]]],[[[-73.842,-44.088],[-73.908,-44.08],[-73.848,-44.072],[-73.842,-44.088]]],[[[-73.984,-43.804],[-73.994,-43.814],[-74.01,-43.804],[-74.002,-43.784],[-73.984,-43.804]]],[[[-74.024,-43.816],[-74.046,-43.806],[-74.036,-43.798],[-74.016,-43.798],[-74.024,-43.816]]],[[[-73.658,-44.074],[-73.668,-44.084],[-73.694,-44.068],[-73.676,-44.06],[-73.658,-44.074]]],[[[-73.732,-44.062],[-73.746,-44.036],[-73.72,-44.036],[-73.732,-44.062]]],[[[-73.65,-43.95],[-73.656,-43.932],[-73.636,-43.942],[-73.65,-43.95]]],[[[-73.818,-44.04],[-73.836,-44.034],[-73.82,-44.028],[-73.8,-44.028],[-73.818,-44.04]]],[[[-73.698,-44.086],[-73.728,-44.07],[-73.696,-44.08],[-73.698,-44.086]]],[[[-73.946,-44.068],[-73.948,-44.046],[-73.93,-44.056],[-73.946,-44.068]]],[[[-73.776,-44.096],[-73.78,-44.084],[-73.766,-44.09],[-73.776,-44.096]]],[[[-73.686,-43.932],[-73.706,-43.93],[-73.69,-43.922],[-73.686,-43.932]]],[[[-73.768,-43.954],[-73.784,-43.954],[-73.782,-43.944],[-73.768,-43.954]]],[[[-74.164,-43.946],[-74.156,-43.94],[-74.14,-43.948],[-74.164,-43.946]]],[[[-73.658,-43.882],[-73.682,-43.878],[-73.662,-43.876],[-73.658,-43.882]]],[[[-74.078,-43.952],[-74.072,-43.944],[-74.058,-43.952],[-74.078,-43.952]]],[[[-73.696,-44.066],[-73.71,-44.058],[-73.694,-44.058],[-73.696,-44.066]]],[[[-73.74,-43.93],[-73.748,-43.932],[-73.748,-43.922],[-73.736,-43.92],[-73.74,-43.93]]],[[[-73.75,-44.018],[-73.76,-44.016],[-73.748,-44.008],[-73.75,-44.018]]],[[[-73.72,-43.944],[-73.714,-43.936],[-73.706,-43.944],[-73.72,-43.944]]]]}},{"type":"Feature","properties":{"codigo_region":"11","codigo_comuna":"11301","nombre_comuna":"Cochrane","nombre_comuna_clean":"cochrane","nombre_region":"Región de Aysén del Gral.Ibañez del Campo"},"geometry":{"type":"Polygon","coordinates":[[[-72.552,-46.938],[-72.516,-46.902],[-72.476,-46.932],[-72.454,-46.92],[-72.436,-46.946],[-72.39,-46.95],[-72.338,-46.94],[-72.284,-46.886],[-72.16,-46.86],[-72.092,-46.936],[-72.036,-46.942],[-71.998,-46.97],[-71.932,-46.976],[-71.918,-46.984],[-71.932,-46.994],[-71.88,-47.01],[-71.904,-47.05],[-71.956,-47.076],[-71.88,-47.108],[-71.86,-47.132],[-71.85,-47.162],[-71.888,-47.18],[-71.88,-47.206],[-71.892,-47.214],[-71.864,-47.232],[-72.02,-47.198],[-72.0,-47.216],[-72.014,-47.252],[-71.996,-47.294],[-72.046,-47.34],[-72.128,-47.328],[-72.162,-47.394],[-72.198,-47.416],[-72.244,-47.404],[-72.294,-47.446],[-72.342,-47.456],[-72.292,-47.512],[-72.326,-47.57],[-72.312,-47.596],[-72.354,-47.638],[-72.382,-47.636],[-72.42,-47.66],[-72.416,-47.692],[-72.45,-47.708],[-72.444,-47.746],[-72.466,-47.738],[-72.482,-47.758],[-72.522,-47.742],[-72.514,-47.76],[-72.568,-47.76],[-72.57,-47.778],[-72.636,-47.798],[-72.634,-47.84],[-72.678,-47.844],[-72.646,-47.906],[-72.676,-47.894],[-72.7,-47.904],[-72.708,-47.934],[-72.76,-47.93],[-72.758,-47.9],[-72.81,-47.85],[-72.814,-47.822],[-72.87,-47.8],[-72.848,-47.76],[-72.87,-47.744],[-72.916,-47.734],[-72.948,-47.75],[-72.924,-47.776],[-72.928,-47.808],[-72.95,-47.798],[-72.928,-47.848],[-72.936,-47.862],[-72.998,-47.844],[-73.056,-47.866],[-73.05,-47.848],[-73.072,-47.834],[-73.194,-47.832],[-73.258,-47.802],[-73.208,-47.752],[-73.232,-47.73],[-73.428,-47.714],[-73.4,-47.674],[-73.414,-47.644],[-73.394,-47.596],[-73.412,-47.584],[-73.398,-47.57],[-73.434,-47.55],[-73.45,-47.48],[-73.436,-47.464],[-73.462,-47.426],[-73.438,-47.364],[-73.408,-47.332],[-73.436,-47.31],[-73.446,-47.258],[-73.478,-47.24],[-73.462,-47.176],[-73.508,-47.156],[-73.476,-47.12],[-73.446,-47.102],[-73.388,-47.1],[-73.402,-47.064],[-73.366,-47.04],[-73.312,-47.032],[-73.234,-47.046],[-73.206,-47.072],[-73.146,-47.06],[-73.1,-47.094],[-73.054,-47.036],[-72.996,-47.054],[-72.874,-47.028],[-72.85,-47.082],[-72.81,-47.06],[-72.604,-47.034],[-72.55,-46.996],[-72.552,-46.938]],[[-72.548,-47.752],[-72.544,-47.752],[-72.544,-47.75],[-72.548,-47.752]]]}},{"type":"Feature","properties":{"codigo_region":"11","codigo_comuna":"11302","nombre_comuna":"O'Higgins","nombre_comuna_clean":"o'higgins","nombre_region":"Región de Aysén del Gral.Ibañez del Campo"},"geometry":{"type":"Polygon","coordinates":[[[-72.996,-47.844],[-72.936,-47.862],[-72.928,-47.848],[-72.95,-47.798],[-72.928,-47.808],[-72.924,-47.776],[-72.95,-47.75],[-72.91,-47.734],[-72.848,-47.758],[-72.87,-47.8],[-72.814,-47.822],[-72.81,-47.85],[-72.758,-47.9],[-72.76,-47.93],[-72.71,-47.934],[-72.7,-47.904],[-72.676,-47.894],[-72.646,-47.906],[-72.678,-47.844],[-72.634,-47.84],[-72.636,-47.798],[-72.57,-47.778],[-72.568,-47.76],[-72.508,-47.76],[-72.496,-47.798],[-72.47,-47.816],[-72.478,-47.87],[-72.5,-47.876],[-72.528,-47.936],[-72.5,-47.962],[-72.426,-47.966],[-72.418,-48.0],[-72.444,-48.064],[-72.418,-48.076],[-72.36,-48.072],[-72.358,-48.102],[-72.328,-48.114],[-72.3,-48.156],[-72.306,-48.2],[-72.326,-48.214],[-72.316,-48.236],[-72.26,-48.284],[-72.254,-48.3],[-72.228,-48.318],[-72.246,-48.348],[-72.28,-48.362],[-72.38,-48.35],[-72.376,-48.372],[-72.348,-48.39],[-72.406,-48.414],[-72.41,-48.432],[-72.374,-48.45],[-72.394,-48.482],[-72.442,-48.512],[-72.504,-48.518],[-72.536,-48.482],[-72.588,-48.492],[-72.542,-48.634],[-72.53,-48.796],[-72.64,-48.866],[-72.688,-48.864],[-72.696,-48.896],[-72.744,-48.906],[-72.796,-48.968],[-72.848,-48.966],[-72.864,-48.946],[-72.92,-48.936],[-72.946,-48.946],[-72.96,-48.982],[-72.994,-48.998],[-72.982,-49.03],[-73.01,-49.034],[-73.004,-49.064],[-73.03,-49.068],[-73.062,-49.126],[-73.142,-49.18],[-73.142,-49.212],[-73.518,-48.986],[-73.108,-48.146],[-73.042,-48.142],[-73.056,-48.112],[-73.042,-48.1],[-73.084,-48.074],[-73.072,-48.048],[-73.076,-47.936],[-73.056,-47.926],[-73.066,-47.908],[-73.044,-47.896],[-73.062,-47.864],[-72.996,-47.844]],[[-72.448,-48.058],[-72.446,-48.06],[-72.444,-48.056],[-72.448,-48.058]]]}},{"type":"Feature","properties":{"codigo_region":"11","codigo_comuna":"11303","nombre_comuna":"Tortel","nombre_comuna_clean":"tortel","nombre_region":"Región de Aysén del Gral.Ibañez del Campo"},"geometry":{"type":"MultiPolygon","coordinates":[[[[-74.46,-47.578],[-74.438,-47.572],[-74.458,-47.574],[-74.448,-47.532],[-74.42,-47.522],[-74.366,-47.544],[-74.348,-47.604],[-74.404,-47.66],[-74.47,-47.678],[-74.522,-47.66],[-74.5,-47.642],[-74.498,-47.63],[-74.514,-47.632],[-74.504,-47.624],[-74.568,-47.638],[-74.518,-47.642],[-74.544,-47.678],[-74.516,-47.664],[-74.478,-47.686],[-74.282,-47.652],[-74.282,-47.632],[-74.266,-47.708],[-74.156,-47.752],[-74.142,-47.73],[-74.082,-47.734],[-74.064,-47.724],[-74.14,-47.724],[-74.164,-47.736],[-74.214,-47.722],[-74.21,-47.708],[-74.254,-47.7],[-74.24,-47.69],[-74.25,-47.64],[-74.098,-47.656],[-74.056,-47.65],[-74.072,-47.642],[-74.026,-47.638],[-74.03,-47.628],[-74.114,-47.624],[-74.19,-47.638],[-74.254,-47.628],[-74.204,-47.624],[-74.248,-47.616],[-74.24,-47.608],[-74.11,-47.594],[-74.02,-47.61],[-73.938,-47.586],[-74.032,-47.604],[-74.098,-47.588],[-74.082,-47.582],[-74.096,-47.58],[-74.092,-47.566],[-74.032,-47.546],[-74.004,-47.516],[-73.898,-47.492],[-74.026,-47.514],[-74.024,-47.528],[-74.102,-47.558],[-74.118,-47.58],[-74.182,-47.564],[-74.25,-47.588],[-74.288,-47.582],[-74.302,-47.538],[-74.28,-47.512],[-74.194,-47.488],[-74.126,-47.492],[-74.066,-47.448],[-74.06,-47.428],[-74.14,-47.486],[-74.204,-47.482],[-74.298,-47.508],[-74.34,-47.488],[-74.374,-47.502],[-74.346,-47.496],[-74.312,-47.514],[-74.328,-47.532],[-74.426,-47.476],[-74.402,-47.442],[-74.312,-47.444],[-74.342,-47.43],[-74.392,-47.44],[-74.398,-47.418],[-74.41,-47.432],[-74.414,-47.396],[-74.418,-47.39],[-74.426,-47.428],[-74.452,-47.436],[-74.438,-47.444],[-74.446,-47.46],[-74.482,-47.438],[-74.468,-47.436],[-74.484,-47.432],[-74.484,-47.398],[-74.458,-47.408],[-74.458,-47.368],[-74.39,-47.322],[-74.396,-47.294],[-74.332,-47.272],[-74.26,-47.192],[-74.234,-47.224],[-74.202,-47.208],[-74.228,-47.208],[-74.24,-47.188],[-74.206,-47.198],[-74.146,-47.186],[-74.112,-47.2],[-74.022,-47.16],[-74.012,-47.204],[-74.022,-47.224],[-74.008,-47.222],[-74.002,-47.152],[-74.026,-47.134],[-74.014,-47.118],[-74.09,-47.168],[-74.076,-47.154],[-74.098,-47.158],[-74.1,-47.146],[-74.142,-47.166],[-74.142,-47.132],[-74.196,-47.118],[-74.17,-47.036],[-74.134,-46.996],[-74.068,-47.004],[-74.054,-47.024],[-74.064,-47.046],[-74.048,-47.05],[-74.032,-47.032],[-74.05,-47.006],[-74.008,-46.966],[-73.92,-47.006],[-73.896,-47.044],[-73.866,-47.056],[-73.768,-47.042],[-73.626,-47.068],[-73.502,-47.056],[-73.384,-47.076],[-73.39,-47.108],[-73.458,-47.108],[-73.508,-47.154],[-73.462,-47.176],[-73.48,-47.238],[-73.446,-47.26],[-73.45,-47.284],[-73.412,-47.342],[-73.438,-47.364],[-73.462,-47.426],[-73.43,-47.468],[-73.45,-47.48],[-73.434,-47.55],[-73.4,-47.568],[-73.412,-47.586],[-73.394,-47.594],[-73.414,-47.646],[-73.402,-47.674],[-73.428,-47.716],[-73.236,-47.73],[-73.208,-47.752],[-73.262,-47.804],[-73.196,-47.832],[-73.074,-47.834],[-73.05,-47.848],[-73.064,-47.872],[-73.044,-47.896],[-73.066,-47.908],[-73.056,-47.926],[-73.076,-47.936],[-73.072,-48.048],[-73.084,-48.074],[-73.042,-48.1],[-73.056,-48.112],[-73.04,-48.136],[-73.062,-48.152],[-73.108,-48.146],[-73.518,-48.986],[-73.984,-48.704],[-74.024,-48.72],[-74.084,-48.692],[-74.16,-48.688],[-74.24,-48.718],[-74.274,-48.7],[-74.258,-48.678],[-74.238,-48.682],[-74.194,-48.666],[-74.172,-48.64],[-74.236,-48.676],[-74.254,-48.662],[-74.242,-48.642],[-74.25,-48.624],[-74.268,-48.668],[-74.302,-48.676],[-74.31,-48.656],[-74.324,-48.666],[-74.334,-48.65],[-74.312,-48.644],[-74.312,-48.624],[-74.352,-48.606],[-74.358,-48.586],[-74.234,-48.516],[-74.194,-48.536],[-74.174,-48.536],[-74.226,-48.506],[-74.146,-48.466],[-74.04,-48.51],[-74.01,-48.546],[-74.004,-48.534],[-73.948,-48.564],[-73.912,-48.608],[-73.916,-48.576],[-73.904,-48.576],[-73.902,-48.588],[-73.88,-48.596],[-73.916,-48.556],[-74.002,-48.514],[-73.986,-48.514],[-73.976,-48.492],[-73.976,-48.426],[-73.95,-48.416],[-73.882,-48.424],[-73.838,-48.408],[-73.84,-48.396],[-73.906,-48.412],[-73.944,-48.396],[-73.976,-48.406],[-74.006,-48.388],[-74.056,-48.388],[-74.1,-48.36],[-74.092,-48.35],[-74.116,-48.35],[-74.172,-48.35],[-74.204,-48.342],[-74.146,-48.318],[-73.958,-48.316],[-73.912,-48.316],[-73.906,-48.308],[-74.1,-48.302],[-74.226,-48.334],[-74.186,-48.284],[-74.264,-48.234],[-74.256,-48.194],[-74.276,-48.214],[-74.37,-48.186],[-74.448,-48.124],[-74.47,-48.088],[-74.38,-48.054],[-74.418,-48.058],[-74.406,-48.028],[-74.356,-48.002],[-74.398,-48.002],[-74.388,-48.014],[-74.418,-48.03],[-74.424,-48.052],[-74.47,-48.08],[-74.49,-48.084],[-74.44,-48.05],[-74.536,-48.09],[-74.586,-48.068],[-74.588,-48.05],[-74.596,-48.054],[-74.598,-48.058],[-74.608,-48.0],[-74.596,-47.982],[-74.534,-47.97],[-74.49,-47.928],[-74.408,-47.96],[-74.372,-47.958],[-74.29,-47.998],[-74.274,-48.028],[-74.298,-48.002],[-74.3,-48.02],[-74.276,-48.034],[-74.206,-48.156],[-74.216,-48.174],[-74.208,-48.202],[-74.23,-48.194],[-74.216,-48.256],[-74.198,-48.242],[-74.208,-48.212],[-74.194,-48.178],[-74.146,-48.222],[-74.142,-48.19],[-74.184,-48.172],[-74.19,-48.148],[-74.16,-48.136],[-74.194,-48.138],[-74.252,-48.038],[-74.258,-48.0],[-74.214,-47.992],[-74.212,-48.014],[-74.196,-48.02],[-74.21,-48.008],[-74.192,-47.988],[-74.07,-47.966],[-74.004,-47.986],[-74.012,-47.974],[-73.988,-47.972],[-73.976,-47.978],[-73.996,-47.988],[-73.974,-48.002],[-73.984,-48.012],[-74.054,-47.98],[-73.992,-48.022],[-73.962,-48.022],[-73.978,-48.018],[-73.96,-48.006],[-73.914,-48.038],[-73.866,-48.016],[-73.822,-48.02],[-73.83,-48.04],[-73.81,-48.04],[-73.808,-48.054],[-73.826,-48.078],[-73.816,-48.096],[-73.838,-48.106],[-73.834,-48.108],[-73.808,-48.096],[-73.796,-48.054],[-73.728,-48.04],[-73.722,-48.022],[-73.7,-48.042],[-73.708,-48.068],[-73.752,-48.1],[-73.752,-48.12],[-73.744,-48.146],[-73.746,-48.112],[-73.71,-48.086],[-73.67,-48.086],[-73.624,-48.12],[-73.614,-48.108],[-73.576,-48.126],[-73.566,-48.118],[-73.544,-48.136],[-73.532,-48.228],[-73.504,-48.248],[-73.474,-48.24],[-73.468,-48.254],[-73.456,-48.23],[-73.49,-48.222],[-73.49,-48.208],[-73.44,-48.166],[-73.382,-48.176],[-73.34,-48.216],[-73.314,-48.204],[-73.31,-48.186],[-73.374,-48.142],[-73.446,-48.126],[-73.47,-48.09],[-73.59,-48.0],[-73.604,-47.982],[-73.596,-47.968],[-73.62,-47.946],[-73.596,-47.886],[-73.62,-47.888],[-73.602,-47.862],[-73.514,-47.88],[-73.5,-47.886],[-73.512,-47.904],[-73.502,-47.926],[-73.444,-47.956],[-73.4,-47.954],[-73.396,-47.966],[-73.41,-47.966],[-73.396,-47.97],[-73.386,-47.954],[-73.392,-47.946],[-73.43,-47.944],[-73.494,-47.906],[-73.484,-47.892],[-73.46,-47.896],[-73.474,-47.878],[-73.444,-47.86],[-73.444,-47.84],[-73.474,-47.862],[-73.48,-47.838],[-73.54,-47.818],[-73.526,-47.81],[-73.532,-47.798],[-73.572,-47.808],[-73.596,-47.78],[-73.644,-47.78],[-73.68,-47.76],[-73.702,-47.692],[-73.686,-47.66],[-73.638,-47.624],[-73.686,-47.634],[-73.72,-47.664],[-73.736,-47.724],[-73.712,-47.742],[-73.714,-47.772],[-73.882,-47.83],[-73.896,-47.814],[-73.992,-47.806],[-73.998,-47.786],[-73.98,-47.774],[-74.01,-47.782],[-73.998,-47.742],[-74.02,-47.768],[-74.096,-47.766],[-74.15,-47.782],[-74.216,-47.754],[-74.248,-47.752],[-74.24,-47.746],[-74.252,-47.752],[-74.238,-47.76],[-74.316,-47.778],[-74.366,-47.752],[-74.326,-47.742],[-74.258,-47.752],[-74.312,-47.726],[-74.428,-47.744],[-74.474,-47.778],[-74.506,-47.768],[-74.428,-47.724],[-74.404,-47.698],[-74.408,-47.698],[-74.524,-47.766],[-74.636,-47.738],[-74.622,-47.728],[-74.578,-47.748],[-74.62,-47.726],[-74.558,-47.694],[-74.558,-47.684],[-74.646,-47.732],[-74.684,-47.712],[-74.686,-47.692],[-74.63,-47.662],[-74.64,-47.64],[-74.62,-47.616],[-74.556,-47.622],[-74.616,-47.648],[-74.526,-47.626],[-74.54,-47.62],[-74.526,-47.608],[-74.554,-47.618],[-74.604,-47.588],[-74.59,-47.564],[-74.562,-47.558],[-74.57,-47.552],[-74.554,-47.558],[-74.56,-47.54],[-74.502,-47.514],[-74.464,-47.52],[-74.47,-47.552],[-74.488,-47.556],[-74.468,-47.56],[-74.476,-47.59],[-74.468,-47.582],[-74.452,-47.598],[-74.46,-47.578]],[[-74.29,-47.444],[-74.208,-47.39],[-74.24,-47.398],[-74.228,-47.38],[-74.312,-47.444],[-74.29,-47.444]],[[-74.134,-48.234],[-74.056,-48.194],[-74.132,-48.224],[-74.146,-48.222],[-74.134,-48.234]],[[-74.434,-47.688],[-74.446,-47.692],[-74.502,-47.728],[-74.498,-47.742],[-74.434,-47.694],[-74.408,-47.698],[-74.434,-47.688]]],[[[-75.272,-48.038],[-75.282,-48.062],[-75.328,-48.064],[-75.336,-48.068],[-75.292,-48.066],[-75.322,-48.132],[-75.282,-48.07],[-75.254,-48.068],[-75.262,-48.096],[-75.236,-48.09],[-75.274,-48.108],[-75.306,-48.168],[-75.284,-48.132],[-75.282,-48.132],[-75.27,-48.134],[-75.282,-48.152],[-75.266,-48.134],[-75.236,-48.138],[-75.224,-48.134],[-75.206,-48.14],[-75.228,-48.154],[-75.22,-48.164],[-75.254,-48.188],[-75.202,-48.156],[-75.202,-48.184],[-75.244,-48.22],[-75.23,-48.222],[-75.242,-48.238],[-75.204,-48.204],[-75.19,-48.23],[-75.214,-48.246],[-75.18,-48.238],[-75.158,-48.278],[-75.19,-48.29],[-75.2,-48.302],[-75.148,-48.288],[-75.132,-48.32],[-75.146,-48.334],[-75.128,-48.324],[-75.09,-48.374],[-75.138,-48.392],[-75.108,-48.392],[-75.156,-48.432],[-75.074,-48.384],[-75.02,-48.472],[-75.054,-48.466],[-75.06,-48.446],[-75.094,-48.478],[-75.068,-48.47],[-75.096,-48.512],[-75.048,-48.472],[-75.022,-48.48],[-75.016,-48.504],[-75.034,-48.514],[-75.006,-48.53],[-75.008,-48.592],[-75.172,-48.688],[-75.196,-48.66],[-75.18,-48.654],[-75.174,-48.646],[-75.194,-48.656],[-75.212,-48.636],[-75.104,-48.596],[-75.218,-48.622],[-75.224,-48.598],[-75.182,-48.588],[-75.164,-48.564],[-75.198,-48.586],[-75.228,-48.582],[-75.216,-48.556],[-75.238,-48.524],[-75.186,-48.494],[-75.228,-48.512],[-75.258,-48.468],[-75.198,-48.398],[-75.182,-48.408],[-75.168,-48.398],[-75.198,-48.384],[-75.224,-48.412],[-75.26,-48.4],[-75.24,-48.378],[-75.276,-48.388],[-75.212,-48.31],[-75.24,-48.338],[-75.262,-48.328],[-75.252,-48.338],[-75.276,-48.35],[-75.288,-48.382],[-75.34,-48.392],[-75.36,-48.378],[-75.422,-48.416],[-75.448,-48.414],[-75.428,-48.392],[-75.472,-48.408],[-75.498,-48.376],[-75.5,-48.36],[-75.45,-48.338],[-75.37,-48.342],[-75.316,-48.326],[-75.35,-48.324],[-75.314,-48.304],[-75.328,-48.306],[-75.3,-48.26],[-75.362,-48.32],[-75.324,-48.246],[-75.318,-48.21],[-75.382,-48.312],[-75.37,-48.308],[-75.376,-48.324],[-75.41,-48.336],[-75.39,-48.32],[-75.386,-48.308],[-75.404,-48.326],[-75.436,-48.326],[-75.392,-48.304],[-75.428,-48.312],[-75.408,-48.286],[-75.414,-48.274],[-75.402,-48.246],[-75.404,-48.238],[-75.358,-48.214],[-75.394,-48.224],[-75.392,-48.214],[-75.35,-48.204],[-75.36,-48.192],[-75.342,-48.176],[-75.378,-48.2],[-75.388,-48.188],[-75.406,-48.228],[-75.452,-48.242],[-75.452,-48.228],[-75.484,-48.214],[-75.452,-48.182],[-75.492,-48.184],[-75.516,-48.166],[-75.498,-48.15],[-75.524,-48.122],[-75.53,-48.084],[-75.46,-48.044],[-75.466,-48.076],[-75.44,-48.04],[-75.434,-48.066],[-75.426,-48.064],[-75.416,-48.034],[-75.414,-48.048],[-75.418,-48.052],[-75.418,-48.056],[-75.392,-48.05],[-75.402,-48.078],[-75.414,-48.098],[-75.414,-48.12],[-75.346,-48.004],[-75.306,-48.0],[-75.272,-48.038]]],[[[-74.634,-48.174],[-74.654,-48.19],[-74.68,-48.19],[-74.646,-48.216],[-74.668,-48.238],[-74.668,-48.262],[-74.646,-48.22],[-74.628,-48.218],[-74.608,-48.24],[-74.628,-48.274],[-74.614,-48.28],[-74.618,-48.28],[-74.628,-48.278],[-74.584,-48.318],[-74.554,-48.32],[-74.546,-48.352],[-74.558,-48.338],[-74.558,-48.344],[-74.538,-48.38],[-74.55,-48.408],[-74.582,-48.39],[-74.644,-48.414],[-74.596,-48.416],[-74.578,-48.45],[-74.554,-48.46],[-74.566,-48.536],[-74.532,-48.568],[-74.556,-48.586],[-74.528,-48.578],[-74.522,-48.598],[-74.504,-48.594],[-74.504,-48.61],[-74.472,-48.626],[-74.456,-48.61],[-74.488,-48.592],[-74.488,-48.566],[-74.468,-48.588],[-74.47,-48.56],[-74.44,-48.578],[-74.428,-48.632],[-74.458,-48.674],[-74.55,-48.692],[-74.584,-48.672],[-74.586,-48.656],[-74.648,-48.656],[-74.674,-48.628],[-74.672,-48.61],[-74.676,-48.63],[-74.722,-48.632],[-74.834,-48.608],[-74.824,-48.616],[-74.894,-48.616],[-74.888,-48.55],[-74.904,-48.558],[-74.904,-48.608],[-74.958,-48.572],[-74.938,-48.564],[-74.962,-48.556],[-74.95,-48.54],[-74.966,-48.496],[-74.948,-48.49],[-74.97,-48.478],[-74.844,-48.392],[-74.83,-48.39],[-74.822,-48.414],[-74.82,-48.394],[-74.794,-48.378],[-74.762,-48.382],[-74.76,-48.438],[-74.748,-48.448],[-74.764,-48.464],[-74.754,-48.472],[-74.758,-48.524],[-74.742,-48.458],[-74.714,-48.478],[-74.712,-48.542],[-74.706,-48.544],[-74.702,-48.494],[-74.672,-48.458],[-74.658,-48.464],[-74.654,-48.444],[-74.67,-48.416],[-74.696,-48.424],[-74.732,-48.398],[-74.702,-48.4],[-74.76,-48.346],[-74.766,-48.284],[-74.754,-48.252],[-74.724,-48.254],[-74.73,-48.22],[-74.696,-48.216],[-74.712,-48.202],[-74.716,-48.152],[-74.69,-48.12],[-74.634,-48.174]],[[-74.658,-48.156],[-74.666,-48.172],[-74.654,-48.19],[-74.658,-48.156]]],[[[-75.128,-48.086],[-75.072,-48.078],[-75.098,-48.102],[-75.096,-48.108],[-75.036,-48.094],[-74.992,-48.112],[-74.936,-48.12],[-75.048,-48.08],[-74.978,-48.084],[-74.894,-48.128],[-74.884,-48.136],[-74.906,-48.148],[-74.878,-48.142],[-74.94,-48.16],[-74.892,-48.164],[-74.87,-48.15],[-74.838,-48.16],[-74.858,-48.18],[-74.84,-48.17],[-74.836,-48.192],[-74.878,-48.222],[-74.922,-48.198],[-74.88,-48.232],[-74.826,-48.202],[-74.9,-48.25],[-74.902,-48.26],[-74.812,-48.204],[-74.796,-48.212],[-74.782,-48.208],[-74.748,-48.222],[-74.76,-48.242],[-74.794,-48.23],[-74.846,-48.292],[-74.792,-48.236],[-74.768,-48.24],[-74.808,-48.262],[-74.804,-48.276],[-74.776,-48.268],[-74.8,-48.31],[-74.77,-48.306],[-74.784,-48.336],[-74.766,-48.344],[-74.778,-48.366],[-74.83,-48.38],[-74.812,-48.344],[-74.822,-48.344],[-74.956,-48.446],[-74.978,-48.446],[-75.008,-48.394],[-74.968,-48.376],[-75.01,-48.388],[-75.048,-48.33],[-75.006,-48.32],[-75.046,-48.316],[-75.06,-48.336],[-75.106,-48.272],[-75.062,-48.26],[-75.042,-48.266],[-75.044,-48.282],[-75.038,-48.256],[-75.0,-48.254],[-75.05,-48.248],[-75.11,-48.262],[-75.086,-48.254],[-75.092,-48.244],[-75.026,-48.244],[-75.054,-48.232],[-75.09,-48.242],[-75.07,-48.232],[-75.062,-48.21],[-75.042,-48.204],[-75.042,-48.202],[-75.072,-48.21],[-75.106,-48.246],[-75.128,-48.23],[-75.1,-48.204],[-75.142,-48.226],[-75.146,-48.21],[-75.108,-48.184],[-75.146,-48.2],[-75.152,-48.188],[-75.07,-48.15],[-75.15,-48.182],[-75.16,-48.158],[-75.108,-48.14],[-75.16,-48.152],[-75.154,-48.11],[-75.172,-48.128],[-75.214,-48.076],[-75.168,-48.068],[-75.128,-48.086]]],[[[-74.794,-48.21],[-74.792,-48.186],[-74.736,-48.17],[-74.74,-48.214],[-74.784,-48.206],[-74.782,-48.208],[-74.794,-48.21]]],[[[-74.186,-47.88],[-74.162,-47.89],[-74.154,-47.884],[-74.312,-47.802],[-74.238,-47.778],[-74.176,-47.792],[-74.194,-47.778],[-74.078,-47.816],[-74.002,-47.83],[-74.028,-47.816],[-74.022,-47.81],[-73.982,-47.828],[-73.958,-47.818],[-73.854,-47.87],[-73.828,-47.874],[-73.85,-47.868],[-73.804,-47.84],[-73.746,-47.86],[-73.774,-47.928],[-73.822,-47.942],[-73.824,-47.932],[-73.896,-47.93],[-73.856,-47.902],[-73.86,-47.89],[-73.95,-47.924],[-73.958,-47.944],[-74.09,-47.926],[-74.128,-47.948],[-74.26,-47.964],[-74.296,-47.952],[-74.314,-47.914],[-74.34,-47.902],[-74.32,-47.924],[-74.396,-47.916],[-74.47,-47.888],[-74.426,-47.86],[-74.358,-47.89],[-74.338,-47.884],[-74.42,-47.856],[-74.35,-47.812],[-74.248,-47.84],[-74.186,-47.88]],[[-73.988,-47.834],[-74.142,-47.882],[-74.066,-47.864],[-74.046,-47.894],[-74.05,-47.928],[-74.018,-47.886],[-74.038,-47.874],[-74.026,-47.86],[-74.048,-47.866],[-74.05,-47.864],[-73.968,-47.83],[-74.002,-47.83],[-73.988,-47.834]]],[[[-75.308,-48.47],[-75.346,-48.474],[-75.296,-48.498],[-75.308,-48.48],[-75.292,-48.43],[-75.254,-48.42],[-75.242,-48.436],[-75.274,-48.476],[-75.258,-48.498],[-75.29,-48.5],[-75.32,-48.522],[-75.248,-48.516],[-75.24,-48.548],[-75.222,-48.556],[-75.234,-48.56],[-75.232,-48.588],[-75.264,-48.562],[-75.256,-48.578],[-75.266,-48.59],[-75.462,-48.682],[-75.562,-48.644],[-75.536,-48.618],[-75.406,-48.63],[-75.436,-48.624],[-75.326,-48.56],[-75.44,-48.618],[-75.49,-48.612],[-75.322,-48.524],[-75.494,-48.608],[-75.576,-48.596],[-75.604,-48.54],[-75.578,-48.524],[-75.592,-48.506],[-75.576,-48.484],[-75.598,-48.45],[-75.552,-48.454],[-75.546,-48.414],[-75.466,-48.45],[-75.476,-48.464],[-75.472,-48.468],[-75.454,-48.45],[-75.422,-48.45],[-75.394,-48.436],[-75.444,-48.44],[-75.352,-48.406],[-75.35,-48.434],[-75.37,-48.446],[-75.344,-48.462],[-75.388,-48.486],[-75.404,-48.478],[-75.426,-48.502],[-75.418,-48.508],[-75.346,-48.47],[-75.336,-48.458],[-75.35,-48.444],[-75.338,-48.418],[-75.292,-48.406],[-75.308,-48.47]]],[[[-74.932,-47.974],[-74.91,-47.972],[-74.926,-47.98],[-74.904,-47.978],[-74.838,-48.008],[-74.768,-48.012],[-74.754,-48.042],[-74.828,-48.084],[-75.0,-48.03],[-74.918,-48.07],[-74.9,-48.094],[-74.834,-48.102],[-74.858,-48.126],[-74.83,-48.1],[-74.794,-48.1],[-74.79,-48.134],[-74.804,-48.132],[-74.83,-48.158],[-74.864,-48.144],[-74.858,-48.128],[-74.872,-48.136],[-74.884,-48.116],[-74.872,-48.116],[-74.87,-48.114],[-74.914,-48.108],[-74.99,-48.064],[-75.054,-48.062],[-75.066,-48.066],[-75.088,-48.068],[-75.096,-48.066],[-75.066,-48.056],[-75.086,-48.058],[-75.08,-48.044],[-75.09,-48.06],[-75.116,-48.06],[-75.088,-48.032],[-75.068,-48.028],[-75.078,-48.042],[-75.042,-48.024],[-75.064,-48.016],[-75.058,-48.0],[-75.028,-48.0],[-75.04,-47.99],[-75.018,-47.976],[-75.04,-47.974],[-75.052,-47.988],[-75.076,-47.98],[-75.056,-47.996],[-75.084,-47.998],[-75.112,-48.008],[-75.13,-48.008],[-75.218,-48.03],[-75.224,-48.012],[-75.2,-48.0],[-75.082,-47.978],[-75.106,-47.974],[-75.102,-47.96],[-75.11,-47.954],[-75.086,-47.948],[-75.12,-47.954],[-75.138,-47.968],[-75.108,-47.962],[-75.112,-47.974],[-75.162,-47.972],[-75.172,-47.978],[-75.206,-47.984],[-75.194,-47.96],[-75.11,-47.926],[-75.13,-47.942],[-75.104,-47.942],[-75.102,-47.928],[-75.056,-47.934],[-75.072,-47.924],[-75.008,-47.902],[-74.932,-47.974]],[[-74.93,-47.982],[-74.934,-47.998],[-74.926,-47.98],[-74.93,-47.982]],[[-74.978,-47.984],[-75.0,-47.994],[-74.982,-48.006],[-74.952,-47.998],[-74.984,-47.978],[-75.018,-47.976],[-74.978,-47.984]],[[-74.932,-48.014],[-74.926,-48.012],[-74.952,-47.998],[-74.932,-48.014]]],[[[-75.18,-47.986],[-75.196,-47.986],[-75.182,-47.984],[-75.172,-47.978],[-75.18,-47.986]]],[[[-74.476,-48.122],[-74.308,-48.264],[-74.404,-48.33],[-74.478,-48.336],[-74.516,-48.278],[-74.476,-48.22],[-74.416,-48.184],[-74.474,-48.202],[-74.532,-48.274],[-74.548,-48.252],[-74.552,-48.172],[-74.532,-48.16],[-74.486,-48.168],[-74.526,-48.158],[-74.51,-48.142],[-74.524,-48.14],[-74.47,-48.144],[-74.56,-48.11],[-74.476,-48.122]]],[[[-74.548,-48.16],[-74.552,-48.136],[-74.524,-48.14],[-74.548,-48.16]]],[[[-75.09,-47.692],[-75.068,-47.696],[-75.04,-47.75],[-75.136,-47.778],[-75.054,-47.76],[-75.052,-47.774],[-75.038,-47.76],[-75.02,-47.782],[-74.99,-47.778],[-75.046,-47.814],[-75.13,-47.842],[-75.168,-47.84],[-75.164,-47.824],[-75.176,-47.836],[-75.202,-47.828],[-75.222,-47.778],[-75.288,-47.758],[-75.34,-47.788],[-75.352,-47.782],[-75.33,-47.762],[-75.356,-47.732],[-75.262,-47.712],[-75.246,-47.72],[-75.27,-47.756],[-75.226,-47.722],[-75.176,-47.744],[-75.158,-47.724],[-75.13,-47.72],[-75.136,-47.706],[-75.126,-47.716],[-75.096,-47.698],[-75.128,-47.682],[-75.074,-47.67],[-75.09,-47.692]]],[[[-74.762,-47.81],[-74.762,-47.896],[-74.774,-47.908],[-74.804,-47.884],[-74.826,-47.884],[-74.78,-47.914],[-74.798,-47.928],[-74.84,-47.936],[-74.844,-47.944],[-74.786,-47.93],[-74.768,-47.994],[-74.928,-47.968],[-74.95,-47.946],[-74.926,-47.918],[-74.886,-47.938],[-74.898,-47.926],[-74.854,-47.932],[-74.926,-47.91],[-74.93,-47.888],[-74.912,-47.898],[-74.882,-47.896],[-74.932,-47.878],[-74.894,-47.868],[-74.916,-47.856],[-74.902,-47.84],[-74.868,-47.846],[-74.878,-47.87],[-74.854,-47.858],[-74.864,-47.844],[-74.836,-47.854],[-74.866,-47.83],[-74.82,-47.85],[-74.868,-47.824],[-74.856,-47.824],[-74.864,-47.8],[-74.84,-47.812],[-74.848,-47.79],[-74.762,-47.81]]],[[[-74.276,-48.29],[-74.236,-48.3],[-74.248,-48.332],[-74.244,-48.344],[-74.214,-48.37],[-74.216,-48.39],[-74.14,-48.428],[-74.156,-48.446],[-74.226,-48.468],[-74.29,-48.428],[-74.246,-48.448],[-74.234,-48.446],[-74.264,-48.434],[-74.264,-48.42],[-74.384,-48.39],[-74.446,-48.354],[-74.38,-48.332],[-74.322,-48.372],[-74.216,-48.416],[-74.368,-48.332],[-74.298,-48.274],[-74.264,-48.282],[-74.276,-48.29]]],[[[-75.25,-48.62],[-75.344,-48.684],[-75.36,-48.714],[-75.424,-48.738],[-75.398,-48.722],[-75.41,-48.726],[-75.392,-48.706],[-75.398,-48.7],[-75.426,-48.736],[-75.522,-48.772],[-75.546,-48.768],[-75.552,-48.752],[-75.602,-48.752],[-75.584,-48.714],[-75.594,-48.65],[-75.454,-48.702],[-75.464,-48.692],[-75.448,-48.68],[-75.358,-48.652],[-75.254,-48.592],[-75.25,-48.62]]],[[[-74.326,-48.426],[-74.234,-48.472],[-74.272,-48.504],[-74.36,-48.538],[-74.378,-48.518],[-74.39,-48.522],[-74.412,-48.514],[-74.388,-48.49],[-74.406,-48.492],[-74.398,-48.458],[-74.454,-48.43],[-74.46,-48.402],[-74.44,-48.394],[-74.462,-48.388],[-74.466,-48.372],[-74.326,-48.426]]],[[[-74.062,-48.398],[-74.006,-48.394],[-73.984,-48.412],[-73.994,-48.496],[-74.148,-48.44],[-74.132,-48.426],[-74.202,-48.388],[-74.202,-48.372],[-74.176,-48.354],[-74.116,-48.35],[-74.062,-48.398]]],[[[-74.248,-47.042],[-74.268,-47.08],[-74.428,-47.168],[-74.426,-47.122],[-74.452,-47.104],[-74.45,-47.074],[-74.368,-47.038],[-74.288,-47.03],[-74.248,-47.042]]],[[[-74.972,-47.678],[-74.976,-47.694],[-74.93,-47.744],[-74.942,-47.72],[-74.932,-47.724],[-74.968,-47.692],[-74.956,-47.68],[-74.916,-47.692],[-74.894,-47.748],[-74.882,-47.728],[-74.88,-47.75],[-74.87,-47.746],[-74.872,-47.734],[-74.87,-47.732],[-74.846,-47.75],[-74.888,-47.77],[-74.894,-47.75],[-74.898,-47.77],[-74.928,-47.778],[-74.96,-47.77],[-75.038,-47.728],[-75.058,-47.678],[-74.972,-47.678]]],[[[-73.642,-47.882],[-73.62,-47.922],[-73.668,-47.926],[-73.632,-47.938],[-73.622,-47.966],[-73.666,-47.996],[-73.684,-47.994],[-73.658,-47.984],[-73.688,-47.982],[-73.738,-47.944],[-73.68,-47.948],[-73.668,-47.928],[-73.686,-47.94],[-73.748,-47.928],[-73.726,-47.868],[-73.642,-47.882]]],[[[-74.34,-47.79],[-74.478,-47.884],[-74.468,-47.808],[-74.436,-47.778],[-74.386,-47.762],[-74.34,-47.79]]],[[[-75.212,-48.694],[-75.232,-48.698],[-75.232,-48.686],[-75.292,-48.724],[-75.326,-48.716],[-75.3,-48.706],[-75.276,-48.688],[-75.342,-48.714],[-75.288,-48.648],[-75.25,-48.62],[-75.242,-48.614],[-75.212,-48.694]]],[[[-74.748,-47.928],[-74.734,-47.908],[-74.704,-47.93],[-74.678,-47.972],[-74.7,-48.008],[-74.688,-48.012],[-74.684,-48.03],[-74.696,-48.024],[-74.698,-48.028],[-74.69,-48.034],[-74.7,-48.054],[-74.742,-48.012],[-74.702,-48.026],[-74.694,-48.014],[-74.742,-47.998],[-74.762,-47.926],[-74.748,-47.9],[-74.748,-47.928]]],[[[-74.514,-47.828],[-74.526,-47.878],[-74.61,-47.848],[-74.606,-47.846],[-74.602,-47.834],[-74.608,-47.842],[-74.614,-47.836],[-74.618,-47.802],[-74.598,-47.812],[-74.526,-47.804],[-74.514,-47.828]]],[[[-74.626,-47.816],[-74.644,-47.814],[-74.626,-47.82],[-74.618,-47.86],[-74.602,-47.872],[-74.624,-47.882],[-74.686,-47.856],[-74.672,-47.88],[-74.686,-47.884],[-74.7,-47.818],[-74.638,-47.794],[-74.626,-47.816]]],[[[-74.508,-47.916],[-74.544,-47.922],[-74.564,-47.954],[-74.602,-47.962],[-74.61,-47.946],[-74.592,-47.94],[-74.61,-47.932],[-74.608,-47.908],[-74.526,-47.896],[-74.508,-47.916]]],[[[-75.432,-48.31],[-75.452,-48.312],[-75.454,-48.294],[-75.456,-48.306],[-75.478,-48.3],[-75.442,-48.322],[-75.492,-48.322],[-75.49,-48.278],[-75.412,-48.236],[-75.432,-48.31]]],[[[-74.324,-47.57],[-74.322,-47.574],[-74.312,-47.596],[-74.278,-47.608],[-74.336,-47.642],[-74.37,-47.648],[-74.364,-47.634],[-74.33,-47.632],[-74.356,-47.628],[-74.342,-47.596],[-74.354,-47.564],[-74.324,-47.57]]],[[[-75.086,-47.916],[-75.174,-47.944],[-75.198,-47.956],[-75.19,-47.946],[-75.216,-47.948],[-75.052,-47.882],[-75.086,-47.916]]],[[[-74.744,-48.142],[-74.824,-48.208],[-74.824,-48.162],[-74.768,-48.128],[-74.744,-48.142]]],[[[-75.122,-48.05],[-75.152,-48.046],[-75.104,-48.032],[-75.212,-48.048],[-75.098,-48.016],[-75.112,-48.012],[-75.078,-48.016],[-75.122,-48.05]]],[[[-73.578,-48.068],[-73.54,-48.078],[-73.524,-48.112],[-73.63,-48.06],[-73.62,-48.036],[-73.578,-48.068]]],[[[-75.06,-47.87],[-75.138,-47.91],[-75.168,-47.898],[-75.136,-47.89],[-75.158,-47.886],[-75.152,-47.878],[-75.124,-47.882],[-75.12,-47.852],[-75.1,-47.856],[-75.11,-47.868],[-75.11,-47.876],[-75.094,-47.852],[-75.074,-47.868],[-75.064,-47.856],[-75.06,-47.87]]],[[[-73.586,-47.81],[-73.678,-47.846],[-73.716,-47.82],[-73.668,-47.806],[-73.626,-47.816],[-73.616,-47.796],[-73.586,-47.81]]],[[[-74.942,-47.906],[-74.95,-47.946],[-74.952,-47.948],[-75.002,-47.904],[-74.994,-47.874],[-74.942,-47.906]]],[[[-74.694,-48.062],[-74.718,-48.1],[-74.742,-48.076],[-74.748,-48.022],[-74.694,-48.062]]],[[[-74.028,-47.782],[-74.042,-47.798],[-74.032,-47.816],[-74.14,-47.782],[-74.028,-47.782]]],[[[-73.508,-47.836],[-73.484,-47.87],[-73.538,-47.858],[-73.57,-47.83],[-73.536,-47.822],[-73.508,-47.836]]],[[[-74.372,-48.568],[-74.39,-48.568],[-74.39,-48.542],[-74.366,-48.54],[-74.386,-48.55],[-74.364,-48.554],[-74.268,-48.506],[-74.278,-48.524],[-74.372,-48.568]]],[[[-74.746,-48.094],[-74.728,-48.104],[-74.732,-48.116],[-74.762,-48.092],[-74.758,-48.082],[-74.804,-48.08],[-74.764,-48.05],[-74.746,-48.094]]],[[[-74.298,-48.216],[-74.282,-48.222],[-74.256,-48.25],[-74.276,-48.242],[-74.272,-48.26],[-74.296,-48.254],[-74.328,-48.22],[-74.294,-48.228],[-74.298,-48.216]]],[[[-75.004,-47.854],[-75.028,-47.904],[-75.046,-47.866],[-75.034,-47.872],[-75.042,-47.85],[-75.024,-47.852],[-75.034,-47.838],[-75.004,-47.854]]],[[[-74.162,-47.17],[-74.228,-47.152],[-74.186,-47.132],[-74.162,-47.17]]],[[[-75.228,-48.13],[-75.282,-48.132],[-75.252,-48.106],[-75.23,-48.104],[-75.228,-48.13]]],[[[-74.646,-47.886],[-74.626,-47.906],[-74.654,-47.918],[-74.672,-47.884],[-74.646,-47.886]]],[[[-74.442,-48.492],[-74.474,-48.48],[-74.454,-48.462],[-74.442,-48.492]]],[[[-75.182,-47.904],[-75.19,-47.904],[-75.182,-47.898],[-75.18,-47.894],[-75.184,-47.894],[-75.186,-47.896],[-75.198,-47.896],[-75.19,-47.88],[-75.152,-47.866],[-75.182,-47.904]]],[[[-75.19,-47.904],[-75.194,-47.91],[-75.212,-47.914],[-75.216,-47.904],[-75.186,-47.896],[-75.19,-47.904]]],[[[-73.848,-47.854],[-73.866,-47.842],[-73.796,-47.822],[-73.848,-47.854]]],[[[-74.912,-47.834],[-74.926,-47.828],[-74.918,-47.838],[-74.936,-47.85],[-74.952,-47.842],[-74.936,-47.818],[-74.926,-47.826],[-74.932,-47.816],[-74.912,-47.834]]],[[[-73.858,-47.98],[-73.872,-47.972],[-73.816,-47.96],[-73.858,-47.98]]],[[[-75.426,-48.032],[-75.468,-48.04],[-75.482,-48.028],[-75.44,-48.02],[-75.426,-48.032]]],[[[-73.498,-48.18],[-73.52,-48.176],[-73.51,-48.156],[-73.486,-48.168],[-73.498,-48.18]]],[[[-73.606,-47.852],[-73.628,-47.84],[-73.6,-47.83],[-73.586,-47.848],[-73.606,-47.852]]],[[[-74.962,-47.87],[-74.988,-47.844],[-74.974,-47.84],[-74.962,-47.87]]],[[[-74.648,-47.778],[-74.686,-47.79],[-74.69,-47.774],[-74.648,-47.778]]],[[[-75.236,-47.972],[-75.244,-47.972],[-75.228,-47.956],[-75.242,-47.96],[-75.242,-47.954],[-75.206,-47.95],[-75.236,-47.972]]],[[[-74.526,-48.554],[-74.532,-48.564],[-74.546,-48.544],[-74.528,-48.518],[-74.526,-48.554]]],[[[-74.098,-47.648],[-74.122,-47.64],[-74.114,-47.632],[-74.078,-47.638],[-74.098,-47.648]]],[[[-74.494,-48.104],[-74.498,-48.106],[-74.506,-48.104],[-74.498,-48.098],[-74.48,-48.106],[-74.476,-48.092],[-74.466,-48.116],[-74.494,-48.104]]],[[[-74.604,-47.9],[-74.608,-47.898],[-74.592,-47.884],[-74.572,-47.892],[-74.604,-47.9]]],[[[-73.876,-47.964],[-73.892,-47.958],[-73.868,-47.948],[-73.876,-47.964]]],[[[-74.31,-47.536],[-74.322,-47.532],[-74.308,-47.512],[-74.31,-47.536]]],[[[-75.206,-47.85],[-75.23,-47.854],[-75.206,-47.836],[-75.194,-47.842],[-75.206,-47.85]]],[[[-75.074,-48.014],[-75.092,-48.004],[-75.058,-48.0],[-75.074,-48.014]]],[[[-74.89,-47.69],[-74.862,-47.7],[-74.886,-47.702],[-74.896,-47.694],[-74.892,-47.686],[-74.89,-47.69]]],[[[-74.958,-47.84],[-74.968,-47.832],[-74.962,-47.824],[-74.942,-47.822],[-74.958,-47.84]]],[[[-74.958,-47.79],[-74.976,-47.802],[-74.99,-47.794],[-74.958,-47.79]]],[[[-73.724,-47.988],[-73.726,-47.98],[-73.71,-47.976],[-73.702,-47.986],[-73.724,-47.988]]],[[[-74.892,-47.82],[-74.914,-47.808],[-74.906,-47.798],[-74.892,-47.82]]],[[[-74.216,-48.494],[-74.248,-48.504],[-74.232,-48.49],[-74.216,-48.494]]],[[[-75.006,-47.818],[-75.024,-47.81],[-75.004,-47.804],[-74.99,-47.81],[-75.006,-47.818]]],[[[-74.428,-47.188],[-74.446,-47.18],[-74.428,-47.17],[-74.416,-47.176],[-74.428,-47.188]]],[[[-74.206,-48.364],[-74.228,-48.354],[-74.222,-48.35],[-74.206,-48.364]]],[[[-74.162,-47.594],[-74.202,-47.598],[-74.186,-47.588],[-74.162,-47.594]]],[[[-75.436,-48.748],[-75.462,-48.756],[-75.414,-48.738],[-75.436,-48.748]]],[[[-75.268,-48.724],[-75.278,-48.724],[-75.26,-48.708],[-75.244,-48.706],[-75.268,-48.724]]],[[[-75.006,-47.898],[-75.01,-47.9],[-75.018,-47.886],[-75.004,-47.874],[-75.006,-47.898]]],[[[-75.166,-47.72],[-75.168,-47.718],[-75.148,-47.706],[-75.166,-47.72]]],[[[-74.952,-47.874],[-74.96,-47.868],[-74.95,-47.858],[-74.952,-47.874]]],[[[-74.73,-47.584],[-74.738,-47.58],[-74.732,-47.57],[-74.72,-47.576],[-74.73,-47.584]]],[[[-75.538,-48.356],[-75.548,-48.362],[-75.556,-48.346],[-75.538,-48.356]]],[[[-74.772,-47.802],[-74.794,-47.794],[-74.784,-47.79],[-74.772,-47.802]]],[[[-74.988,-47.798],[-75.012,-47.804],[-75.008,-47.794],[-74.988,-47.798]]],[[[-75.144,-47.654],[-75.152,-47.646],[-75.134,-47.642],[-75.144,-47.654]]],[[[-75.234,-47.942],[-75.24,-47.94],[-75.226,-47.928],[-75.234,-47.942]]],[[[-75.214,-47.932],[-75.218,-47.926],[-75.192,-47.926],[-75.214,-47.932]]],[[[-75.238,-48.422],[-75.222,-48.414],[-75.222,-48.418],[-75.238,-48.422]]],[[[-73.59,-47.824],[-73.592,-47.818],[-73.574,-47.812],[-73.59,-47.824]]],[[[-75.232,-47.988],[-75.24,-47.98],[-75.232,-47.972],[-75.232,-47.988]]],[[[-75.238,-47.998],[-75.248,-47.998],[-75.24,-47.982],[-75.238,-47.998]]],[[[-74.212,-47.166],[-74.212,-47.172],[-74.236,-47.16],[-74.212,-47.166]]],[[[-75.214,-47.994],[-75.226,-47.992],[-75.21,-47.984],[-75.214,-47.994]]],[[[-75.07,-47.922],[-75.076,-47.918],[-75.062,-47.912],[-75.07,-47.922]]],[[[-74.57,-48.088],[-74.584,-48.076],[-74.58,-48.076],[-74.57,-48.088]]]]}},{"type":"Feature","properties":{"codigo_region":"11","codigo_comuna":"11401","nombre_comuna":"Chile Chico","nombre_comuna_clean":"chile chico","nombre_region":"Región de Aysén del Gral.Ibañez del Campo"},"geometry":{"type":"Polygon","coordinates":[[[-73.39,-47.034],[-73.372,-47.01],[-73.394,-46.966],[-73.368,-46.928],[-73.402,-46.908],[-73.382,-46.868],[-73.412,-46.834],[-73.378,-46.752],[-73.388,-46.68],[-73.334,-46.674],[-73.326,-46.628],[-73.346,-46.596],[-73.296,-46.558],[-73.206,-46.556],[-73.174,-46.508],[-73.14,-46.492],[-73.116,-46.486],[-73.1,-46.526],[-73.078,-46.528],[-73.076,-46.56],[-72.982,-46.566],[-72.95,-46.582],[-72.94,-46.608],[-72.886,-46.64],[-72.876,-46.664],[-72.844,-46.664],[-72.836,-46.678],[-72.786,-46.666],[-72.742,-46.684],[-72.658,-46.662],[-72.67,-46.626],[-72.588,-46.638],[-72.552,-46.66],[-72.458,-46.648],[-72.404,-46.628],[-72.314,-46.56],[-72.234,-46.532],[-72.134,-46.536],[-71.88,-46.436],[-71.704,-46.458],[-71.668,-46.53],[-71.668,-46.614],[-71.646,-46.638],[-71.646,-46.686],[-71.834,-46.796],[-71.956,-46.816],[-71.93,-46.846],[-71.932,-46.868],[-71.97,-46.904],[-71.958,-46.974],[-72.114,-46.926],[-72.126,-46.884],[-72.164,-46.86],[-72.286,-46.886],[-72.338,-46.94],[-72.39,-46.95],[-72.436,-46.946],[-72.454,-46.92],[-72.476,-46.932],[-72.518,-46.902],[-72.552,-46.938],[-72.55,-46.996],[-72.604,-47.034],[-72.81,-47.06],[-72.85,-47.082],[-72.874,-47.028],[-72.996,-47.054],[-73.054,-47.036],[-73.1,-47.094],[-73.146,-47.06],[-73.206,-47.072],[-73.262,-47.036],[-73.384,-47.046],[-73.39,-47.034]]]}},{"type":"Feature","properties":{"codigo_region":"11","codigo_comuna":"11402","nombre_comuna":"Río Ibáñez","nombre_comuna_clean":"rio ibanez","nombre_region":"Región de Aysén del Gral.Ibañez del Campo"},"geometry":{"type":"Polygon","coordinates":[[[-73.07,-46.244],[-73.102,-46.216],[-73.074,-46.196],[-73.118,-46.162],[-73.126,-46.128],[-73.05,-46.126],[-73.042,-46.098],[-73.008,-46.106],[-72.98,-46.078],[-72.938,-46.072],[-72.966,-46.028],[-72.952,-46.02],[-72.962,-45.996],[-72.956,-45.972],[-72.922,-45.952],[-72.926,-45.918],[-72.782,-45.936],[-72.698,-45.924],[-72.64,-45.944],[-72.582,-45.922],[-72.544,-45.962],[-72.486,-45.98],[-72.47,-46.058],[-72.426,-46.042],[-72.392,-46.05],[-72.356,-46.016],[-72.302,-46.03],[-72.312,-46.066],[-72.25,-46.042],[-72.198,-46.046],[-72.152,-46.028],[-72.122,-46.04],[-72.124,-46.052],[-72.072,-46.048],[-72.034,-46.082],[-71.984,-46.096],[-71.974,-46.128],[-71.916,-46.13],[-71.9,-46.164],[-71.866,-46.158],[-71.878,-46.168],[-71.86,-46.194],[-71.778,-46.198],[-71.724,-46.282],[-71.756,-46.346],[-71.704,-46.458],[-71.88,-46.436],[-72.132,-46.536],[-72.232,-46.532],[-72.314,-46.56],[-72.404,-46.628],[-72.458,-46.648],[-72.552,-46.66],[-72.588,-46.638],[-72.67,-46.626],[-72.656,-46.654],[-72.68,-46.672],[-72.74,-46.684],[-72.788,-46.666],[-72.836,-46.678],[-72.844,-46.664],[-72.878,-46.662],[-72.968,-46.572],[-73.076,-46.56],[-73.078,-46.528],[-73.1,-46.526],[-73.116,-46.486],[-73.028,-46.472],[-73.002,-46.486],[-72.976,-46.468],[-72.998,-46.454],[-72.964,-46.416],[-72.98,-46.382],[-72.972,-46.362],[-72.994,-46.344],[-73.038,-46.348],[-73.014,-46.318],[-73.06,-46.278],[-73.07,-46.244]],[[-72.276,-46.064],[-72.274,-46.062],[-72.282,-46.062],[-72.276,-46.064]],[[-71.91,-46.172],[-71.906,-46.174],[-71.906,-46.17],[-71.91,-46.172]],[[-72.216,-46.046],[-72.224,-46.046],[-72.22,-46.048],[-72.216,-46.046]],[[-71.774,-46.224],[-71.772,-46.224],[-71.774,-46.222],[-71.774,-46.224]]]}},{"type":"Feature","properties":{"codigo_region":"12","codigo_comuna":"12101","nombre_comuna":"Punta Arenas","nombre_comuna_clean":"punta arenas","nombre_region":"Región de Magallanes y Antártica Chilena"},"geometry":{"type":"MultiPolygon","coordinates":[[[[-70.842,-52.72],[-70.846,-52.74],[-70.828,-52.736],[-70.838,-52.752],[-70.79,-52.76],[-70.8,-52.776],[-70.838,-52.774],[-70.834,-52.776],[-70.736,-52.786],[-70.758,-52.812],[-70.778,-52.81],[-70.82,-52.824],[-70.796,-52.818],[-70.816,-52.834],[-70.804,-52.85],[-70.836,-52.86],[-70.846,-52.91],[-70.888,-52.912],[-70.782,-52.938],[-70.826,-52.96],[-70.816,-53.006],[-70.878,-53.102],[-70.854,-53.13],[-70.918,-53.172],[-70.938,-53.206],[-70.948,-53.254],[-70.934,-53.314],[-70.988,-53.39],[-70.936,-53.546],[-70.942,-53.568],[-70.924,-53.586],[-70.934,-53.616],[-70.912,-53.632],[-70.952,-53.622],[-70.942,-53.658],[-70.974,-53.68],[-70.972,-53.782],[-70.996,-53.784],[-70.99,-53.796],[-71.002,-53.802],[-71.038,-53.804],[-71.074,-53.834],[-71.114,-53.832],[-71.118,-53.85],[-71.23,-53.886],[-71.298,-53.896],[-71.418,-53.85],[-71.684,-53.802],[-71.764,-53.764],[-71.852,-53.748],[-71.924,-53.7],[-71.936,-53.704],[-71.928,-53.712],[-71.942,-53.72],[-71.984,-53.706],[-71.98,-53.692],[-72.0,-53.684],[-72.012,-53.686],[-71.992,-53.696],[-72.036,-53.706],[-72.15,-53.666],[-72.198,-53.634],[-72.192,-53.622],[-72.35,-53.544],[-72.372,-53.496],[-72.398,-53.504],[-72.456,-53.442],[-72.452,-53.426],[-72.468,-53.422],[-72.468,-53.376],[-72.454,-53.388],[-72.422,-53.372],[-72.444,-53.35],[-72.444,-53.326],[-72.308,-53.254],[-72.17,-53.256],[-72.176,-53.272],[-72.118,-53.254],[-72.096,-53.33],[-72.112,-53.386],[-72.154,-53.384],[-72.152,-53.408],[-72.202,-53.432],[-72.286,-53.43],[-72.22,-53.452],[-72.098,-53.414],[-72.076,-53.386],[-72.018,-53.378],[-72.044,-53.286],[-72.02,-53.234],[-71.87,-53.226],[-71.826,-53.274],[-71.828,-53.362],[-71.766,-53.438],[-71.784,-53.432],[-71.808,-53.452],[-71.802,-53.466],[-71.908,-53.498],[-71.916,-53.516],[-71.99,-53.52],[-72.076,-53.55],[-72.094,-53.542],[-72.088,-53.552],[-72.12,-53.558],[-72.042,-53.552],[-72.056,-53.548],[-72.038,-53.54],[-72.004,-53.55],[-72.006,-53.566],[-71.972,-53.566],[-71.9,-53.532],[-71.886,-53.534],[-71.904,-53.542],[-71.9,-53.546],[-71.872,-53.542],[-71.816,-53.52],[-71.748,-53.446],[-71.772,-53.408],[-71.756,-53.406],[-71.768,-53.378],[-71.75,-53.372],[-71.784,-53.306],[-71.748,-53.316],[-71.768,-53.286],[-71.73,-53.238],[-71.742,-53.21],[-71.614,-53.204],[-71.592,-53.166],[-71.546,-53.17],[-71.504,-53.142],[-71.418,-53.142],[-71.36,-53.124],[-71.262,-53.034],[-71.246,-52.988],[-71.116,-52.912],[-71.136,-52.844],[-71.184,-52.81],[-71.184,-52.766],[-71.148,-52.754],[-71.198,-52.748],[-71.19,-52.714],[-71.178,-52.708],[-71.184,-52.732],[-71.158,-52.74],[-71.082,-52.74],[-71.048,-52.718],[-71.002,-52.75],[-70.954,-52.742],[-70.922,-52.71],[-70.89,-52.732],[-70.842,-52.72]]],[[[-73.04,-53.39],[-73.04,-53.394],[-73.02,-53.38],[-73.002,-53.392],[-73.044,-53.426],[-73.03,-53.434],[-73.044,-53.454],[-73.01,-53.436],[-73.022,-53.424],[-73.004,-53.414],[-73.01,-53.444],[-72.994,-53.456],[-73.016,-53.478],[-72.986,-53.478],[-73.002,-53.494],[-72.982,-53.482],[-72.992,-53.46],[-72.974,-53.452],[-73.0,-53.408],[-72.986,-53.396],[-72.928,-53.42],[-72.926,-53.424],[-72.948,-53.436],[-72.95,-53.442],[-72.924,-53.43],[-72.904,-53.44],[-72.926,-53.45],[-72.904,-53.446],[-72.896,-53.46],[-72.932,-53.49],[-72.93,-53.502],[-72.914,-53.51],[-72.93,-53.528],[-72.932,-53.536],[-72.898,-53.494],[-72.874,-53.492],[-72.864,-53.514],[-72.85,-53.514],[-72.924,-53.552],[-72.85,-53.532],[-72.892,-53.572],[-72.862,-53.568],[-72.864,-53.6],[-72.89,-53.628],[-72.87,-53.624],[-72.868,-53.636],[-72.884,-53.638],[-72.86,-53.662],[-72.848,-53.64],[-72.864,-53.636],[-72.86,-53.614],[-72.812,-53.61],[-72.846,-53.598],[-72.842,-53.574],[-72.804,-53.558],[-72.82,-53.554],[-72.816,-53.526],[-72.858,-53.48],[-72.848,-53.472],[-72.862,-53.45],[-72.774,-53.476],[-72.766,-53.486],[-72.782,-53.498],[-72.778,-53.5],[-72.766,-53.508],[-72.742,-53.498],[-72.724,-53.508],[-72.74,-53.544],[-72.71,-53.554],[-72.734,-53.57],[-72.67,-53.598],[-72.71,-53.602],[-72.718,-53.614],[-72.688,-53.616],[-72.704,-53.628],[-72.688,-53.652],[-72.694,-53.626],[-72.67,-53.626],[-72.668,-53.652],[-72.644,-53.614],[-72.654,-53.598],[-72.64,-53.592],[-72.678,-53.544],[-72.682,-53.528],[-72.662,-53.524],[-72.63,-53.54],[-72.654,-53.55],[-72.64,-53.56],[-72.614,-53.548],[-72.56,-53.578],[-72.54,-53.564],[-72.458,-53.58],[-72.496,-53.588],[-72.464,-53.598],[-72.482,-53.608],[-72.448,-53.61],[-72.484,-53.634],[-72.44,-53.63],[-72.426,-53.612],[-72.384,-53.64],[-72.626,-53.672],[-72.636,-53.694],[-72.622,-53.722],[-72.61,-53.726],[-72.524,-53.704],[-72.612,-53.714],[-72.598,-53.676],[-72.49,-53.672],[-72.474,-53.686],[-72.484,-53.694],[-72.438,-53.698],[-72.444,-53.72],[-72.484,-53.728],[-72.456,-53.726],[-72.47,-53.73],[-72.452,-53.732],[-72.472,-53.754],[-72.46,-53.754],[-72.442,-53.73],[-72.414,-53.726],[-72.43,-53.688],[-72.412,-53.7],[-72.386,-53.678],[-72.344,-53.686],[-72.364,-53.706],[-72.356,-53.718],[-72.312,-53.702],[-72.234,-53.728],[-72.282,-53.75],[-72.338,-53.75],[-72.34,-53.754],[-72.35,-53.752],[-72.354,-53.756],[-72.266,-53.76],[-72.222,-53.744],[-72.148,-53.794],[-72.21,-53.816],[-72.254,-53.802],[-72.294,-53.806],[-72.196,-53.826],[-72.226,-53.858],[-72.312,-53.85],[-72.37,-53.808],[-72.356,-53.832],[-72.46,-53.822],[-72.48,-53.834],[-72.352,-53.85],[-72.372,-53.866],[-72.348,-53.88],[-72.338,-53.906],[-72.352,-53.91],[-72.334,-53.926],[-72.36,-53.93],[-72.38,-53.904],[-72.394,-53.912],[-72.4,-53.9],[-72.466,-53.886],[-72.414,-53.908],[-72.408,-53.93],[-72.422,-53.938],[-72.386,-53.932],[-72.362,-53.958],[-72.438,-53.96],[-72.45,-53.946],[-72.448,-53.96],[-72.476,-53.96],[-72.38,-53.97],[-72.382,-54.002],[-72.364,-53.99],[-72.34,-54.0],[-72.348,-54.004],[-72.338,-54.034],[-72.366,-54.056],[-72.414,-54.034],[-72.404,-54.044],[-72.422,-54.054],[-72.484,-54.062],[-72.506,-54.034],[-72.486,-54.028],[-72.514,-54.026],[-72.47,-53.996],[-72.468,-53.97],[-72.496,-53.954],[-72.478,-53.978],[-72.492,-54.006],[-72.536,-54.0],[-72.544,-53.984],[-72.562,-54.0],[-72.536,-54.022],[-72.552,-54.028],[-72.56,-54.008],[-72.6,-54.02],[-72.574,-54.014],[-72.562,-54.018],[-72.58,-54.018],[-72.554,-54.032],[-72.568,-54.034],[-72.562,-54.042],[-72.53,-54.046],[-72.538,-54.076],[-72.544,-54.07],[-72.554,-54.072],[-72.55,-54.108],[-72.602,-54.102],[-72.602,-54.084],[-72.616,-54.102],[-72.612,-54.084],[-72.616,-54.082],[-72.63,-54.1],[-72.622,-54.066],[-72.604,-54.054],[-72.612,-54.044],[-72.588,-54.038],[-72.606,-54.032],[-72.618,-54.034],[-72.616,-54.056],[-72.668,-54.09],[-72.628,-54.018],[-72.654,-54.022],[-72.652,-54.046],[-72.69,-54.074],[-72.684,-54.09],[-72.694,-54.094],[-72.694,-54.09],[-72.71,-54.09],[-72.718,-54.084],[-72.728,-54.082],[-72.716,-54.094],[-72.75,-54.1],[-72.71,-54.104],[-72.724,-54.118],[-72.762,-54.122],[-72.766,-54.112],[-72.78,-54.118],[-72.806,-54.102],[-72.796,-54.098],[-72.82,-54.096],[-72.808,-54.112],[-72.848,-54.118],[-72.83,-54.13],[-72.89,-54.138],[-72.964,-54.124],[-72.88,-54.116],[-72.928,-54.108],[-72.87,-54.09],[-72.9,-54.084],[-72.914,-54.102],[-72.946,-54.104],[-72.934,-54.096],[-72.958,-54.1],[-72.928,-54.09],[-72.954,-54.09],[-72.99,-54.108],[-73.016,-54.104],[-73.018,-54.088],[-73.03,-54.104],[-73.056,-54.102],[-73.078,-54.086],[-73.028,-54.076],[-73.04,-54.07],[-72.934,-54.066],[-72.828,-54.08],[-72.786,-54.094],[-72.788,-54.106],[-72.776,-54.094],[-72.798,-54.086],[-72.784,-54.078],[-72.908,-54.052],[-72.964,-54.056],[-72.952,-54.046],[-72.978,-54.042],[-72.968,-54.034],[-72.98,-54.03],[-72.822,-54.058],[-72.866,-54.04],[-72.83,-54.036],[-72.786,-54.046],[-72.78,-54.06],[-72.758,-54.064],[-72.782,-54.048],[-72.754,-54.036],[-72.816,-54.032],[-72.792,-54.018],[-72.866,-54.02],[-72.778,-53.994],[-72.85,-53.994],[-72.86,-53.978],[-72.878,-53.976],[-72.808,-53.954],[-72.748,-53.976],[-72.694,-53.982],[-72.764,-53.958],[-72.766,-53.94],[-72.772,-53.952],[-72.806,-53.944],[-72.718,-53.89],[-72.688,-53.896],[-72.666,-53.882],[-72.658,-53.894],[-72.654,-53.874],[-72.674,-53.864],[-72.674,-53.876],[-72.69,-53.882],[-72.706,-53.856],[-72.704,-53.878],[-72.796,-53.918],[-72.796,-53.888],[-72.78,-53.886],[-72.76,-53.878],[-72.784,-53.872],[-72.732,-53.85],[-72.738,-53.862],[-72.718,-53.842],[-72.758,-53.854],[-72.754,-53.834],[-72.796,-53.872],[-72.84,-53.886],[-72.822,-53.902],[-72.804,-53.896],[-72.818,-53.936],[-72.868,-53.956],[-72.896,-53.954],[-72.894,-53.958],[-72.904,-53.96],[-72.91,-53.96],[-72.898,-53.956],[-72.926,-53.94],[-72.862,-53.93],[-72.9,-53.924],[-72.846,-53.888],[-72.852,-53.87],[-72.812,-53.82],[-72.79,-53.82],[-72.806,-53.816],[-72.728,-53.762],[-72.764,-53.766],[-72.808,-53.806],[-72.834,-53.762],[-72.856,-53.786],[-72.834,-53.788],[-72.848,-53.796],[-72.834,-53.806],[-72.894,-53.812],[-72.838,-53.814],[-72.862,-53.828],[-72.846,-53.836],[-72.856,-53.854],[-72.91,-53.9],[-72.966,-53.9],[-72.948,-53.898],[-72.97,-53.894],[-72.94,-53.866],[-73.012,-53.91],[-73.044,-53.91],[-73.048,-53.88],[-73.018,-53.878],[-73.0,-53.864],[-73.03,-53.872],[-73.04,-53.866],[-72.966,-53.858],[-73.018,-53.85],[-73.0,-53.842],[-72.92,-53.844],[-72.91,-53.842],[-72.908,-53.838],[-73.018,-53.834],[-73.0,-53.828],[-73.018,-53.82],[-73.004,-53.816],[-73.0,-53.814],[-73.058,-53.828],[-73.062,-53.824],[-73.016,-53.798],[-72.938,-53.802],[-72.994,-53.792],[-72.886,-53.77],[-72.87,-53.748],[-72.908,-53.768],[-72.978,-53.764],[-72.964,-53.776],[-73.014,-53.792],[-73.1,-53.786],[-73.112,-53.766],[-73.088,-53.758],[-73.102,-53.754],[-73.09,-53.742],[-73.016,-53.764],[-73.01,-53.754],[-73.066,-53.738],[-73.06,-53.72],[-73.026,-53.728],[-73.07,-53.714],[-73.086,-53.726],[-73.094,-53.714],[-73.068,-53.712],[-73.026,-53.716],[-72.888,-53.746],[-72.802,-53.746],[-72.844,-53.738],[-72.83,-53.708],[-72.814,-53.704],[-72.844,-53.702],[-72.838,-53.718],[-72.854,-53.732],[-72.85,-53.71],[-72.876,-53.706],[-72.858,-53.72],[-72.87,-53.734],[-72.984,-53.704],[-73.182,-53.68],[-73.092,-53.666],[-73.052,-53.676],[-73.066,-53.67],[-73.042,-53.658],[-73.028,-53.672],[-72.954,-53.67],[-72.93,-53.65],[-72.928,-53.624],[-72.946,-53.632],[-72.974,-53.612],[-72.968,-53.646],[-73.01,-53.65],[-72.996,-53.63],[-73.096,-53.652],[-73.0,-53.584],[-72.996,-53.572],[-73.026,-53.578],[-73.016,-53.568],[-73.032,-53.574],[-73.022,-53.586],[-73.05,-53.592],[-73.066,-53.574],[-73.096,-53.572],[-73.088,-53.588],[-73.042,-53.6],[-73.08,-53.606],[-73.112,-53.644],[-73.196,-53.642],[-73.136,-53.614],[-73.158,-53.606],[-73.236,-53.64],[-73.248,-53.63],[-73.23,-53.622],[-73.25,-53.628],[-73.266,-53.612],[-73.254,-53.6],[-73.238,-53.594],[-73.274,-53.586],[-73.206,-53.564],[-73.226,-53.56],[-73.19,-53.564],[-73.226,-53.55],[-73.244,-53.558],[-73.222,-53.564],[-73.252,-53.564],[-73.28,-53.574],[-73.288,-53.562],[-73.324,-53.564],[-73.434,-53.466],[-73.402,-53.466],[-73.394,-53.48],[-73.4,-53.466],[-73.384,-53.464],[-73.324,-53.472],[-73.326,-53.482],[-73.296,-53.476],[-73.268,-53.5],[-73.258,-53.49],[-73.224,-53.504],[-73.252,-53.516],[-73.23,-53.534],[-73.212,-53.522],[-73.226,-53.52],[-73.218,-53.51],[-73.176,-53.508],[-73.22,-53.496],[-73.188,-53.478],[-73.164,-53.502],[-73.142,-53.492],[-73.07,-53.532],[-73.076,-53.518],[-73.036,-53.536],[-73.024,-53.53],[-73.13,-53.488],[-73.11,-53.478],[-73.124,-53.462],[-73.096,-53.46],[-73.134,-53.456],[-73.112,-53.44],[-73.162,-53.424],[-73.118,-53.408],[-73.172,-53.4],[-73.138,-53.388],[-73.128,-53.402],[-73.086,-53.38],[-73.03,-53.384],[-73.04,-53.39]]],[[[-73.276,-53.602],[-73.282,-53.594],[-73.254,-53.6],[-73.276,-53.602]]],[[[-70.476,-53.684],[-70.446,-53.782],[-70.41,-53.804],[-70.434,-53.814],[-70.454,-53.798],[-70.42,-53.836],[-70.45,-53.838],[-70.416,-53.874],[-70.454,-53.88],[-70.366,-53.962],[-70.36,-53.974],[-70.372,-53.984],[-70.374,-53.99],[-70.352,-53.986],[-70.332,-54.018],[-70.37,-54.048],[-70.44,-54.052],[-70.418,-54.064],[-70.49,-54.036],[-70.672,-53.916],[-70.67,-53.962],[-70.554,-54.052],[-70.546,-54.106],[-70.58,-54.104],[-70.584,-54.114],[-70.516,-54.138],[-70.538,-54.144],[-70.522,-54.156],[-70.514,-54.14],[-70.488,-54.142],[-70.368,-54.182],[-70.358,-54.202],[-70.284,-54.192],[-70.292,-54.206],[-70.264,-54.21],[-70.292,-54.23],[-70.296,-54.244],[-70.244,-54.218],[-70.216,-54.244],[-70.254,-54.284],[-70.336,-54.28],[-70.458,-54.25],[-70.498,-54.226],[-70.48,-54.224],[-70.524,-54.182],[-70.518,-54.2],[-70.53,-54.208],[-70.458,-54.256],[-70.678,-54.2],[-70.842,-54.122],[-70.84,-54.108],[-70.792,-54.096],[-70.864,-54.082],[-70.882,-54.06],[-70.868,-54.04],[-70.87,-53.986],[-70.902,-53.934],[-70.886,-53.92],[-70.842,-53.936],[-70.908,-53.882],[-70.854,-53.868],[-70.852,-53.852],[-70.874,-53.848],[-70.85,-53.842],[-70.86,-53.836],[-70.784,-53.824],[-70.62,-53.872],[-70.602,-53.824],[-70.712,-53.776],[-70.698,-53.728],[-70.712,-53.698],[-70.598,-53.65],[-70.544,-53.602],[-70.536,-53.568],[-70.48,-53.564],[-70.462,-53.58],[-70.476,-53.684]],[[-70.52,-54.168],[-70.526,-54.18],[-70.524,-54.182],[-70.52,-54.168]],[[-70.52,-54.162],[-70.528,-54.164],[-70.52,-54.168],[-70.52,-54.162]]],[[[-74.594,-52.788],[-74.582,-52.772],[-74.534,-52.796],[-74.566,-52.808],[-74.568,-52.814],[-74.506,-52.808],[-74.504,-52.798],[-74.43,-52.83],[-74.484,-52.834],[-74.512,-52.856],[-74.422,-52.844],[-74.422,-52.858],[-74.456,-52.866],[-74.474,-52.852],[-74.482,-52.868],[-74.46,-52.886],[-74.41,-52.872],[-74.41,-52.902],[-74.408,-52.884],[-74.396,-52.896],[-74.394,-52.878],[-74.37,-52.876],[-74.362,-52.894],[-74.384,-52.896],[-74.364,-52.908],[-74.412,-52.932],[-74.394,-52.952],[-74.386,-52.936],[-74.364,-52.938],[-74.324,-52.982],[-74.33,-52.946],[-74.346,-52.94],[-74.33,-52.928],[-74.3,-52.954],[-74.256,-52.96],[-74.254,-52.982],[-74.27,-52.984],[-74.25,-52.992],[-74.234,-52.972],[-74.244,-52.948],[-74.208,-52.974],[-74.22,-52.986],[-74.2,-52.978],[-74.204,-52.954],[-74.176,-52.958],[-74.176,-52.976],[-74.15,-52.988],[-74.176,-52.996],[-74.114,-53.018],[-74.12,-53.0],[-74.092,-53.006],[-74.118,-52.984],[-74.088,-52.988],[-74.138,-52.964],[-74.144,-52.942],[-74.12,-52.942],[-74.106,-52.968],[-74.08,-52.96],[-74.038,-52.976],[-74.072,-52.98],[-74.042,-52.988],[-74.06,-52.99],[-74.05,-52.998],[-74.012,-53.008],[-74.036,-52.992],[-74.016,-52.982],[-73.936,-52.998],[-73.924,-53.02],[-73.97,-53.01],[-73.932,-53.022],[-73.93,-53.038],[-73.966,-53.028],[-73.996,-53.026],[-73.906,-53.07],[-73.93,-53.054],[-73.912,-53.044],[-73.93,-53.04],[-73.896,-53.018],[-73.85,-53.03],[-73.832,-53.054],[-73.844,-53.058],[-73.808,-53.076],[-73.816,-53.092],[-73.796,-53.098],[-73.796,-53.084],[-73.824,-53.042],[-73.794,-53.056],[-73.802,-53.07],[-73.736,-53.072],[-73.746,-53.086],[-73.712,-53.084],[-73.73,-53.1],[-73.69,-53.098],[-73.698,-53.106],[-73.654,-53.132],[-73.676,-53.124],[-73.688,-53.126],[-73.646,-53.142],[-73.626,-53.184],[-73.636,-53.146],[-73.61,-53.16],[-73.602,-53.148],[-73.644,-53.126],[-73.652,-53.086],[-73.6,-53.08],[-73.598,-53.094],[-73.628,-53.098],[-73.588,-53.116],[-73.61,-53.122],[-73.606,-53.134],[-73.56,-53.11],[-73.558,-53.152],[-73.53,-53.166],[-73.548,-53.192],[-73.584,-53.184],[-73.556,-53.196],[-73.512,-53.26],[-73.532,-53.282],[-73.506,-53.272],[-73.486,-53.288],[-73.508,-53.232],[-73.472,-53.254],[-73.472,-53.242],[-73.428,-53.25],[-73.484,-53.236],[-73.458,-53.22],[-73.488,-53.232],[-73.506,-53.22],[-73.484,-53.192],[-73.518,-53.182],[-73.512,-53.166],[-73.49,-53.168],[-73.516,-53.158],[-73.478,-53.142],[-73.392,-53.18],[-73.452,-53.19],[-73.368,-53.194],[-73.438,-53.212],[-73.404,-53.22],[-73.422,-53.214],[-73.368,-53.204],[-73.344,-53.218],[-73.37,-53.218],[-73.372,-53.22],[-73.372,-53.222],[-73.314,-53.236],[-73.312,-53.252],[-73.346,-53.242],[-73.316,-53.264],[-73.34,-53.276],[-73.288,-53.268],[-73.268,-53.282],[-73.282,-53.294],[-73.176,-53.312],[-73.196,-53.312],[-73.19,-53.322],[-73.206,-53.322],[-73.23,-53.334],[-73.182,-53.326],[-73.094,-53.348],[-73.094,-53.374],[-73.228,-53.382],[-73.268,-53.364],[-73.258,-53.356],[-73.268,-53.35],[-73.286,-53.35],[-73.284,-53.362],[-73.29,-53.358],[-73.306,-53.364],[-73.342,-53.354],[-73.412,-53.322],[-73.404,-53.314],[-73.418,-53.314],[-73.414,-53.332],[-73.438,-53.352],[-73.464,-53.34],[-73.498,-53.354],[-73.61,-53.338],[-73.584,-53.322],[-73.618,-53.308],[-73.59,-53.304],[-73.59,-53.298],[-73.576,-53.298],[-73.54,-53.318],[-73.478,-53.324],[-73.462,-53.314],[-73.478,-53.298],[-73.5,-53.314],[-73.602,-53.284],[-73.614,-53.256],[-73.592,-53.266],[-73.608,-53.242],[-73.566,-53.252],[-73.566,-53.24],[-73.61,-53.23],[-73.616,-53.216],[-73.6,-53.228],[-73.6,-53.224],[-73.616,-53.208],[-73.608,-53.198],[-73.622,-53.192],[-73.618,-53.228],[-73.66,-53.214],[-73.66,-53.196],[-73.682,-53.196],[-73.678,-53.178],[-73.712,-53.144],[-73.728,-53.144],[-73.716,-53.156],[-73.732,-53.16],[-73.7,-53.178],[-73.702,-53.186],[-73.76,-53.188],[-73.716,-53.174],[-73.77,-53.18],[-73.786,-53.15],[-73.77,-53.128],[-73.794,-53.102],[-73.79,-53.13],[-73.826,-53.122],[-73.79,-53.136],[-73.806,-53.138],[-73.784,-53.176],[-73.796,-53.174],[-73.882,-53.062],[-73.874,-53.08],[-73.896,-53.07],[-73.882,-53.082],[-73.896,-53.104],[-73.938,-53.092],[-73.968,-53.106],[-74.05,-53.078],[-74.04,-53.068],[-74.108,-53.056],[-73.984,-53.108],[-74.002,-53.114],[-73.996,-53.126],[-74.032,-53.134],[-74.058,-53.124],[-74.056,-53.11],[-74.088,-53.102],[-74.082,-53.116],[-74.048,-53.13],[-74.074,-53.138],[-74.064,-53.132],[-74.086,-53.13],[-74.102,-53.098],[-74.098,-53.13],[-74.11,-53.128],[-74.108,-53.114],[-74.116,-53.114],[-74.122,-53.098],[-74.138,-53.086],[-74.124,-53.124],[-74.144,-53.124],[-74.15,-53.102],[-74.17,-53.102],[-74.152,-53.124],[-74.19,-53.118],[-74.194,-53.076],[-74.206,-53.08],[-74.224,-53.06],[-74.218,-53.048],[-74.246,-53.034],[-74.214,-53.088],[-74.228,-53.142],[-74.26,-53.146],[-74.238,-53.124],[-74.256,-53.114],[-74.248,-53.122],[-74.264,-53.124],[-74.262,-53.1],[-74.266,-53.092],[-74.266,-53.11],[-74.274,-53.11],[-74.268,-53.12],[-74.318,-53.128],[-74.304,-53.12],[-74.336,-53.09],[-74.294,-53.052],[-74.316,-53.056],[-74.324,-53.026],[-74.34,-53.038],[-74.33,-53.066],[-74.366,-53.082],[-74.362,-53.06],[-74.4,-53.058],[-74.408,-53.044],[-74.382,-53.036],[-74.39,-53.02],[-74.394,-53.032],[-74.404,-53.034],[-74.42,-53.008],[-74.398,-52.99],[-74.436,-53.004],[-74.452,-52.958],[-74.438,-52.962],[-74.434,-52.96],[-74.45,-52.954],[-74.47,-52.962],[-74.44,-53.0],[-74.452,-52.998],[-74.45,-53.012],[-74.476,-53.0],[-74.466,-52.982],[-74.494,-52.99],[-74.52,-52.97],[-74.474,-52.914],[-74.516,-52.912],[-74.51,-52.954],[-74.52,-52.944],[-74.562,-52.964],[-74.586,-52.948],[-74.606,-52.912],[-74.568,-52.9],[-74.648,-52.868],[-74.648,-52.856],[-74.63,-52.85],[-74.636,-52.842],[-74.586,-52.852],[-74.596,-52.838],[-74.584,-52.832],[-74.642,-52.836],[-74.684,-52.814],[-74.618,-52.816],[-74.656,-52.81],[-74.626,-52.794],[-74.658,-52.808],[-74.708,-52.796],[-74.688,-52.788],[-74.72,-52.776],[-74.73,-52.732],[-74.68,-52.74],[-74.69,-52.718],[-74.594,-52.788]],[[-73.368,-53.256],[-73.362,-53.266],[-73.404,-53.258],[-73.358,-53.276],[-73.38,-53.284],[-73.34,-53.276],[-73.368,-53.256]],[[-74.608,-52.862],[-74.614,-52.868],[-74.546,-52.866],[-74.578,-52.864],[-74.586,-52.852],[-74.608,-52.862]]],[[[-73.602,-53.302],[-73.61,-53.3],[-73.61,-53.296],[-73.59,-53.298],[-73.602,-53.302]]],[[[-71.56,-53.942],[-71.602,-53.952],[-71.534,-53.944],[-71.544,-53.952],[-71.528,-53.96],[-71.536,-53.974],[-71.518,-53.972],[-71.526,-53.97],[-71.522,-53.966],[-71.526,-53.966],[-71.524,-53.96],[-71.496,-53.988],[-71.504,-54.01],[-71.484,-53.986],[-71.51,-53.95],[-71.44,-53.95],[-71.432,-53.978],[-71.462,-53.996],[-71.444,-54.008],[-71.424,-53.988],[-71.402,-54.012],[-71.406,-54.052],[-71.424,-54.046],[-71.432,-54.048],[-71.396,-54.056],[-71.404,-54.092],[-71.364,-54.048],[-71.392,-53.97],[-71.274,-54.0],[-71.264,-54.04],[-71.274,-54.054],[-71.254,-54.062],[-71.242,-54.092],[-71.3,-54.11],[-71.242,-54.106],[-71.24,-54.13],[-71.212,-54.118],[-71.224,-54.166],[-71.206,-54.16],[-71.21,-54.186],[-71.188,-54.18],[-71.19,-54.104],[-71.146,-54.086],[-71.152,-54.14],[-71.12,-54.164],[-71.13,-54.128],[-71.12,-54.094],[-71.078,-54.06],[-71.052,-54.066],[-71.058,-54.084],[-71.032,-54.076],[-71.002,-54.09],[-70.994,-54.126],[-71.012,-54.124],[-70.988,-54.14],[-71.014,-54.166],[-71.034,-54.152],[-71.02,-54.172],[-71.04,-54.202],[-71.078,-54.204],[-71.042,-54.222],[-70.972,-54.164],[-70.962,-54.196],[-70.974,-54.242],[-71.038,-54.244],[-70.97,-54.278],[-70.988,-54.298],[-71.016,-54.298],[-71.008,-54.31],[-71.06,-54.298],[-71.024,-54.334],[-71.044,-54.348],[-71.164,-54.308],[-71.068,-54.358],[-71.098,-54.396],[-71.154,-54.402],[-71.164,-54.388],[-71.146,-54.372],[-71.156,-54.36],[-71.168,-54.37],[-71.16,-54.358],[-71.18,-54.332],[-71.176,-54.376],[-71.196,-54.38],[-71.242,-54.346],[-71.302,-54.328],[-71.304,-54.314],[-71.306,-54.314],[-71.278,-54.278],[-71.204,-54.292],[-71.242,-54.276],[-71.228,-54.262],[-71.236,-54.252],[-71.172,-54.244],[-71.214,-54.238],[-71.212,-54.21],[-71.248,-54.208],[-71.228,-54.234],[-71.314,-54.27],[-71.336,-54.256],[-71.324,-54.218],[-71.352,-54.22],[-71.33,-54.232],[-71.368,-54.264],[-71.454,-54.208],[-71.444,-54.174],[-71.412,-54.178],[-71.424,-54.16],[-71.384,-54.156],[-71.368,-54.146],[-71.414,-54.156],[-71.412,-54.138],[-71.386,-54.124],[-71.394,-54.116],[-71.44,-54.154],[-71.468,-54.136],[-71.51,-54.126],[-71.534,-54.128],[-71.454,-54.158],[-71.48,-54.192],[-71.498,-54.182],[-71.518,-54.184],[-71.502,-54.192],[-71.508,-54.186],[-71.502,-54.184],[-71.496,-54.186],[-71.496,-54.198],[-71.512,-54.198],[-71.482,-54.212],[-71.486,-54.228],[-71.514,-54.22],[-71.514,-54.264],[-71.53,-54.284],[-71.554,-54.27],[-71.554,-54.244],[-71.582,-54.262],[-71.6,-54.22],[-71.588,-54.202],[-71.522,-54.186],[-71.602,-54.194],[-71.598,-54.212],[-71.614,-54.228],[-71.598,-54.244],[-71.674,-54.226],[-71.69,-54.16],[-71.704,-54.166],[-71.704,-54.152],[-71.618,-54.1],[-71.582,-54.104],[-71.588,-54.092],[-71.562,-54.082],[-71.6,-54.092],[-71.634,-54.068],[-71.61,-54.062],[-71.648,-54.034],[-71.656,-54.012],[-71.648,-53.98],[-71.59,-53.936],[-71.56,-53.942]]],[[[-71.346,-54.32],[-71.368,-54.3],[-71.36,-54.288],[-71.3,-54.286],[-71.306,-54.314],[-71.346,-54.32]]],[[[-71.86,-53.858],[-71.878,-53.882],[-71.842,-53.884],[-71.816,-53.924],[-71.822,-53.932],[-71.842,-53.928],[-71.856,-53.934],[-71.82,-53.948],[-71.852,-53.98],[-71.82,-53.986],[-71.802,-53.954],[-71.82,-53.94],[-71.782,-53.93],[-71.79,-53.886],[-71.75,-53.902],[-71.76,-53.928],[-71.734,-53.896],[-71.678,-53.914],[-71.672,-53.922],[-71.682,-53.928],[-71.68,-53.93],[-71.65,-53.926],[-71.666,-53.962],[-71.686,-53.946],[-71.68,-53.962],[-71.702,-53.99],[-71.796,-54.01],[-71.69,-54.0],[-71.694,-54.054],[-71.772,-54.046],[-71.704,-54.064],[-71.736,-54.1],[-71.662,-54.058],[-71.614,-54.092],[-71.656,-54.12],[-71.666,-54.11],[-71.694,-54.128],[-71.69,-54.118],[-71.748,-54.172],[-71.75,-54.156],[-71.808,-54.144],[-71.828,-54.104],[-71.858,-54.104],[-71.846,-54.08],[-71.85,-54.072],[-71.868,-54.09],[-71.918,-54.06],[-71.912,-54.012],[-71.918,-54.036],[-71.952,-54.044],[-71.912,-54.074],[-71.928,-54.07],[-71.916,-54.084],[-71.93,-54.094],[-71.88,-54.102],[-71.92,-54.132],[-71.872,-54.12],[-71.854,-54.14],[-71.874,-54.152],[-71.838,-54.146],[-71.818,-54.162],[-71.83,-54.168],[-71.8,-54.174],[-71.764,-54.206],[-71.792,-54.204],[-71.784,-54.212],[-71.754,-54.214],[-71.73,-54.238],[-71.746,-54.268],[-71.782,-54.264],[-71.766,-54.272],[-71.788,-54.278],[-71.804,-54.268],[-71.794,-54.262],[-71.834,-54.252],[-71.854,-54.25],[-71.806,-54.272],[-71.828,-54.266],[-71.818,-54.274],[-71.898,-54.29],[-71.822,-54.29],[-71.828,-54.31],[-71.858,-54.298],[-71.868,-54.3],[-71.848,-54.322],[-71.79,-54.336],[-71.798,-54.342],[-71.916,-54.338],[-71.894,-54.318],[-71.906,-54.316],[-71.926,-54.32],[-71.928,-54.338],[-71.972,-54.334],[-71.932,-54.288],[-71.95,-54.268],[-71.938,-54.25],[-71.876,-54.238],[-71.896,-54.224],[-71.896,-54.236],[-71.924,-54.228],[-71.938,-54.24],[-71.958,-54.22],[-71.956,-54.234],[-71.98,-54.236],[-72.006,-54.222],[-71.924,-54.216],[-72.024,-54.214],[-71.982,-54.212],[-72.006,-54.206],[-71.996,-54.204],[-71.994,-54.2],[-72.042,-54.212],[-72.124,-54.164],[-72.006,-54.136],[-72.154,-54.13],[-72.148,-54.108],[-72.062,-54.106],[-72.024,-54.094],[-72.064,-54.102],[-72.102,-54.09],[-72.116,-54.038],[-72.142,-54.04],[-72.124,-54.062],[-72.158,-54.086],[-72.18,-54.074],[-72.172,-54.094],[-72.198,-54.11],[-72.26,-54.066],[-72.24,-54.016],[-72.174,-53.984],[-72.184,-53.968],[-72.258,-54.006],[-72.26,-53.986],[-72.278,-53.982],[-72.266,-53.98],[-72.28,-53.914],[-72.22,-53.912],[-72.19,-53.934],[-72.142,-53.932],[-72.106,-53.972],[-72.056,-53.99],[-72.114,-53.94],[-72.03,-53.966],[-72.07,-53.948],[-72.032,-53.916],[-72.04,-53.898],[-72.012,-53.898],[-72.026,-53.916],[-72.018,-53.92],[-71.986,-53.888],[-71.946,-53.908],[-71.986,-53.864],[-71.916,-53.848],[-71.86,-53.858]]],[[[-73.542,-53.394],[-73.56,-53.398],[-73.534,-53.406],[-73.544,-53.416],[-73.522,-53.41],[-73.504,-53.416],[-73.496,-53.416],[-73.514,-53.404],[-73.452,-53.392],[-73.37,-53.418],[-73.416,-53.452],[-73.434,-53.448],[-73.482,-53.5],[-73.508,-53.494],[-73.51,-53.504],[-73.458,-53.508],[-73.466,-53.486],[-73.442,-53.472],[-73.36,-53.544],[-73.404,-53.558],[-73.328,-53.58],[-73.358,-53.58],[-73.366,-53.588],[-73.35,-53.59],[-73.346,-53.596],[-73.364,-53.596],[-73.422,-53.572],[-73.412,-53.58],[-73.428,-53.598],[-73.494,-53.61],[-73.494,-53.578],[-73.478,-53.578],[-73.522,-53.546],[-73.512,-53.562],[-73.52,-53.574],[-73.544,-53.554],[-73.602,-53.558],[-73.642,-53.54],[-73.61,-53.568],[-73.628,-53.568],[-73.67,-53.54],[-73.662,-53.522],[-73.718,-53.526],[-73.75,-53.506],[-73.718,-53.512],[-73.73,-53.502],[-73.708,-53.502],[-73.706,-53.494],[-73.754,-53.5],[-73.804,-53.478],[-73.762,-53.474],[-73.786,-53.464],[-73.788,-53.446],[-73.82,-53.44],[-73.786,-53.43],[-73.732,-53.454],[-73.726,-53.462],[-73.742,-53.47],[-73.72,-53.468],[-73.698,-53.494],[-73.68,-53.486],[-73.646,-53.51],[-73.642,-53.498],[-73.622,-53.504],[-73.606,-53.502],[-73.554,-53.518],[-73.566,-53.528],[-73.458,-53.558],[-73.54,-53.516],[-73.524,-53.508],[-73.54,-53.498],[-73.646,-53.48],[-73.662,-53.46],[-73.52,-53.47],[-73.482,-53.454],[-73.564,-53.452],[-73.594,-53.436],[-73.588,-53.424],[-73.61,-53.422],[-73.572,-53.414],[-73.592,-53.386],[-73.542,-53.394]]],[[[-72.426,-54.128],[-72.42,-54.126],[-72.398,-54.126],[-72.392,-54.12],[-72.374,-54.126],[-72.376,-54.108],[-72.34,-54.112],[-72.344,-54.104],[-72.302,-54.118],[-72.294,-54.096],[-72.312,-54.112],[-72.346,-54.094],[-72.394,-54.11],[-72.43,-54.096],[-72.376,-54.088],[-72.326,-54.056],[-72.29,-54.096],[-72.276,-54.084],[-72.246,-54.104],[-72.276,-54.11],[-72.278,-54.122],[-72.264,-54.116],[-72.262,-54.128],[-72.246,-54.112],[-72.204,-54.144],[-72.224,-54.138],[-72.23,-54.154],[-72.232,-54.134],[-72.256,-54.132],[-72.3,-54.148],[-72.26,-54.158],[-72.274,-54.19],[-72.26,-54.2],[-72.306,-54.212],[-72.332,-54.2],[-72.332,-54.216],[-72.3,-54.234],[-72.33,-54.256],[-72.32,-54.264],[-72.348,-54.262],[-72.354,-54.242],[-72.39,-54.254],[-72.404,-54.242],[-72.384,-54.24],[-72.398,-54.234],[-72.392,-54.22],[-72.414,-54.224],[-72.4,-54.232],[-72.42,-54.25],[-72.4,-54.256],[-72.426,-54.26],[-72.44,-54.282],[-72.518,-54.258],[-72.498,-54.234],[-72.458,-54.24],[-72.52,-54.218],[-72.498,-54.194],[-72.402,-54.186],[-72.346,-54.15],[-72.43,-54.156],[-72.414,-54.136],[-72.426,-54.128]]],[[[-73.338,-54.104],[-73.322,-54.112],[-73.32,-54.11],[-73.36,-54.068],[-73.41,-54.092],[-73.416,-54.076],[-73.474,-54.088],[-73.488,-54.074],[-73.458,-54.074],[-73.422,-54.028],[-73.4,-54.042],[-73.408,-54.018],[-73.39,-53.996],[-73.344,-54.002],[-73.372,-54.022],[-73.366,-54.03],[-73.336,-54.01],[-73.314,-54.012],[-73.306,-54.028],[-73.324,-54.046],[-73.302,-54.038],[-73.296,-54.064],[-73.31,-54.064],[-73.316,-54.076],[-73.278,-54.078],[-73.288,-54.032],[-73.236,-54.05],[-73.232,-54.066],[-73.242,-54.062],[-73.252,-54.064],[-73.234,-54.068],[-73.236,-54.084],[-73.252,-54.092],[-73.236,-54.104],[-73.216,-54.07],[-73.186,-54.064],[-73.206,-54.09],[-73.194,-54.102],[-73.226,-54.1],[-73.2,-54.11],[-73.212,-54.134],[-73.232,-54.128],[-73.232,-54.108],[-73.244,-54.12],[-73.27,-54.112],[-73.284,-54.084],[-73.3,-54.096],[-73.27,-54.122],[-73.284,-54.15],[-73.294,-54.138],[-73.308,-54.146],[-73.31,-54.132],[-73.322,-54.144],[-73.348,-54.134],[-73.356,-54.138],[-73.358,-54.138],[-73.358,-54.136],[-73.338,-54.104]]],[[[-70.28,-54.082],[-70.31,-54.116],[-70.298,-54.124],[-70.318,-54.14],[-70.308,-54.148],[-70.34,-54.158],[-70.454,-54.126],[-70.508,-54.088],[-70.494,-54.088],[-70.512,-54.062],[-70.414,-54.082],[-70.354,-54.064],[-70.34,-54.046],[-70.3,-54.048],[-70.28,-54.082]]],[[[-73.074,-53.828],[-73.086,-53.84],[-73.07,-53.846],[-73.1,-53.852],[-73.07,-53.854],[-73.08,-53.862],[-73.07,-53.868],[-73.082,-53.878],[-73.076,-53.904],[-73.102,-53.896],[-73.096,-53.888],[-73.118,-53.904],[-73.158,-53.89],[-73.17,-53.902],[-73.22,-53.908],[-73.19,-53.896],[-73.234,-53.884],[-73.178,-53.884],[-73.21,-53.872],[-73.174,-53.872],[-73.184,-53.864],[-73.158,-53.872],[-73.164,-53.86],[-73.202,-53.858],[-73.166,-53.838],[-73.21,-53.846],[-73.226,-53.854],[-73.266,-53.852],[-73.268,-53.852],[-73.308,-53.86],[-73.26,-53.834],[-73.176,-53.83],[-73.308,-53.822],[-73.254,-53.81],[-73.074,-53.828]]],[[[-72.286,-54.346],[-72.33,-54.376],[-72.356,-54.344],[-72.376,-54.352],[-72.34,-54.374],[-72.354,-54.382],[-72.392,-54.384],[-72.404,-54.36],[-72.416,-54.374],[-72.44,-54.364],[-72.45,-54.37],[-72.43,-54.384],[-72.474,-54.376],[-72.422,-54.398],[-72.462,-54.414],[-72.448,-54.438],[-72.46,-54.444],[-72.502,-54.422],[-72.476,-54.404],[-72.536,-54.388],[-72.528,-54.364],[-72.546,-54.346],[-72.494,-54.368],[-72.51,-54.344],[-72.406,-54.344],[-72.43,-54.324],[-72.286,-54.346]]],[[[-73.844,-53.126],[-73.822,-53.162],[-73.83,-53.168],[-73.77,-53.212],[-73.79,-53.208],[-73.796,-53.21],[-73.754,-53.222],[-73.782,-53.218],[-73.772,-53.244],[-73.842,-53.22],[-73.838,-53.196],[-73.902,-53.142],[-73.878,-53.18],[-73.912,-53.182],[-73.942,-53.144],[-73.97,-53.136],[-73.932,-53.11],[-73.844,-53.126]]],[[[-73.682,-53.55],[-73.656,-53.564],[-73.69,-53.574],[-73.652,-53.592],[-73.674,-53.588],[-73.662,-53.598],[-73.682,-53.61],[-73.696,-53.596],[-73.678,-53.584],[-73.704,-53.598],[-73.732,-53.572],[-73.768,-53.57],[-73.782,-53.556],[-73.774,-53.548],[-73.788,-53.554],[-73.784,-53.6],[-73.844,-53.61],[-73.86,-53.598],[-73.83,-53.592],[-73.814,-53.566],[-73.838,-53.576],[-73.85,-53.558],[-73.898,-53.556],[-73.86,-53.538],[-73.808,-53.554],[-73.84,-53.54],[-73.824,-53.526],[-73.788,-53.536],[-73.814,-53.522],[-73.746,-53.52],[-73.682,-53.55]]],[[[-72.046,-53.83],[-72.08,-53.876],[-72.054,-53.88],[-72.096,-53.876],[-72.072,-53.896],[-72.104,-53.922],[-72.218,-53.88],[-72.15,-53.828],[-72.046,-53.83]]],[[[-74.056,-53.27],[-74.072,-53.29],[-74.114,-53.288],[-74.098,-53.298],[-74.102,-53.33],[-74.132,-53.324],[-74.138,-53.34],[-74.192,-53.34],[-74.2,-53.354],[-74.282,-53.326],[-74.186,-53.292],[-74.158,-53.266],[-74.09,-53.254],[-74.056,-53.27]]],[[[-71.484,-54.262],[-71.482,-54.236],[-71.464,-54.23],[-71.396,-54.262],[-71.398,-54.288],[-71.428,-54.282],[-71.388,-54.328],[-71.462,-54.338],[-71.52,-54.318],[-71.5,-54.312],[-71.508,-54.23],[-71.484,-54.234],[-71.484,-54.262]]],[[[-72.41,-53.578],[-72.384,-53.57],[-72.298,-53.604],[-72.322,-53.626],[-72.268,-53.624],[-72.25,-53.654],[-72.286,-53.674],[-72.366,-53.652],[-72.428,-53.584],[-72.428,-53.564],[-72.398,-53.566],[-72.41,-53.578]]],[[[-72.286,-54.402],[-72.296,-54.414],[-72.252,-54.41],[-72.278,-54.434],[-72.242,-54.428],[-72.22,-54.458],[-72.262,-54.466],[-72.264,-54.446],[-72.304,-54.434],[-72.286,-54.472],[-72.33,-54.464],[-72.366,-54.418],[-72.346,-54.394],[-72.286,-54.402]]],[[[-73.302,-53.614],[-73.314,-53.62],[-73.278,-53.638],[-73.32,-53.642],[-73.374,-53.604],[-73.348,-53.636],[-73.39,-53.62],[-73.452,-53.648],[-73.486,-53.636],[-73.43,-53.626],[-73.424,-53.614],[-73.454,-53.622],[-73.464,-53.62],[-73.39,-53.594],[-73.302,-53.614]]],[[[-73.946,-53.17],[-73.972,-53.174],[-73.956,-53.192],[-73.99,-53.204],[-74.012,-53.172],[-74.032,-53.172],[-74.02,-53.196],[-74.036,-53.196],[-74.062,-53.184],[-74.074,-53.16],[-73.98,-53.14],[-73.946,-53.17]]],[[[-72.078,-54.376],[-72.122,-54.38],[-72.122,-54.39],[-72.086,-54.406],[-72.136,-54.41],[-72.14,-54.438],[-72.178,-54.42],[-72.178,-54.406],[-72.146,-54.398],[-72.146,-54.396],[-72.204,-54.408],[-72.204,-54.384],[-72.214,-54.394],[-72.234,-54.382],[-72.2,-54.368],[-72.128,-54.388],[-72.122,-54.366],[-72.078,-54.376]]],[[[-70.728,-52.908],[-70.784,-52.912],[-70.784,-52.89],[-70.75,-52.874],[-70.618,-52.838],[-70.728,-52.908]]],[[[-71.684,-54.29],[-71.66,-54.286],[-71.672,-54.294],[-71.65,-54.312],[-71.674,-54.322],[-71.736,-54.32],[-71.762,-54.292],[-71.688,-54.28],[-71.684,-54.29]]],[[[-71.646,-54.314],[-71.638,-54.318],[-71.644,-54.302],[-71.602,-54.326],[-71.674,-54.322],[-71.646,-54.314]]],[[[-72.178,-54.244],[-72.178,-54.252],[-72.192,-54.248],[-72.198,-54.25],[-72.198,-54.256],[-72.182,-54.252],[-72.176,-54.276],[-72.174,-54.264],[-72.154,-54.278],[-72.184,-54.294],[-72.164,-54.306],[-72.216,-54.292],[-72.202,-54.276],[-72.222,-54.224],[-72.194,-54.214],[-72.178,-54.244]]],[[[-72.252,-54.302],[-72.276,-54.314],[-72.254,-54.332],[-72.296,-54.334],[-72.352,-54.31],[-72.342,-54.29],[-72.252,-54.302]]],[[[-71.98,-54.248],[-72.01,-54.276],[-71.998,-54.288],[-72.058,-54.286],[-72.064,-54.268],[-72.09,-54.264],[-72.07,-54.244],[-71.98,-54.248]]],[[[-72.986,-54.49],[-73.036,-54.488],[-73.04,-54.472],[-73.04,-54.484],[-73.052,-54.482],[-73.05,-54.49],[-73.064,-54.488],[-73.074,-54.498],[-73.08,-54.5],[-73.082,-54.498],[-73.068,-54.466],[-72.956,-54.45],[-72.986,-54.49]]],[[[-71.218,-54.024],[-71.206,-54.068],[-71.18,-54.084],[-71.23,-54.096],[-71.246,-54.058],[-71.246,-54.02],[-71.218,-54.024]]],[[[-72.552,-54.134],[-72.556,-54.144],[-72.588,-54.162],[-72.606,-54.156],[-72.588,-54.15],[-72.592,-54.142],[-72.62,-54.16],[-72.646,-54.146],[-72.624,-54.136],[-72.648,-54.142],[-72.632,-54.132],[-72.628,-54.118],[-72.606,-54.112],[-72.552,-54.134]]],[[[-72.638,-54.128],[-72.64,-54.12],[-72.628,-54.118],[-72.638,-54.128]]],[[[-73.178,-53.93],[-73.178,-53.948],[-73.226,-53.966],[-73.246,-53.958],[-73.212,-53.95],[-73.214,-53.94],[-73.256,-53.954],[-73.23,-53.932],[-73.266,-53.95],[-73.244,-53.934],[-73.28,-53.944],[-73.26,-53.922],[-73.296,-53.94],[-73.26,-53.92],[-73.178,-53.93]]],[[[-74.296,-53.142],[-74.288,-53.166],[-74.328,-53.178],[-74.35,-53.182],[-74.372,-53.144],[-74.36,-53.126],[-74.296,-53.142]]],[[[-73.792,-53.496],[-73.794,-53.51],[-73.772,-53.512],[-73.84,-53.516],[-73.862,-53.496],[-73.83,-53.5],[-73.87,-53.478],[-73.836,-53.474],[-73.792,-53.496]]],[[[-73.17,-53.688],[-73.226,-53.726],[-73.288,-53.726],[-73.216,-53.716],[-73.194,-53.698],[-73.24,-53.714],[-73.282,-53.71],[-73.234,-53.686],[-73.258,-53.708],[-73.236,-53.706],[-73.216,-53.682],[-73.17,-53.688]]],[[[-73.828,-53.336],[-73.832,-53.354],[-73.822,-53.342],[-73.782,-53.35],[-73.786,-53.372],[-73.832,-53.376],[-73.862,-53.356],[-73.856,-53.346],[-73.884,-53.342],[-73.828,-53.336]]],[[[-73.812,-53.41],[-73.818,-53.426],[-73.826,-53.418],[-73.836,-53.418],[-73.834,-53.448],[-73.906,-53.424],[-73.882,-53.406],[-73.812,-53.41]]],[[[-73.09,-54.12],[-73.13,-54.148],[-73.114,-54.168],[-73.154,-54.158],[-73.142,-54.118],[-73.124,-54.102],[-73.09,-54.12]]],[[[-72.934,-54.206],[-72.934,-54.22],[-72.968,-54.234],[-73.012,-54.232],[-73.016,-54.222],[-72.956,-54.196],[-72.934,-54.206]]],[[[-72.478,-54.272],[-72.464,-54.28],[-72.474,-54.292],[-72.454,-54.296],[-72.494,-54.304],[-72.472,-54.296],[-72.508,-54.302],[-72.492,-54.284],[-72.568,-54.284],[-72.478,-54.272]]],[[[-73.424,-53.696],[-73.452,-53.712],[-73.474,-53.706],[-73.494,-53.728],[-73.516,-53.72],[-73.51,-53.696],[-73.482,-53.704],[-73.43,-53.684],[-73.424,-53.696]]],[[[-73.578,-53.65],[-73.588,-53.64],[-73.548,-53.624],[-73.556,-53.612],[-73.564,-53.604],[-73.532,-53.602],[-73.55,-53.616],[-73.548,-53.618],[-73.514,-53.614],[-73.498,-53.62],[-73.578,-53.65]]],[[[-72.632,-54.25],[-72.652,-54.254],[-72.648,-54.268],[-72.67,-54.26],[-72.686,-54.278],[-72.702,-54.276],[-72.696,-54.248],[-72.644,-54.236],[-72.632,-54.25]]],[[[-73.27,-53.384],[-73.23,-53.388],[-73.228,-53.402],[-73.246,-53.414],[-73.282,-53.402],[-73.296,-53.388],[-73.27,-53.386],[-73.318,-53.37],[-73.27,-53.384]]],[[[-74.236,-53.16],[-74.252,-53.186],[-74.296,-53.194],[-74.276,-53.148],[-74.236,-53.16]]],[[[-73.636,-53.39],[-73.622,-53.366],[-73.588,-53.382],[-73.614,-53.402],[-73.7,-53.368],[-73.636,-53.39]]],[[[-73.162,-53.696],[-73.168,-53.688],[-73.156,-53.694],[-73.162,-53.696]]],[[[-73.166,-53.7],[-73.16,-53.714],[-73.16,-53.718],[-73.186,-53.73],[-73.146,-53.728],[-73.146,-53.734],[-73.222,-53.748],[-73.19,-53.724],[-73.21,-53.726],[-73.168,-53.706],[-73.182,-53.704],[-73.162,-53.696],[-73.166,-53.7]]],[[[-73.622,-53.404],[-73.626,-53.428],[-73.684,-53.406],[-73.68,-53.392],[-73.622,-53.404]]],[[[-72.058,-54.452],[-72.118,-54.436],[-72.098,-54.414],[-72.078,-54.416],[-72.058,-54.452]]],[[[-73.244,-53.452],[-73.226,-53.472],[-73.286,-53.456],[-73.282,-53.442],[-73.244,-53.452]]],[[[-74.246,-53.306],[-74.282,-53.322],[-74.312,-53.308],[-74.258,-53.29],[-74.246,-53.306]]],[[[-73.684,-53.618],[-73.716,-53.628],[-73.744,-53.614],[-73.72,-53.612],[-73.748,-53.596],[-73.71,-53.598],[-73.684,-53.618]]],[[[-71.926,-54.398],[-71.978,-54.388],[-71.932,-54.378],[-71.906,-54.38],[-71.926,-54.398]]],[[[-73.358,-53.432],[-73.322,-53.442],[-73.338,-53.462],[-73.384,-53.454],[-73.356,-53.448],[-73.376,-53.446],[-73.358,-53.432]]],[[[-73.696,-53.424],[-73.7,-53.442],[-73.744,-53.434],[-73.732,-53.428],[-73.752,-53.406],[-73.696,-53.424]]],[[[-72.364,-54.264],[-72.352,-54.272],[-72.386,-54.294],[-72.398,-54.284],[-72.382,-54.27],[-72.416,-54.268],[-72.364,-54.264]]],[[[-72.378,-54.462],[-72.424,-54.456],[-72.402,-54.442],[-72.432,-54.446],[-72.378,-54.436],[-72.378,-54.462]]],[[[-72.074,-53.942],[-72.106,-53.924],[-72.104,-53.922],[-72.058,-53.904],[-72.05,-53.91],[-72.074,-53.942]]],[[[-73.326,-53.368],[-73.31,-53.382],[-73.348,-53.386],[-73.384,-53.37],[-73.326,-53.368]]],[[[-72.652,-54.144],[-72.67,-54.146],[-72.674,-54.128],[-72.688,-54.126],[-72.648,-54.114],[-72.652,-54.144]]],[[[-72.482,-54.124],[-72.488,-54.148],[-72.528,-54.162],[-72.522,-54.14],[-72.482,-54.124]]],[[[-74.174,-53.126],[-74.15,-53.14],[-74.198,-53.142],[-74.206,-53.118],[-74.174,-53.126]]],[[[-73.642,-53.23],[-73.61,-53.256],[-73.64,-53.24],[-73.654,-53.25],[-73.672,-53.246],[-73.672,-53.226],[-73.642,-53.23]]],[[[-73.288,-53.874],[-73.28,-53.88],[-73.296,-53.896],[-73.306,-53.892],[-73.29,-53.882],[-73.31,-53.89],[-73.31,-53.874],[-73.346,-53.874],[-73.32,-53.866],[-73.288,-53.874]]],[[[-72.11,-53.736],[-72.176,-53.728],[-72.166,-53.722],[-72.11,-53.736]]],[[[-73.642,-53.68],[-73.666,-53.682],[-73.648,-53.674],[-73.664,-53.668],[-73.646,-53.662],[-73.65,-53.642],[-73.618,-53.652],[-73.642,-53.68]]],[[[-73.252,-53.662],[-73.312,-53.662],[-73.28,-53.642],[-73.252,-53.662]]],[[[-73.074,-54.17],[-73.096,-54.182],[-73.102,-54.158],[-73.07,-54.142],[-73.074,-54.17]]],[[[-71.944,-54.372],[-71.996,-54.384],[-71.984,-54.36],[-71.944,-54.372]]],[[[-72.644,-54.33],[-72.698,-54.322],[-72.694,-54.314],[-72.644,-54.33]]],[[[-72.304,-53.994],[-72.326,-53.998],[-72.326,-53.98],[-72.3,-53.958],[-72.304,-53.994]]],[[[-73.056,-54.034],[-73.122,-54.036],[-73.116,-54.028],[-73.048,-54.024],[-73.056,-54.034]]],[[[-73.164,-54.11],[-73.166,-54.132],[-73.198,-54.136],[-73.182,-54.108],[-73.164,-54.11]]],[[[-73.248,-53.682],[-73.294,-53.678],[-73.266,-53.67],[-73.224,-53.67],[-73.248,-53.682]]],[[[-73.54,-53.564],[-73.558,-53.582],[-73.55,-53.59],[-73.576,-53.584],[-73.56,-53.574],[-73.574,-53.56],[-73.54,-53.564]]],[[[-72.082,-53.736],[-72.062,-53.758],[-72.094,-53.754],[-72.1,-53.734],[-72.082,-53.736]]],[[[-73.144,-53.408],[-73.164,-53.422],[-73.2,-53.422],[-73.144,-53.408]]],[[[-71.594,-54.29],[-71.568,-54.308],[-71.61,-54.302],[-71.626,-54.284],[-71.594,-54.29]]],[[[-73.622,-53.646],[-73.652,-53.634],[-73.622,-53.628],[-73.6,-53.63],[-73.622,-53.646]]],[[[-73.898,-53.208],[-73.898,-53.216],[-73.924,-53.214],[-73.956,-53.184],[-73.898,-53.208]]],[[[-73.354,-53.668],[-73.404,-53.658],[-73.38,-53.644],[-73.354,-53.668]]],[[[-71.134,-54.068],[-71.152,-54.056],[-71.128,-54.042],[-71.134,-54.068]]],[[[-73.318,-53.648],[-73.33,-53.652],[-73.322,-53.66],[-73.364,-53.646],[-73.318,-53.648]]],[[[-73.722,-53.294],[-73.718,-53.306],[-73.772,-53.282],[-73.722,-53.294]]],[[[-73.516,-53.126],[-73.486,-53.132],[-73.516,-53.15],[-73.526,-53.12],[-73.506,-53.12],[-73.516,-53.126]]],[[[-73.11,-53.81],[-73.082,-53.816],[-73.184,-53.812],[-73.11,-53.81]]],[[[-72.952,-53.972],[-72.974,-53.984],[-73.004,-53.972],[-72.952,-53.972]]],[[[-73.486,-53.75],[-73.518,-53.74],[-73.502,-53.732],[-73.482,-53.734],[-73.486,-53.75]]],[[[-73.03,-54.194],[-73.046,-54.184],[-73.03,-54.17],[-73.014,-54.17],[-73.03,-54.194]]],[[[-73.158,-53.92],[-73.204,-53.916],[-73.168,-53.912],[-73.14,-53.902],[-73.158,-53.92]]],[[[-73.066,-53.968],[-73.092,-53.96],[-73.06,-53.95],[-73.066,-53.968]]],[[[-73.538,-53.588],[-73.52,-53.576],[-73.502,-53.588],[-73.51,-53.602],[-73.524,-53.598],[-73.52,-53.594],[-73.53,-53.596],[-73.526,-53.59],[-73.538,-53.59],[-73.54,-53.59],[-73.538,-53.588]]],[[[-73.292,-53.456],[-73.286,-53.47],[-73.322,-53.46],[-73.292,-53.456]]],[[[-72.17,-54.322],[-72.188,-54.334],[-72.188,-54.322],[-72.17,-54.322]]],[[[-73.086,-53.916],[-73.116,-53.922],[-73.148,-53.936],[-73.114,-53.916],[-73.1,-53.916],[-73.086,-53.916]]],[[[-71.28,-54.384],[-71.314,-54.372],[-71.296,-54.37],[-71.268,-54.376],[-71.28,-54.384]]],[[[-72.274,-54.032],[-72.294,-54.032],[-72.276,-54.012],[-72.286,-54.006],[-72.274,-54.012],[-72.274,-54.032]]],[[[-72.18,-53.926],[-72.2,-53.91],[-72.198,-53.902],[-72.172,-53.912],[-72.18,-53.926]]],[[[-73.858,-53.106],[-73.856,-53.118],[-73.884,-53.1],[-73.858,-53.106]]],[[[-73.682,-53.55],[-73.712,-53.532],[-73.69,-53.532],[-73.674,-53.538],[-73.682,-53.55]]],[[[-70.27,-54.188],[-70.3,-54.178],[-70.284,-54.168],[-70.27,-54.188]]],[[[-74.504,-53.016],[-74.518,-53.01],[-74.536,-52.986],[-74.504,-53.016]]],[[[-72.422,-54.42],[-72.432,-54.412],[-72.41,-54.404],[-72.4,-54.412],[-72.422,-54.42]]],[[[-73.222,-53.436],[-73.21,-53.448],[-73.266,-53.43],[-73.222,-53.436]]],[[[-72.968,-53.946],[-72.956,-53.95],[-73.008,-53.944],[-72.968,-53.946]]],[[[-73.394,-53.774],[-73.356,-53.78],[-73.408,-53.778],[-73.394,-53.774]]],[[[-72.066,-54.31],[-72.078,-54.314],[-72.084,-54.29],[-72.066,-54.31]]],[[[-72.398,-54.176],[-72.404,-54.18],[-72.448,-54.18],[-72.398,-54.176]]],[[[-72.878,-54.16],[-72.914,-54.16],[-72.89,-54.152],[-72.902,-54.148],[-72.874,-54.15],[-72.878,-54.16]]],[[[-72.052,-54.234],[-72.074,-54.222],[-72.056,-54.22],[-72.038,-54.228],[-72.052,-54.234]]],[[[-72.754,-54.144],[-72.77,-54.148],[-72.77,-54.132],[-72.744,-54.126],[-72.754,-54.144]]],[[[-72.228,-54.228],[-72.25,-54.228],[-72.248,-54.212],[-72.228,-54.228]]],[[[-73.73,-53.59],[-73.776,-53.58],[-73.764,-53.576],[-73.73,-53.59]]],[[[-73.202,-53.858],[-73.206,-53.86],[-73.196,-53.86],[-73.228,-53.876],[-73.212,-53.858],[-73.224,-53.858],[-73.194,-53.852],[-73.202,-53.858]]],[[[-73.0,-53.94],[-73.03,-53.938],[-72.984,-53.926],[-73.0,-53.94]]],[[[-73.278,-53.694],[-73.32,-53.7],[-73.302,-53.694],[-73.312,-53.692],[-73.258,-53.686],[-73.278,-53.694]]],[[[-72.036,-53.872],[-72.042,-53.87],[-72.03,-53.856],[-72.014,-53.86],[-72.036,-53.872]]],[[[-73.144,-53.714],[-73.16,-53.714],[-73.154,-53.7],[-73.132,-53.704],[-73.144,-53.714]]],[[[-73.538,-53.754],[-73.564,-53.76],[-73.572,-53.76],[-73.528,-53.74],[-73.538,-53.754]]],[[[-73.094,-53.928],[-73.128,-53.944],[-73.116,-53.924],[-73.094,-53.928]]],[[[-72.68,-54.13],[-72.692,-54.15],[-72.704,-54.148],[-72.696,-54.134],[-72.692,-54.132],[-72.68,-54.13]]],[[[-73.256,-53.374],[-73.302,-53.366],[-73.276,-53.364],[-73.256,-53.374]]],[[[-73.312,-54.178],[-73.324,-54.178],[-73.328,-54.164],[-73.306,-54.164],[-73.312,-54.178]]],[[[-73.348,-53.356],[-73.342,-53.362],[-73.398,-53.354],[-73.348,-53.356]]],[[[-73.054,-54.176],[-73.068,-54.176],[-73.05,-54.154],[-73.038,-54.158],[-73.054,-54.176]]],[[[-72.128,-54.47],[-72.106,-54.474],[-72.128,-54.476],[-72.152,-54.46],[-72.128,-54.47]]],[[[-73.102,-54.058],[-73.11,-54.054],[-73.108,-54.04],[-73.08,-54.042],[-73.102,-54.058]]],[[[-73.272,-53.744],[-73.288,-53.74],[-73.24,-53.732],[-73.272,-53.744]]],[[[-73.294,-53.71],[-73.312,-53.708],[-73.274,-53.696],[-73.294,-53.71]]],[[[-74.338,-53.194],[-74.328,-53.178],[-74.318,-53.194],[-74.338,-53.194]]],[[[-72.0,-54.304],[-72.03,-54.296],[-72.012,-54.292],[-72.0,-54.304]]],[[[-74.312,-52.934],[-74.324,-52.914],[-74.306,-52.914],[-74.312,-52.934]]],[[[-73.14,-53.77],[-73.122,-53.78],[-73.154,-53.772],[-73.138,-53.766],[-73.14,-53.77]]],[[[-72.63,-54.348],[-72.644,-54.348],[-72.638,-54.334],[-72.63,-54.348]]],[[[-73.224,-53.772],[-73.224,-53.764],[-73.19,-53.764],[-73.224,-53.772]]],[[[-73.338,-53.568],[-73.374,-53.556],[-73.358,-53.554],[-73.338,-53.568]]],[[[-73.31,-53.84],[-73.324,-53.84],[-73.292,-53.826],[-73.31,-53.84]]],[[[-73.888,-53.232],[-73.902,-53.234],[-73.908,-53.22],[-73.888,-53.232]]],[[[-71.652,-54.254],[-71.678,-54.246],[-71.672,-54.24],[-71.652,-54.254]]],[[[-73.346,-53.838],[-73.368,-53.842],[-73.34,-53.824],[-73.346,-53.838]]],[[[-73.864,-53.204],[-73.882,-53.19],[-73.87,-53.184],[-73.864,-53.204]]],[[[-72.106,-54.156],[-72.132,-54.15],[-72.12,-54.146],[-72.106,-54.156]]],[[[-72.278,-54.396],[-72.288,-54.388],[-72.278,-54.376],[-72.278,-54.396]]],[[[-73.69,-53.722],[-73.714,-53.72],[-73.69,-53.71],[-73.674,-53.712],[-73.69,-53.722]]],[[[-72.018,-54.426],[-72.032,-54.426],[-72.02,-54.412],[-72.018,-54.426]]],[[[-72.994,-54.034],[-72.986,-54.036],[-72.992,-54.042],[-73.014,-54.044],[-72.996,-54.042],[-73.012,-54.04],[-72.996,-54.03],[-72.994,-54.034]]],[[[-73.704,-53.698],[-73.718,-53.7],[-73.706,-53.686],[-73.704,-53.698]]],[[[-72.382,-54.43],[-72.408,-54.42],[-72.394,-54.416],[-72.382,-54.43]]],[[[-73.264,-53.888],[-73.286,-53.9],[-73.292,-53.9],[-73.264,-53.888]]],[[[-74.316,-53.176],[-74.296,-53.172],[-74.302,-53.188],[-74.316,-53.176]]],[[[-72.86,-53.992],[-72.89,-53.984],[-72.888,-53.984],[-72.86,-53.992]]],[[[-73.93,-53.18],[-73.922,-53.188],[-73.954,-53.176],[-73.93,-53.18]]],[[[-72.894,-53.492],[-72.898,-53.494],[-72.92,-53.504],[-72.906,-53.484],[-72.894,-53.492]]],[[[-73.22,-53.892],[-73.258,-53.894],[-73.242,-53.886],[-73.22,-53.892]]],[[[-73.418,-53.642],[-73.414,-53.644],[-73.406,-53.642],[-73.402,-53.644],[-73.434,-53.648],[-73.418,-53.642]]],[[[-73.268,-53.58],[-73.276,-53.574],[-73.254,-53.568],[-73.268,-53.58]]],[[[-72.086,-54.312],[-72.088,-54.318],[-72.1,-54.306],[-72.094,-54.29],[-72.086,-54.312]]],[[[-72.266,-54.05],[-72.278,-54.052],[-72.268,-54.036],[-72.266,-54.05]]],[[[-74.288,-52.946],[-74.304,-52.946],[-74.304,-52.932],[-74.288,-52.946]]],[[[-73.532,-53.384],[-73.532,-53.388],[-73.56,-53.382],[-73.532,-53.384]]],[[[-73.384,-53.34],[-73.41,-53.34],[-73.41,-53.326],[-73.384,-53.34]]],[[[-72.248,-54.022],[-72.26,-54.02],[-72.244,-54.004],[-72.248,-54.022]]],[[[-72.266,-54.262],[-72.278,-54.264],[-72.276,-54.244],[-72.266,-54.262]]],[[[-73.416,-53.356],[-73.424,-53.346],[-73.414,-53.342],[-73.398,-53.346],[-73.416,-53.356]]],[[[-73.472,-53.694],[-73.48,-53.69],[-73.472,-53.68],[-73.456,-53.68],[-73.472,-53.694]]],[[[-73.984,-53.122],[-73.996,-53.116],[-73.982,-53.108],[-73.974,-53.116],[-73.984,-53.122]]],[[[-72.886,-53.908],[-72.892,-53.906],[-72.87,-53.89],[-72.886,-53.908]]],[[[-73.12,-54.026],[-73.128,-54.024],[-73.11,-54.016],[-73.12,-54.026]]],[[[-72.416,-54.28],[-72.44,-54.284],[-72.422,-54.268],[-72.416,-54.28]]],[[[-72.236,-53.872],[-72.252,-53.864],[-72.218,-53.862],[-72.236,-53.872]]],[[[-72.534,-54.262],[-72.558,-54.272],[-72.554,-54.262],[-72.534,-54.262]]],[[[-72.774,-53.502],[-72.778,-53.5],[-72.756,-53.49],[-72.774,-53.502]]],[[[-73.644,-53.58],[-73.658,-53.572],[-73.652,-53.568],[-73.634,-53.572],[-73.644,-53.58]]],[[[-73.076,-54.058],[-73.092,-54.056],[-73.08,-54.044],[-73.076,-54.058]]],[[[-72.328,-54.02],[-72.338,-54.02],[-72.336,-54.004],[-72.328,-54.02]]],[[[-73.252,-53.888],[-73.264,-53.886],[-73.262,-53.878],[-73.244,-53.88],[-73.252,-53.888]]],[[[-72.292,-54.014],[-72.298,-54.016],[-72.3,-54.0],[-72.292,-54.014]]],[[[-71.004,-54.336],[-71.016,-54.326],[-71.006,-54.324],[-71.004,-54.336]]],[[[-72.14,-54.488],[-72.154,-54.486],[-72.152,-54.474],[-72.14,-54.488]]],[[[-73.032,-53.852],[-73.044,-53.846],[-73.03,-53.842],[-73.02,-53.844],[-73.032,-53.852]]],[[[-73.018,-54.032],[-73.05,-54.038],[-73.044,-54.028],[-73.018,-54.032]]],[[[-72.79,-54.298],[-72.802,-54.304],[-72.806,-54.292],[-72.79,-54.298]]],[[[-72.638,-54.268],[-72.646,-54.26],[-72.64,-54.254],[-72.626,-54.258],[-72.638,-54.268]]],[[[-72.53,-54.092],[-72.534,-54.1],[-72.546,-54.078],[-72.53,-54.092]]],[[[-71.996,-54.422],[-72.008,-54.424],[-72.008,-54.412],[-71.996,-54.422]]],[[[-73.344,-53.912],[-73.358,-53.916],[-73.352,-53.902],[-73.334,-53.902],[-73.344,-53.912]]],[[[-73.724,-53.208],[-73.728,-53.202],[-73.708,-53.194],[-73.724,-53.208]]],[[[-73.51,-53.76],[-73.538,-53.764],[-73.522,-53.75],[-73.51,-53.76]]],[[[-73.118,-53.716],[-73.134,-53.712],[-73.126,-53.702],[-73.114,-53.706],[-73.118,-53.716]]],[[[-72.992,-53.922],[-73.02,-53.922],[-73.018,-53.918],[-72.992,-53.922]]],[[[-71.79,-54.314],[-71.802,-54.314],[-71.81,-54.306],[-71.79,-54.314]]],[[[-72.982,-53.716],[-73.012,-53.71],[-73.006,-53.708],[-72.982,-53.716]]],[[[-72.268,-54.366],[-72.294,-54.374],[-72.268,-54.36],[-72.268,-54.366]]],[[[-73.178,-53.806],[-73.206,-53.806],[-73.184,-53.8],[-73.178,-53.806]]],[[[-73.254,-53.488],[-73.272,-53.48],[-73.26,-53.478],[-73.254,-53.488]]],[[[-73.302,-53.586],[-73.298,-53.59],[-73.318,-53.578],[-73.302,-53.586]]],[[[-71.782,-54.292],[-71.798,-54.29],[-71.778,-54.282],[-71.782,-54.292]]],[[[-72.576,-54.254],[-72.594,-54.25],[-72.576,-54.244],[-72.576,-54.254]]],[[[-72.952,-53.93],[-72.986,-53.932],[-72.972,-53.926],[-72.952,-53.93]]],[[[-72.352,-53.99],[-72.372,-53.988],[-72.366,-53.98],[-72.352,-53.99]]],[[[-73.37,-53.634],[-73.354,-53.642],[-73.392,-53.63],[-73.37,-53.634]]],[[[-73.876,-53.2],[-73.878,-53.212],[-73.896,-53.196],[-73.876,-53.2]]],[[[-70.978,-54.316],[-71.0,-54.31],[-70.988,-54.306],[-70.978,-54.316]]],[[[-73.294,-53.576],[-73.286,-53.584],[-73.314,-53.574],[-73.294,-53.576]]],[[[-74.2,-53.184],[-74.202,-53.182],[-74.186,-53.176],[-74.174,-53.184],[-74.2,-53.184]]],[[[-73.756,-53.4],[-73.758,-53.392],[-73.754,-53.39],[-73.738,-53.396],[-73.756,-53.4]]],[[[-73.24,-53.382],[-73.27,-53.378],[-73.256,-53.374],[-73.24,-53.382]]],[[[-70.508,-54.054],[-70.498,-54.058],[-70.516,-54.056],[-70.522,-54.046],[-70.508,-54.054]]],[[[-73.62,-53.32],[-73.616,-53.316],[-73.608,-53.32],[-73.624,-53.324],[-73.62,-53.32]]],[[[-73.064,-53.372],[-73.08,-53.374],[-73.068,-53.364],[-73.064,-53.372]]],[[[-73.312,-53.672],[-73.324,-53.668],[-73.304,-53.664],[-73.294,-53.666],[-73.312,-53.672]]],[[[-72.216,-53.904],[-72.232,-53.898],[-72.218,-53.894],[-72.216,-53.904]]],[[[-72.244,-53.898],[-72.256,-53.89],[-72.25,-53.888],[-72.244,-53.898]]],[[[-72.168,-54.236],[-72.176,-54.23],[-72.168,-54.226],[-72.168,-54.236]]],[[[-72.722,-54.168],[-72.73,-54.168],[-72.728,-54.16],[-72.712,-54.16],[-72.722,-54.168]]],[[[-74.54,-52.974],[-74.548,-52.968],[-74.532,-52.966],[-74.54,-52.974]]],[[[-72.142,-54.294],[-72.14,-54.304],[-72.148,-54.29],[-72.142,-54.294]]],[[[-72.344,-54.056],[-72.346,-54.052],[-72.324,-54.048],[-72.344,-54.056]]],[[[-72.034,-53.894],[-72.048,-53.894],[-72.048,-53.888],[-72.034,-53.894]]],[[[-72.592,-54.168],[-72.598,-54.166],[-72.588,-54.162],[-72.564,-54.156],[-72.592,-54.168]]],[[[-72.914,-53.97],[-72.926,-53.96],[-72.924,-53.96],[-72.904,-53.962],[-72.914,-53.97]]],[[[-73.076,-53.948],[-73.086,-53.948],[-73.078,-53.938],[-73.066,-53.942],[-73.076,-53.948]]],[[[-73.306,-53.934],[-73.282,-53.924],[-73.288,-53.93],[-73.306,-53.934]]],[[[-72.288,-54.226],[-72.304,-54.228],[-72.292,-54.218],[-72.288,-54.226]]],[[[-72.508,-54.02],[-72.524,-54.014],[-72.506,-54.008],[-72.508,-54.02]]],[[[-73.144,-53.724],[-73.152,-53.72],[-73.134,-53.712],[-73.144,-53.724]]]]}},{"type":"Feature","properties":{"codigo_region":"12","codigo_comuna":"12102","nombre_comuna":"Laguna Blanca","nombre_comuna_clean":"laguna blanca","nombre_region":"Región de Magallanes y Antártica Chilena"},"geometry":{"type":"Polygon","coordinates":[[[-70.916,-52.054],[-70.914,-52.708],[-70.954,-52.742],[-71.002,-52.75],[-71.048,-52.718],[-71.082,-52.74],[-71.158,-52.74],[-71.182,-52.734],[-71.18,-52.708],[-71.198,-52.748],[-71.148,-52.754],[-71.184,-52.766],[-71.184,-52.81],[-71.216,-52.814],[-71.252,-52.792],[-71.306,-52.804],[-71.292,-52.762],[-71.318,-52.722],[-71.318,-52.536],[-71.448,-52.536],[-71.448,-52.444],[-71.666,-52.444],[-71.646,-52.062],[-71.682,-52.048],[-71.682,-52.0],[-70.862,-52.0],[-70.86,-52.06],[-70.916,-52.054]]]}},{"type":"Feature","properties":{"codigo_region":"12","codigo_comuna":"12103","nombre_comuna":"Río Verde","nombre_comuna_clean":"rio verde","nombre_region":"Región de Magallanes y Antártica Chilena"},"geometry":{"type":"MultiPolygon","coordinates":[[[[-71.396,-52.722],[-71.402,-52.746],[-71.422,-52.734],[-71.43,-52.74],[-71.398,-52.78],[-71.402,-52.802],[-71.388,-52.796],[-71.41,-52.834],[-71.488,-52.838],[-71.572,-52.888],[-71.672,-52.914],[-71.842,-52.982],[-71.86,-53.002],[-71.908,-53.002],[-71.944,-53.062],[-71.962,-53.058],[-71.96,-53.078],[-71.978,-53.078],[-71.982,-53.102],[-72.022,-53.108],[-72.004,-53.12],[-72.034,-53.136],[-72.13,-53.146],[-72.218,-53.072],[-72.248,-53.058],[-72.278,-53.064],[-72.316,-53.042],[-72.358,-53.038],[-72.244,-53.086],[-72.236,-53.1],[-72.272,-53.086],[-72.29,-53.094],[-72.232,-53.108],[-72.234,-53.126],[-72.256,-53.106],[-72.294,-53.102],[-72.292,-53.086],[-72.362,-53.072],[-72.402,-53.04],[-72.392,-53.058],[-72.418,-53.07],[-72.5,-53.068],[-72.564,-53.084],[-72.604,-53.074],[-72.564,-53.092],[-72.496,-53.074],[-72.442,-53.094],[-72.382,-53.086],[-72.326,-53.12],[-72.352,-53.134],[-72.27,-53.16],[-72.272,-53.146],[-72.258,-53.148],[-72.274,-53.14],[-72.246,-53.144],[-72.236,-53.152],[-72.254,-53.158],[-72.204,-53.194],[-72.268,-53.214],[-72.296,-53.196],[-72.344,-53.2],[-72.364,-53.18],[-72.402,-53.2],[-72.354,-53.2],[-72.318,-53.224],[-72.36,-53.24],[-72.432,-53.226],[-72.422,-53.214],[-72.444,-53.192],[-72.488,-53.202],[-72.522,-53.188],[-72.518,-53.202],[-72.444,-53.236],[-72.458,-53.24],[-72.54,-53.218],[-72.528,-53.2],[-72.54,-53.2],[-72.534,-53.19],[-72.544,-53.18],[-72.546,-53.202],[-72.622,-53.196],[-72.566,-53.208],[-72.526,-53.24],[-72.42,-53.258],[-72.462,-53.278],[-72.446,-53.284],[-72.482,-53.31],[-72.534,-53.268],[-72.558,-53.272],[-72.534,-53.272],[-72.538,-53.29],[-72.52,-53.3],[-72.536,-53.32],[-72.508,-53.35],[-72.542,-53.378],[-72.61,-53.38],[-72.644,-53.344],[-72.678,-53.346],[-72.622,-53.384],[-72.63,-53.39],[-72.582,-53.4],[-72.616,-53.438],[-72.556,-53.394],[-72.52,-53.402],[-72.476,-53.464],[-72.386,-53.524],[-72.39,-53.534],[-72.556,-53.538],[-72.532,-53.5],[-72.576,-53.52],[-72.594,-53.51],[-72.578,-53.508],[-72.584,-53.496],[-72.652,-53.486],[-72.604,-53.464],[-72.656,-53.48],[-72.682,-53.47],[-72.668,-53.468],[-72.666,-53.464],[-72.724,-53.46],[-72.766,-53.424],[-72.762,-53.398],[-72.784,-53.404],[-72.79,-53.436],[-72.816,-53.42],[-72.814,-53.4],[-72.796,-53.396],[-72.814,-53.384],[-72.802,-53.376],[-72.818,-53.382],[-72.81,-53.394],[-72.816,-53.396],[-72.908,-53.384],[-72.876,-53.354],[-72.936,-53.364],[-72.98,-53.334],[-72.972,-53.324],[-72.996,-53.324],[-73.0,-53.306],[-73.02,-53.31],[-73.048,-53.282],[-73.038,-53.308],[-73.066,-53.288],[-73.172,-53.268],[-73.16,-53.234],[-73.194,-53.256],[-73.26,-53.208],[-73.218,-53.228],[-73.206,-53.218],[-73.314,-53.166],[-73.298,-53.156],[-73.246,-53.174],[-73.26,-53.18],[-73.162,-53.182],[-73.122,-53.212],[-73.12,-53.192],[-73.088,-53.176],[-73.042,-53.176],[-73.024,-53.198],[-73.026,-53.172],[-73.012,-53.17],[-72.966,-53.186],[-72.972,-53.19],[-72.97,-53.202],[-72.958,-53.186],[-72.966,-53.174],[-72.938,-53.174],[-72.904,-53.19],[-72.926,-53.214],[-72.884,-53.198],[-72.85,-53.21],[-72.852,-53.226],[-72.826,-53.216],[-72.752,-53.244],[-72.752,-53.262],[-72.772,-53.26],[-72.75,-53.294],[-72.768,-53.312],[-72.752,-53.314],[-72.74,-53.296],[-72.72,-53.302],[-72.736,-53.264],[-72.698,-53.266],[-72.682,-53.26],[-72.854,-53.19],[-72.816,-53.194],[-72.828,-53.186],[-72.81,-53.182],[-72.716,-53.208],[-72.756,-53.188],[-72.736,-53.186],[-72.748,-53.164],[-72.804,-53.162],[-72.774,-53.158],[-72.786,-53.148],[-72.704,-53.17],[-72.72,-53.158],[-72.66,-53.166],[-72.66,-53.156],[-72.716,-53.146],[-72.732,-53.11],[-72.738,-53.138],[-72.786,-53.136],[-72.794,-53.118],[-72.846,-53.158],[-72.922,-53.13],[-72.942,-53.106],[-72.972,-53.11],[-72.962,-53.098],[-72.93,-53.106],[-72.848,-53.036],[-72.864,-53.03],[-72.898,-53.056],[-72.92,-53.052],[-72.946,-53.016],[-72.914,-53.004],[-72.938,-52.954],[-72.962,-52.938],[-72.902,-52.92],[-73.012,-52.856],[-72.948,-52.838],[-72.906,-52.844],[-72.814,-52.794],[-72.78,-52.786],[-72.82,-52.822],[-72.804,-52.826],[-72.682,-52.724],[-72.652,-52.738],[-72.652,-52.758],[-72.628,-52.748],[-72.602,-52.77],[-72.61,-52.806],[-72.716,-52.868],[-72.718,-52.906],[-72.694,-52.908],[-72.68,-52.864],[-72.576,-52.804],[-72.522,-52.808],[-72.576,-52.834],[-72.544,-52.83],[-72.588,-52.862],[-72.48,-52.826],[-72.464,-52.832],[-72.444,-52.886],[-72.422,-52.882],[-72.442,-52.86],[-72.432,-52.82],[-72.376,-52.784],[-72.298,-52.76],[-72.254,-52.714],[-72.204,-52.704],[-72.194,-52.668],[-72.172,-52.67],[-72.166,-52.648],[-72.13,-52.67],[-72.09,-52.656],[-72.05,-52.682],[-72.006,-52.67],[-72.0,-52.646],[-71.968,-52.648],[-71.94,-52.68],[-71.798,-52.702],[-71.668,-52.696],[-71.482,-52.646],[-71.396,-52.722]]],[[[-73.384,-53.046],[-73.448,-53.022],[-73.374,-52.998],[-73.32,-53.016],[-73.284,-53.01],[-73.388,-52.98],[-73.336,-52.976],[-73.32,-52.954],[-73.284,-52.97],[-73.294,-52.954],[-73.234,-52.982],[-73.274,-52.952],[-73.23,-52.95],[-73.24,-52.944],[-73.224,-52.92],[-73.146,-52.922],[-73.174,-52.904],[-73.236,-52.918],[-73.248,-52.936],[-73.272,-52.938],[-73.308,-52.92],[-73.282,-52.904],[-73.276,-52.894],[-73.31,-52.9],[-73.296,-52.908],[-73.33,-52.922],[-73.348,-52.902],[-73.362,-52.9],[-73.364,-52.876],[-73.448,-52.868],[-73.432,-52.88],[-73.44,-52.88],[-73.574,-52.812],[-73.522,-52.792],[-73.526,-52.798],[-73.496,-52.804],[-73.518,-52.798],[-73.494,-52.792],[-73.422,-52.82],[-73.472,-52.836],[-73.476,-52.844],[-73.414,-52.826],[-73.392,-52.796],[-73.358,-52.812],[-73.392,-52.846],[-73.358,-52.816],[-73.314,-52.834],[-73.316,-52.812],[-73.298,-52.8],[-73.26,-52.806],[-73.26,-52.812],[-73.254,-52.826],[-73.248,-52.83],[-73.254,-52.812],[-73.214,-52.812],[-73.194,-52.788],[-73.244,-52.806],[-73.256,-52.786],[-73.234,-52.792],[-73.25,-52.762],[-73.268,-52.782],[-73.3,-52.786],[-73.29,-52.726],[-73.268,-52.73],[-73.282,-52.736],[-73.268,-52.762],[-73.256,-52.75],[-73.266,-52.742],[-73.24,-52.72],[-73.246,-52.706],[-73.234,-52.704],[-73.232,-52.702],[-73.222,-52.7],[-73.222,-52.698],[-73.252,-52.702],[-73.236,-52.674],[-73.22,-52.686],[-73.222,-52.666],[-73.166,-52.678],[-73.124,-52.664],[-73.142,-52.626],[-73.114,-52.602],[-73.12,-52.584],[-73.062,-52.588],[-73.106,-52.576],[-73.1,-52.536],[-73.018,-52.53],[-72.956,-52.556],[-72.922,-52.544],[-72.916,-52.552],[-72.936,-52.552],[-72.862,-52.572],[-72.93,-52.506],[-72.734,-52.434],[-72.618,-52.46],[-72.672,-52.438],[-72.63,-52.44],[-72.558,-52.488],[-72.518,-52.45],[-72.546,-52.462],[-72.582,-52.438],[-72.608,-52.446],[-72.676,-52.414],[-72.636,-52.4],[-72.624,-52.418],[-72.586,-52.402],[-72.598,-52.382],[-72.588,-52.376],[-72.57,-52.39],[-72.544,-52.366],[-72.038,-52.366],[-72.038,-52.34],[-71.662,-52.338],[-71.666,-52.444],[-71.448,-52.444],[-71.448,-52.536],[-71.318,-52.536],[-71.318,-52.722],[-71.292,-52.762],[-71.306,-52.804],[-71.342,-52.81],[-71.374,-52.8],[-71.396,-52.76],[-71.384,-52.72],[-71.472,-52.64],[-71.5,-52.632],[-71.51,-52.604],[-71.56,-52.562],[-71.636,-52.578],[-71.922,-52.544],[-71.968,-52.56],[-72.028,-52.546],[-72.034,-52.564],[-72.12,-52.518],[-72.138,-52.544],[-72.156,-52.522],[-72.196,-52.538],[-72.212,-52.53],[-72.238,-52.552],[-72.28,-52.528],[-72.288,-52.54],[-72.322,-52.532],[-72.354,-52.548],[-72.352,-52.58],[-72.444,-52.63],[-72.4,-52.628],[-72.432,-52.676],[-72.562,-52.602],[-72.49,-52.556],[-72.382,-52.556],[-72.376,-52.534],[-72.402,-52.508],[-72.494,-52.554],[-72.522,-52.546],[-72.572,-52.59],[-72.658,-52.558],[-72.608,-52.524],[-72.772,-52.578],[-72.864,-52.542],[-72.838,-52.554],[-72.872,-52.554],[-72.842,-52.574],[-72.898,-52.584],[-72.858,-52.6],[-72.874,-52.6],[-72.866,-52.608],[-72.93,-52.588],[-72.872,-52.62],[-72.898,-52.634],[-72.902,-52.67],[-72.962,-52.708],[-72.958,-52.73],[-72.994,-52.756],[-72.94,-52.722],[-72.856,-52.618],[-72.786,-52.622],[-72.81,-52.64],[-72.81,-52.648],[-72.756,-52.624],[-72.742,-52.632],[-72.774,-52.65],[-72.74,-52.636],[-72.672,-52.68],[-72.872,-52.818],[-72.886,-52.822],[-72.938,-52.792],[-72.92,-52.814],[-73.008,-52.85],[-73.012,-52.856],[-73.012,-52.858],[-73.04,-52.852],[-72.934,-52.914],[-72.976,-52.942],[-72.958,-52.97],[-72.97,-52.98],[-72.952,-52.976],[-72.94,-53.002],[-72.964,-53.006],[-72.97,-53.02],[-72.95,-53.034],[-72.974,-53.046],[-72.986,-53.074],[-73.006,-53.078],[-73.042,-53.042],[-73.026,-53.074],[-73.138,-53.114],[-73.126,-53.1],[-73.182,-53.062],[-73.16,-53.03],[-73.144,-53.032],[-73.148,-53.044],[-73.134,-53.026],[-73.2,-53.018],[-73.178,-53.034],[-73.214,-53.036],[-73.184,-53.046],[-73.204,-53.064],[-73.2,-53.08],[-73.186,-53.088],[-73.17,-53.09],[-73.162,-53.096],[-73.212,-53.112],[-73.244,-53.098],[-73.242,-53.086],[-73.25,-53.098],[-73.334,-53.082],[-73.32,-53.072],[-73.34,-53.072],[-73.328,-53.062],[-73.376,-53.07],[-73.34,-53.046],[-73.382,-53.06],[-73.394,-53.054],[-73.372,-53.04],[-73.392,-53.038],[-73.384,-53.046]]],[[[-72.824,-52.592],[-72.84,-52.602],[-72.858,-52.6],[-72.824,-52.592]]],[[[-73.75,-52.876],[-73.728,-52.866],[-73.732,-52.872],[-73.7,-52.878],[-73.684,-52.876],[-73.728,-52.868],[-73.71,-52.864],[-73.646,-52.882],[-73.69,-52.862],[-73.646,-52.858],[-73.564,-52.888],[-73.628,-52.85],[-73.604,-52.832],[-73.552,-52.862],[-73.424,-52.892],[-73.406,-52.88],[-73.33,-52.926],[-73.372,-52.912],[-73.336,-52.938],[-73.378,-52.952],[-73.36,-52.964],[-73.41,-52.972],[-73.498,-52.946],[-73.472,-52.922],[-73.412,-52.932],[-73.474,-52.908],[-73.538,-52.894],[-73.556,-52.912],[-73.538,-52.914],[-73.54,-52.916],[-73.56,-52.914],[-73.582,-52.908],[-73.612,-52.892],[-73.626,-52.898],[-73.614,-52.912],[-73.626,-52.902],[-73.652,-52.92],[-73.706,-52.906],[-73.72,-52.922],[-73.8,-52.924],[-73.768,-52.91],[-73.782,-52.906],[-73.77,-52.9],[-73.728,-52.914],[-73.74,-52.904],[-73.728,-52.9],[-73.732,-52.884],[-73.756,-52.88],[-73.734,-52.876],[-73.75,-52.876]]],[[[-72.37,-52.734],[-72.382,-52.764],[-72.462,-52.79],[-72.484,-52.782],[-72.48,-52.768],[-72.492,-52.752],[-72.484,-52.744],[-72.406,-52.722],[-72.37,-52.734]]],[[[-73.48,-52.972],[-73.536,-52.96],[-73.552,-52.988],[-73.592,-52.996],[-73.592,-52.982],[-73.556,-52.968],[-73.586,-52.968],[-73.582,-52.954],[-73.542,-52.932],[-73.48,-52.972]]],[[[-72.608,-52.616],[-72.582,-52.634],[-72.654,-52.638],[-72.658,-52.61],[-72.608,-52.616]]],[[[-72.266,-52.598],[-72.234,-52.582],[-72.232,-52.594],[-72.26,-52.618],[-72.294,-52.58],[-72.266,-52.598]]],[[[-73.776,-52.888],[-73.806,-52.896],[-73.788,-52.908],[-73.838,-52.898],[-73.832,-52.882],[-73.776,-52.888]]],[[[-73.408,-52.788],[-73.398,-52.798],[-73.418,-52.816],[-73.44,-52.804],[-73.43,-52.794],[-73.462,-52.774],[-73.408,-52.788]]],[[[-72.53,-52.746],[-72.56,-52.766],[-72.582,-52.76],[-72.578,-52.74],[-72.53,-52.746]]],[[[-72.32,-52.69],[-72.354,-52.688],[-72.336,-52.664],[-72.314,-52.666],[-72.32,-52.69]]],[[[-73.274,-53.13],[-73.238,-53.148],[-73.316,-53.14],[-73.28,-53.138],[-73.29,-53.128],[-73.274,-53.13]]],[[[-71.84,-53.102],[-71.862,-53.104],[-71.862,-53.082],[-71.836,-53.076],[-71.84,-53.102]]],[[[-72.492,-53.338],[-72.524,-53.318],[-72.51,-53.306],[-72.49,-53.316],[-72.492,-53.338]]],[[[-72.622,-52.584],[-72.678,-52.582],[-72.664,-52.572],[-72.622,-52.584]]],[[[-72.514,-52.804],[-72.538,-52.78],[-72.514,-52.778],[-72.514,-52.804]]],[[[-73.466,-52.792],[-73.452,-52.798],[-73.516,-52.784],[-73.48,-52.776],[-73.466,-52.792]]],[[[-73.234,-53.162],[-73.226,-53.17],[-73.276,-53.154],[-73.234,-53.162]]],[[[-72.46,-53.218],[-72.494,-53.204],[-72.488,-53.202],[-72.472,-53.202],[-72.46,-53.218]]],[[[-71.844,-53.132],[-71.856,-53.112],[-71.844,-53.11],[-71.844,-53.132]]],[[[-73.276,-52.8],[-73.288,-52.786],[-73.268,-52.786],[-73.26,-52.802],[-73.276,-52.8]]],[[[-73.334,-53.126],[-73.304,-53.132],[-73.352,-53.126],[-73.34,-53.122],[-73.334,-53.126]]],[[[-72.888,-52.828],[-72.922,-52.824],[-72.902,-52.816],[-72.888,-52.828]]],[[[-73.43,-53.044],[-73.43,-53.048],[-73.466,-53.028],[-73.43,-53.044]]],[[[-72.546,-52.782],[-72.554,-52.776],[-72.544,-52.768],[-72.52,-52.77],[-72.546,-52.782]]],[[[-73.43,-53.004],[-73.44,-53.002],[-73.422,-52.994],[-73.398,-52.996],[-73.43,-53.004]]],[[[-72.28,-52.572],[-72.292,-52.576],[-72.296,-52.562],[-72.28,-52.572]]],[[[-73.5,-52.906],[-73.49,-52.912],[-73.494,-52.912],[-73.528,-52.906],[-73.5,-52.906]]],[[[-72.676,-52.572],[-72.71,-52.578],[-72.688,-52.566],[-72.676,-52.572]]],[[[-72.11,-52.552],[-72.112,-52.53],[-72.102,-52.536],[-72.11,-52.552]]],[[[-72.49,-52.778],[-72.506,-52.766],[-72.502,-52.762],[-72.49,-52.778]]],[[[-72.476,-52.79],[-72.482,-52.796],[-72.478,-52.796],[-72.486,-52.802],[-72.496,-52.788],[-72.476,-52.79]]],[[[-73.424,-52.986],[-73.424,-52.988],[-73.432,-52.992],[-73.454,-52.99],[-73.424,-52.986]]],[[[-73.456,-52.92],[-73.484,-52.918],[-73.494,-52.912],[-73.456,-52.92]]],[[[-72.608,-52.734],[-72.63,-52.738],[-72.624,-52.732],[-72.608,-52.734]]],[[[-72.34,-53.098],[-72.362,-53.09],[-72.348,-53.09],[-72.34,-53.098]]],[[[-72.518,-52.832],[-72.532,-52.838],[-72.524,-52.828],[-72.506,-52.826],[-72.518,-52.832]]],[[[-72.11,-52.574],[-72.11,-52.556],[-72.102,-52.562],[-72.11,-52.574]]],[[[-73.466,-52.998],[-73.488,-52.994],[-73.466,-52.992],[-73.466,-52.998]]],[[[-73.01,-53.11],[-73.02,-53.104],[-73.014,-53.102],[-73.01,-53.11]]],[[[-73.482,-53.008],[-73.478,-53.014],[-73.502,-53.01],[-73.482,-53.008]]],[[[-72.726,-53.152],[-72.732,-53.15],[-72.704,-53.15],[-72.726,-53.152]]],[[[-72.954,-53.096],[-72.958,-53.092],[-72.942,-53.084],[-72.954,-53.096]]],[[[-72.966,-53.174],[-72.974,-53.168],[-72.958,-53.164],[-72.966,-53.174]]],[[[-73.216,-53.158],[-73.242,-53.154],[-73.238,-53.15],[-73.216,-53.158]]]]}},{"type":"Feature","properties":{"codigo_region":"12","codigo_comuna":"12104","nombre_comuna":"San Gregorio","nombre_comuna_clean":"san gregorio","nombre_region":"Región de Magallanes y Antártica Chilena"},"geometry":{"type":"Polygon","coordinates":[[[-69.996,-52.0],[-69.486,-52.152],[-69.19,-52.15],[-68.986,-52.204],[-68.838,-52.278],[-68.586,-52.306],[-68.574,-52.326],[-68.418,-52.332],[-68.418,-52.386],[-68.434,-52.398],[-68.45,-52.36],[-68.486,-52.34],[-68.564,-52.344],[-68.696,-52.314],[-68.784,-52.322],[-68.924,-52.304],[-68.978,-52.29],[-69.076,-52.222],[-69.17,-52.194],[-69.222,-52.198],[-69.348,-52.254],[-69.466,-52.274],[-69.486,-52.36],[-69.47,-52.382],[-69.492,-52.394],[-69.488,-52.396],[-69.476,-52.396],[-69.504,-52.398],[-69.516,-52.392],[-69.528,-52.404],[-69.502,-52.414],[-69.546,-52.408],[-69.556,-52.44],[-69.542,-52.454],[-69.67,-52.54],[-69.782,-52.536],[-69.786,-52.522],[-69.854,-52.488],[-70.022,-52.558],[-70.166,-52.59],[-70.212,-52.652],[-70.32,-52.64],[-70.336,-52.654],[-70.324,-52.658],[-70.338,-52.662],[-70.362,-52.658],[-70.494,-52.716],[-70.562,-52.72],[-70.524,-52.694],[-70.528,-52.684],[-70.502,-52.678],[-70.516,-52.66],[-70.59,-52.686],[-70.552,-52.7],[-70.594,-52.716],[-70.626,-52.704],[-70.7,-52.736],[-70.692,-52.744],[-70.712,-52.76],[-70.704,-52.742],[-70.726,-52.748],[-70.728,-52.722],[-70.746,-52.71],[-70.768,-52.742],[-70.824,-52.76],[-70.838,-52.752],[-70.828,-52.736],[-70.848,-52.736],[-70.842,-52.72],[-70.878,-52.734],[-70.916,-52.712],[-70.916,-52.054],[-70.86,-52.06],[-70.854,-52.0],[-69.996,-52.0]]]}},{"type":"Feature","properties":{"codigo_region":"12","codigo_comuna":"12201","nombre_comuna":"Cabo de Hornos","nombre_comuna_clean":"cabo de hornos","nombre_region":"Región de Magallanes y Antártica Chilena"},"geometry":{"type":"MultiPolygon","coordinates":[[[[-71.242,-54.41],[-71.26,-54.422],[-71.23,-54.412],[-71.196,-54.424],[-71.216,-54.44],[-71.204,-54.448],[-71.236,-54.458],[-71.234,-54.462],[-71.192,-54.452],[-71.178,-54.43],[-71.142,-54.43],[-71.152,-54.45],[-71.102,-54.49],[-71.138,-54.496],[-71.092,-54.496],[-71.064,-54.53],[-71.068,-54.508],[-71.134,-54.448],[-71.118,-54.434],[-71.092,-54.462],[-71.06,-54.468],[-71.054,-54.496],[-71.0,-54.532],[-70.994,-54.57],[-70.914,-54.596],[-70.836,-54.588],[-70.844,-54.618],[-70.828,-54.634],[-70.778,-54.63],[-70.738,-54.65],[-70.506,-54.608],[-70.516,-54.558],[-70.502,-54.554],[-70.386,-54.562],[-70.332,-54.59],[-70.296,-54.584],[-70.114,-54.652],[-70.044,-54.646],[-69.948,-54.608],[-69.866,-54.608],[-69.844,-54.612],[-69.82,-54.644],[-69.712,-54.628],[-69.646,-54.678],[-69.598,-54.66],[-69.472,-54.776],[-69.426,-54.754],[-69.258,-54.786],[-69.252,-54.754],[-69.184,-54.734],[-69.07,-54.662],[-69.07,-54.628],[-69.044,-54.618],[-69.03,-54.59],[-68.98,-54.584],[-68.916,-54.622],[-68.792,-54.624],[-68.768,-54.652],[-68.676,-54.606],[-68.602,-54.648],[-68.596,-54.872],[-68.61,-54.894],[-68.656,-54.898],[-68.706,-54.858],[-68.806,-54.842],[-68.82,-54.86],[-68.734,-54.886],[-68.704,-54.912],[-68.842,-54.954],[-69.082,-54.964],[-69.228,-54.916],[-69.292,-54.922],[-69.404,-54.9],[-69.414,-54.882],[-69.416,-54.886],[-69.42,-54.894],[-69.464,-54.892],[-69.672,-54.844],[-69.656,-54.842],[-69.648,-54.802],[-69.604,-54.796],[-69.598,-54.792],[-69.588,-54.778],[-69.606,-54.772],[-69.62,-54.732],[-69.63,-54.748],[-69.612,-54.774],[-69.662,-54.802],[-69.674,-54.734],[-69.704,-54.704],[-69.724,-54.71],[-69.694,-54.728],[-69.674,-54.776],[-69.718,-54.814],[-69.678,-54.802],[-69.688,-54.838],[-69.766,-54.834],[-69.75,-54.822],[-69.76,-54.79],[-69.746,-54.79],[-69.752,-54.782],[-69.736,-54.78],[-69.726,-54.77],[-69.732,-54.752],[-69.786,-54.726],[-69.744,-54.75],[-69.75,-54.766],[-69.734,-54.774],[-69.766,-54.78],[-69.77,-54.834],[-69.922,-54.846],[-69.96,-54.804],[-69.95,-54.794],[-69.976,-54.728],[-69.936,-54.68],[-69.988,-54.726],[-69.982,-54.806],[-69.95,-54.85],[-69.968,-54.854],[-70.058,-54.868],[-70.1,-54.86],[-70.072,-54.816],[-70.07,-54.794],[-70.092,-54.822],[-70.112,-54.82],[-70.12,-54.806],[-70.15,-54.798],[-70.096,-54.832],[-70.152,-54.862],[-70.234,-54.836],[-70.168,-54.874],[-70.318,-54.86],[-70.332,-54.81],[-70.284,-54.766],[-70.252,-54.76],[-70.26,-54.744],[-70.226,-54.708],[-70.184,-54.7],[-70.238,-54.702],[-70.23,-54.686],[-70.272,-54.736],[-70.314,-54.754],[-70.296,-54.764],[-70.33,-54.786],[-70.346,-54.854],[-70.462,-54.808],[-70.518,-54.812],[-70.602,-54.786],[-70.562,-54.784],[-70.578,-54.774],[-70.624,-54.786],[-70.598,-54.806],[-70.67,-54.818],[-70.68,-54.834],[-70.702,-54.818],[-70.726,-54.822],[-70.706,-54.83],[-70.734,-54.852],[-70.77,-54.826],[-70.786,-54.848],[-70.832,-54.836],[-70.83,-54.824],[-70.852,-54.828],[-70.818,-54.802],[-70.818,-54.788],[-70.834,-54.794],[-70.834,-54.792],[-70.818,-54.778],[-70.65,-54.76],[-70.644,-54.752],[-70.662,-54.748],[-70.558,-54.724],[-70.502,-54.688],[-70.474,-54.698],[-70.49,-54.676],[-70.436,-54.64],[-70.556,-54.628],[-70.574,-54.656],[-70.554,-54.664],[-70.582,-54.662],[-70.628,-54.676],[-70.576,-54.686],[-70.56,-54.7],[-70.568,-54.71],[-70.628,-54.728],[-70.644,-54.716],[-70.646,-54.73],[-70.718,-54.752],[-70.736,-54.742],[-70.716,-54.728],[-70.73,-54.726],[-70.718,-54.718],[-70.722,-54.714],[-70.77,-54.74],[-70.762,-54.75],[-70.802,-54.748],[-70.782,-54.758],[-70.862,-54.768],[-70.882,-54.754],[-70.95,-54.754],[-70.904,-54.73],[-70.918,-54.726],[-70.904,-54.708],[-70.856,-54.718],[-70.834,-54.698],[-70.768,-54.696],[-70.758,-54.69],[-70.87,-54.692],[-70.888,-54.672],[-70.92,-54.67],[-70.902,-54.692],[-70.914,-54.684],[-70.96,-54.702],[-70.91,-54.702],[-70.99,-54.756],[-70.988,-54.774],[-71.026,-54.78],[-71.048,-54.758],[-71.0,-54.742],[-71.004,-54.718],[-70.962,-54.722],[-70.982,-54.712],[-70.97,-54.706],[-70.994,-54.712],[-70.964,-54.702],[-70.992,-54.702],[-70.978,-54.688],[-70.962,-54.688],[-70.978,-54.682],[-71.0,-54.7],[-71.0,-54.704],[-71.024,-54.708],[-70.986,-54.686],[-71.006,-54.672],[-70.954,-54.648],[-70.956,-54.636],[-70.908,-54.624],[-70.976,-54.636],[-71.058,-54.6],[-71.028,-54.63],[-71.042,-54.652],[-71.084,-54.66],[-71.092,-54.652],[-71.072,-54.64],[-71.086,-54.632],[-71.134,-54.654],[-71.136,-54.68],[-71.158,-54.676],[-71.14,-54.684],[-71.15,-54.698],[-71.2,-54.698],[-71.21,-54.688],[-71.19,-54.682],[-71.22,-54.67],[-71.268,-54.678],[-71.31,-54.652],[-71.148,-54.638],[-71.158,-54.63],[-71.136,-54.622],[-71.202,-54.634],[-71.252,-54.618],[-71.264,-54.588],[-71.248,-54.586],[-71.202,-54.582],[-71.176,-54.578],[-71.252,-54.58],[-71.246,-54.546],[-71.22,-54.528],[-71.306,-54.568],[-71.316,-54.564],[-71.298,-54.546],[-71.336,-54.53],[-71.326,-54.522],[-71.342,-54.508],[-71.342,-54.54],[-71.314,-54.55],[-71.33,-54.568],[-71.41,-54.524],[-71.38,-54.56],[-71.42,-54.548],[-71.446,-54.564],[-71.398,-54.562],[-71.392,-54.574],[-71.406,-54.576],[-71.342,-54.588],[-71.322,-54.618],[-71.344,-54.626],[-71.364,-54.614],[-71.344,-54.598],[-71.35,-54.59],[-71.416,-54.604],[-71.384,-54.612],[-71.406,-54.616],[-71.384,-54.628],[-71.4,-54.628],[-71.396,-54.648],[-71.426,-54.658],[-71.428,-54.634],[-71.466,-54.634],[-71.448,-54.638],[-71.44,-54.65],[-71.456,-54.66],[-71.48,-54.646],[-71.456,-54.668],[-71.49,-54.69],[-71.512,-54.682],[-71.516,-54.652],[-71.494,-54.626],[-71.518,-54.634],[-71.482,-54.586],[-71.524,-54.596],[-71.516,-54.612],[-71.532,-54.642],[-71.582,-54.65],[-71.592,-54.642],[-71.562,-54.61],[-71.61,-54.636],[-71.62,-54.624],[-71.552,-54.582],[-71.596,-54.606],[-71.618,-54.574],[-71.614,-54.606],[-71.658,-54.616],[-71.634,-54.638],[-71.654,-54.646],[-71.646,-54.658],[-71.662,-54.66],[-71.69,-54.64],[-71.688,-54.608],[-71.66,-54.612],[-71.678,-54.604],[-71.64,-54.592],[-71.638,-54.582],[-71.696,-54.604],[-71.792,-54.574],[-71.724,-54.598],[-71.716,-54.61],[-71.734,-54.598],[-71.724,-54.61],[-71.762,-54.624],[-71.814,-54.582],[-71.808,-54.6],[-71.85,-54.592],[-71.804,-54.608],[-71.83,-54.608],[-71.794,-54.62],[-71.804,-54.624],[-71.79,-54.636],[-71.826,-54.646],[-71.82,-54.634],[-71.872,-54.622],[-71.89,-54.626],[-71.878,-54.638],[-71.888,-54.64],[-71.976,-54.602],[-71.924,-54.592],[-71.864,-54.608],[-71.9,-54.592],[-71.896,-54.578],[-71.926,-54.58],[-71.942,-54.566],[-71.9,-54.544],[-71.932,-54.542],[-71.958,-54.566],[-71.988,-54.548],[-71.972,-54.54],[-71.99,-54.534],[-71.978,-54.526],[-71.976,-54.526],[-71.948,-54.534],[-71.998,-54.5],[-71.998,-54.494],[-71.988,-54.49],[-71.984,-54.498],[-71.918,-54.516],[-71.982,-54.49],[-71.962,-54.474],[-71.982,-54.478],[-71.994,-54.456],[-71.972,-54.462],[-71.952,-54.444],[-71.936,-54.468],[-71.904,-54.444],[-71.89,-54.452],[-71.902,-54.456],[-71.888,-54.502],[-71.888,-54.468],[-71.874,-54.46],[-71.838,-54.474],[-71.852,-54.478],[-71.854,-54.496],[-71.85,-54.498],[-71.846,-54.482],[-71.842,-54.478],[-71.828,-54.494],[-71.85,-54.518],[-71.81,-54.52],[-71.844,-54.52],[-71.848,-54.524],[-71.638,-54.576],[-71.712,-54.548],[-71.712,-54.53],[-71.694,-54.534],[-71.76,-54.492],[-71.68,-54.508],[-71.68,-54.52],[-71.666,-54.528],[-71.662,-54.514],[-71.62,-54.536],[-71.602,-54.536],[-71.618,-54.53],[-71.606,-54.528],[-71.592,-54.536],[-71.524,-54.548],[-71.512,-54.548],[-71.65,-54.51],[-71.65,-54.494],[-71.666,-54.5],[-71.71,-54.476],[-71.652,-54.464],[-71.762,-54.47],[-71.87,-54.436],[-71.786,-54.442],[-71.822,-54.428],[-71.798,-54.424],[-71.836,-54.418],[-71.764,-54.414],[-71.806,-54.406],[-71.728,-54.398],[-71.706,-54.418],[-71.744,-54.43],[-71.704,-54.428],[-71.61,-54.474],[-71.604,-54.49],[-71.59,-54.494],[-71.596,-54.476],[-71.54,-54.51],[-71.586,-54.474],[-71.558,-54.486],[-71.548,-54.474],[-71.446,-54.49],[-71.434,-54.49],[-71.59,-54.46],[-71.6,-54.45],[-71.58,-54.45],[-71.612,-54.404],[-71.528,-54.434],[-71.508,-54.428],[-71.53,-54.416],[-71.53,-54.404],[-71.542,-54.4],[-71.51,-54.398],[-71.494,-54.406],[-71.504,-54.414],[-71.47,-54.418],[-71.478,-54.44],[-71.456,-54.424],[-71.438,-54.428],[-71.462,-54.436],[-71.398,-54.432],[-71.384,-54.464],[-71.366,-54.452],[-71.382,-54.444],[-71.352,-54.432],[-71.302,-54.44],[-71.328,-54.426],[-71.31,-54.42],[-71.372,-54.43],[-71.412,-54.412],[-71.398,-54.396],[-71.414,-54.41],[-71.424,-54.402],[-71.396,-54.392],[-71.418,-54.376],[-71.358,-54.392],[-71.372,-54.374],[-71.242,-54.41]],[[-70.652,-54.806],[-70.658,-54.802],[-70.67,-54.818],[-70.652,-54.806]],[[-70.952,-54.69],[-70.926,-54.678],[-70.962,-54.688],[-70.952,-54.69]]],[[[-72.014,-54.512],[-71.994,-54.508],[-71.978,-54.526],[-72.014,-54.512]]],[[[-68.402,-54.95],[-68.36,-54.994],[-68.34,-54.992],[-68.356,-54.998],[-68.304,-55.032],[-68.326,-55.078],[-68.41,-55.062],[-68.442,-55.022],[-68.406,-55.092],[-68.488,-55.116],[-68.52,-55.114],[-68.558,-55.086],[-68.64,-55.098],[-68.562,-55.096],[-68.54,-55.122],[-68.55,-55.146],[-68.62,-55.166],[-68.75,-55.144],[-69.004,-55.048],[-69.01,-55.026],[-69.034,-55.034],[-69.052,-55.076],[-69.068,-55.08],[-68.966,-55.076],[-68.97,-55.116],[-68.904,-55.126],[-68.792,-55.174],[-68.824,-55.156],[-68.812,-55.152],[-68.748,-55.18],[-68.788,-55.152],[-68.656,-55.176],[-68.582,-55.176],[-68.5,-55.196],[-68.346,-55.182],[-68.334,-55.186],[-68.35,-55.2],[-68.344,-55.212],[-68.246,-55.226],[-68.328,-55.234],[-68.228,-55.254],[-68.172,-55.29],[-68.384,-55.31],[-68.488,-55.284],[-68.446,-55.306],[-68.534,-55.322],[-68.576,-55.314],[-68.608,-55.272],[-68.646,-55.256],[-68.724,-55.278],[-68.63,-55.274],[-68.62,-55.29],[-68.662,-55.292],[-68.64,-55.3],[-68.65,-55.308],[-68.6,-55.306],[-68.596,-55.322],[-68.626,-55.338],[-68.612,-55.35],[-68.578,-55.332],[-68.522,-55.338],[-68.574,-55.376],[-68.532,-55.37],[-68.492,-55.34],[-68.384,-55.34],[-68.312,-55.352],[-68.296,-55.366],[-68.304,-55.38],[-68.266,-55.374],[-68.32,-55.398],[-68.306,-55.408],[-68.232,-55.382],[-68.206,-55.41],[-68.134,-55.39],[-68.11,-55.422],[-68.128,-55.43],[-68.128,-55.45],[-68.164,-55.46],[-68.142,-55.472],[-68.172,-55.476],[-68.078,-55.468],[-68.042,-55.466],[-68.05,-55.474],[-68.022,-55.478],[-68.076,-55.504],[-68.09,-55.528],[-68.116,-55.524],[-68.086,-55.534],[-68.074,-55.528],[-68.042,-55.55],[-68.04,-55.58],[-67.976,-55.588],[-68.022,-55.614],[-67.978,-55.61],[-67.996,-55.616],[-67.984,-55.638],[-68.03,-55.648],[-68.012,-55.654],[-68.018,-55.668],[-67.988,-55.668],[-67.984,-55.676],[-68.014,-55.676],[-68.066,-55.716],[-68.102,-55.698],[-68.108,-55.676],[-68.13,-55.666],[-68.114,-55.63],[-68.138,-55.638],[-68.132,-55.622],[-68.146,-55.614],[-68.124,-55.592],[-68.262,-55.63],[-68.28,-55.61],[-68.256,-55.598],[-68.258,-55.586],[-68.238,-55.578],[-68.23,-55.572],[-68.242,-55.564],[-68.216,-55.532],[-68.264,-55.528],[-68.264,-55.514],[-68.32,-55.492],[-68.304,-55.488],[-68.316,-55.48],[-68.334,-55.492],[-68.318,-55.466],[-68.338,-55.458],[-68.364,-55.462],[-68.348,-55.474],[-68.364,-55.484],[-68.424,-55.496],[-68.444,-55.478],[-68.494,-55.474],[-68.49,-55.462],[-68.53,-55.462],[-68.516,-55.446],[-68.532,-55.408],[-68.552,-55.438],[-68.568,-55.41],[-68.612,-55.404],[-68.562,-55.426],[-68.6,-55.428],[-68.582,-55.44],[-68.592,-55.446],[-68.56,-55.456],[-68.564,-55.47],[-68.606,-55.452],[-68.608,-55.468],[-68.694,-55.472],[-68.728,-55.452],[-68.728,-55.436],[-68.774,-55.438],[-68.73,-55.454],[-68.74,-55.456],[-68.732,-55.472],[-68.784,-55.474],[-68.738,-55.48],[-68.726,-55.498],[-68.778,-55.514],[-68.804,-55.504],[-68.804,-55.486],[-68.85,-55.494],[-68.878,-55.482],[-68.834,-55.458],[-68.876,-55.472],[-68.916,-55.462],[-68.898,-55.454],[-68.894,-55.45],[-68.932,-55.446],[-68.93,-55.428],[-68.85,-55.39],[-68.8,-55.386],[-68.764,-55.406],[-68.752,-55.388],[-68.728,-55.394],[-68.686,-55.388],[-68.782,-55.372],[-68.754,-55.354],[-68.75,-55.354],[-68.748,-55.354],[-68.722,-55.352],[-68.748,-55.35],[-68.752,-55.344],[-68.808,-55.376],[-68.846,-55.374],[-68.912,-55.41],[-68.934,-55.404],[-68.92,-55.392],[-68.93,-55.384],[-68.878,-55.364],[-68.838,-55.322],[-68.856,-55.324],[-68.87,-55.284],[-68.808,-55.258],[-68.808,-55.246],[-68.856,-55.234],[-68.834,-55.232],[-68.774,-55.188],[-68.828,-55.218],[-68.86,-55.212],[-68.852,-55.22],[-68.888,-55.236],[-68.914,-55.222],[-68.92,-55.238],[-68.952,-55.232],[-68.928,-55.248],[-68.954,-55.284],[-68.974,-55.284],[-68.962,-55.28],[-68.968,-55.27],[-69.002,-55.284],[-69.05,-55.278],[-69.052,-55.242],[-69.104,-55.208],[-69.084,-55.16],[-69.128,-55.204],[-69.074,-55.254],[-69.096,-55.264],[-69.16,-55.23],[-69.192,-55.232],[-69.226,-55.19],[-69.27,-55.2],[-69.23,-55.242],[-69.216,-55.246],[-69.328,-55.246],[-69.296,-55.256],[-69.384,-55.28],[-69.39,-55.256],[-69.486,-55.266],[-69.402,-55.264],[-69.416,-55.284],[-69.46,-55.292],[-69.406,-55.286],[-69.41,-55.298],[-69.458,-55.308],[-69.334,-55.308],[-69.32,-55.32],[-69.346,-55.328],[-69.29,-55.324],[-69.29,-55.336],[-69.33,-55.34],[-69.32,-55.346],[-69.306,-55.346],[-69.308,-55.342],[-69.288,-55.34],[-69.258,-55.35],[-69.254,-55.35],[-69.254,-55.36],[-69.276,-55.364],[-69.276,-55.374],[-69.244,-55.382],[-69.278,-55.388],[-69.282,-55.39],[-69.198,-55.4],[-69.196,-55.412],[-69.208,-55.41],[-69.23,-55.418],[-69.188,-55.414],[-69.208,-55.424],[-69.18,-55.432],[-69.248,-55.432],[-69.234,-55.448],[-69.262,-55.452],[-69.204,-55.45],[-69.256,-55.468],[-69.176,-55.466],[-69.21,-55.478],[-69.176,-55.486],[-69.154,-55.458],[-69.072,-55.476],[-69.076,-55.484],[-69.148,-55.48],[-69.1,-55.488],[-69.138,-55.488],[-69.098,-55.496],[-69.126,-55.504],[-69.07,-55.51],[-69.104,-55.512],[-69.094,-55.538],[-69.154,-55.522],[-69.158,-55.498],[-69.176,-55.498],[-69.166,-55.506],[-69.18,-55.518],[-69.18,-55.492],[-69.206,-55.52],[-69.288,-55.518],[-69.308,-55.458],[-69.32,-55.454],[-69.324,-55.438],[-69.308,-55.422],[-69.318,-55.426],[-69.33,-55.422],[-69.334,-55.468],[-69.346,-55.47],[-69.32,-55.478],[-69.318,-55.5],[-69.342,-55.488],[-69.33,-55.506],[-69.354,-55.506],[-69.342,-55.526],[-69.362,-55.548],[-69.394,-55.524],[-69.374,-55.51],[-69.37,-55.486],[-69.396,-55.47],[-69.414,-55.478],[-69.396,-55.458],[-69.426,-55.454],[-69.398,-55.448],[-69.394,-55.434],[-69.422,-55.448],[-69.484,-55.44],[-69.46,-55.436],[-69.48,-55.428],[-69.45,-55.416],[-69.462,-55.414],[-69.428,-55.408],[-69.416,-55.41],[-69.406,-55.406],[-69.388,-55.406],[-69.356,-55.402],[-69.35,-55.4],[-69.48,-55.41],[-69.47,-55.386],[-69.478,-55.39],[-69.476,-55.38],[-69.48,-55.38],[-69.486,-55.398],[-69.502,-55.406],[-69.496,-55.408],[-69.524,-55.418],[-69.606,-55.404],[-69.612,-55.392],[-69.5,-55.36],[-69.582,-55.38],[-69.586,-55.37],[-69.578,-55.366],[-69.534,-55.354],[-69.61,-55.364],[-69.612,-55.382],[-69.66,-55.368],[-69.642,-55.354],[-69.668,-55.356],[-69.606,-55.338],[-69.67,-55.346],[-69.688,-55.362],[-69.788,-55.346],[-69.752,-55.342],[-69.788,-55.334],[-69.77,-55.326],[-69.728,-55.326],[-69.726,-55.33],[-69.716,-55.334],[-69.67,-55.338],[-69.666,-55.334],[-69.752,-55.32],[-69.742,-55.308],[-69.524,-55.304],[-69.672,-55.294],[-69.608,-55.28],[-69.666,-55.286],[-69.65,-55.266],[-69.564,-55.23],[-69.524,-55.236],[-69.532,-55.222],[-69.476,-55.21],[-69.472,-55.198],[-69.552,-55.22],[-69.562,-55.208],[-69.564,-55.224],[-69.634,-55.25],[-69.684,-55.232],[-69.648,-55.252],[-69.772,-55.29],[-69.812,-55.296],[-69.82,-55.282],[-69.852,-55.306],[-69.878,-55.296],[-69.868,-55.29],[-69.898,-55.29],[-69.838,-55.266],[-69.942,-55.272],[-69.972,-55.258],[-69.882,-55.26],[-69.88,-55.24],[-69.842,-55.242],[-69.912,-55.228],[-69.95,-55.24],[-69.968,-55.224],[-69.93,-55.212],[-69.968,-55.202],[-69.932,-55.198],[-69.89,-55.218],[-69.802,-55.198],[-69.854,-55.184],[-69.858,-55.2],[-69.904,-55.202],[-69.948,-55.194],[-69.93,-55.186],[-69.928,-55.178],[-70.006,-55.188],[-70.038,-55.174],[-70.008,-55.168],[-70.032,-55.158],[-69.998,-55.138],[-70.014,-55.136],[-70.002,-55.128],[-69.972,-55.132],[-69.98,-55.164],[-69.902,-55.148],[-69.97,-55.15],[-69.972,-55.148],[-69.94,-55.116],[-69.88,-55.126],[-69.94,-55.11],[-69.848,-55.084],[-69.822,-55.092],[-69.822,-55.106],[-69.802,-55.1],[-69.818,-55.096],[-69.81,-55.08],[-69.684,-55.076],[-69.68,-55.092],[-69.658,-55.102],[-69.688,-55.122],[-69.646,-55.104],[-69.674,-55.086],[-69.636,-55.062],[-69.57,-55.054],[-69.552,-55.074],[-69.568,-55.086],[-69.548,-55.084],[-69.534,-55.118],[-69.558,-55.136],[-69.536,-55.134],[-69.528,-55.158],[-69.534,-55.178],[-69.516,-55.164],[-69.544,-55.048],[-69.408,-55.034],[-69.394,-55.048],[-69.448,-55.066],[-69.456,-55.08],[-69.386,-55.054],[-69.32,-55.074],[-69.316,-55.066],[-69.372,-55.048],[-69.376,-55.03],[-69.22,-55.0],[-69.168,-55.038],[-69.194,-55.004],[-69.076,-54.994],[-69.02,-55.014],[-68.98,-54.992],[-68.808,-54.988],[-68.714,-54.95],[-68.58,-54.946],[-68.538,-54.926],[-68.496,-54.926],[-68.402,-54.95]],[[-68.734,-55.188],[-68.73,-55.178],[-68.714,-55.182],[-68.696,-55.17],[-68.748,-55.18],[-68.734,-55.188]],[[-68.076,-55.472],[-68.072,-55.47],[-68.078,-55.468],[-68.076,-55.472]],[[-69.272,-55.384],[-69.278,-55.386],[-69.278,-55.388],[-69.272,-55.384]],[[-69.42,-55.37],[-69.452,-55.372],[-69.47,-55.386],[-69.42,-55.37]],[[-69.578,-55.178],[-69.582,-55.186],[-69.542,-55.186],[-69.534,-55.178],[-69.578,-55.178]],[[-68.544,-54.938],[-68.542,-54.936],[-68.544,-54.936],[-68.544,-54.938]],[[-68.532,-54.94],[-68.526,-54.94],[-68.53,-54.938],[-68.532,-54.94]],[[-69.586,-55.194],[-69.58,-55.192],[-69.586,-55.186],[-69.586,-55.194]],[[-69.612,-55.2],[-69.598,-55.206],[-69.58,-55.2],[-69.612,-55.2]],[[-69.55,-55.198],[-69.558,-55.2],[-69.554,-55.202],[-69.55,-55.198]],[[-69.562,-55.298],[-69.552,-55.296],[-69.554,-55.292],[-69.562,-55.298]],[[-69.418,-55.326],[-69.416,-55.338],[-69.388,-55.316],[-69.418,-55.326]],[[-69.33,-55.338],[-69.34,-55.336],[-69.34,-55.34],[-69.33,-55.338]],[[-69.422,-55.34],[-69.436,-55.344],[-69.402,-55.338],[-69.422,-55.34]],[[-69.524,-55.34],[-69.528,-55.344],[-69.51,-55.34],[-69.524,-55.34]],[[-69.578,-55.33],[-69.6,-55.34],[-69.58,-55.338],[-69.578,-55.33]],[[-69.554,-55.328],[-69.538,-55.332],[-69.54,-55.328],[-69.554,-55.328]],[[-69.622,-55.364],[-69.624,-55.364],[-69.616,-55.368],[-69.614,-55.366],[-69.622,-55.364]],[[-69.256,-55.356],[-69.256,-55.354],[-69.258,-55.356],[-69.256,-55.356]],[[-69.284,-55.362],[-69.284,-55.36],[-69.286,-55.358],[-69.29,-55.362],[-69.284,-55.362]],[[-69.292,-55.364],[-69.292,-55.366],[-69.29,-55.366],[-69.292,-55.364]],[[-69.488,-55.39],[-69.508,-55.384],[-69.51,-55.388],[-69.488,-55.39]],[[-69.538,-55.398],[-69.538,-55.4],[-69.532,-55.4],[-69.538,-55.398]],[[-69.566,-55.388],[-69.568,-55.39],[-69.566,-55.39],[-69.566,-55.388]],[[-69.504,-55.404],[-69.502,-55.402],[-69.504,-55.402],[-69.504,-55.404]],[[-69.55,-55.408],[-69.544,-55.406],[-69.558,-55.408],[-69.55,-55.408]],[[-69.378,-55.518],[-69.382,-55.52],[-69.378,-55.52],[-69.378,-55.518]],[[-69.31,-55.432],[-69.312,-55.432],[-69.312,-55.436],[-69.31,-55.432]],[[-69.15,-55.508],[-69.148,-55.51],[-69.146,-55.508],[-69.15,-55.508]],[[-69.116,-55.472],[-69.116,-55.474],[-69.114,-55.474],[-69.116,-55.472]],[[-69.084,-55.478],[-69.086,-55.476],[-69.088,-55.478],[-69.084,-55.478]],[[-69.376,-55.27],[-69.38,-55.274],[-69.376,-55.274],[-69.376,-55.27]],[[-69.21,-55.194],[-69.218,-55.19],[-69.218,-55.194],[-69.21,-55.194]],[[-69.002,-55.276],[-69.012,-55.278],[-69.002,-55.28],[-69.002,-55.276]],[[-68.634,-55.34],[-68.628,-55.338],[-68.63,-55.336],[-68.634,-55.34]],[[-68.076,-55.538],[-68.078,-55.54],[-68.074,-55.542],[-68.076,-55.538]],[[-68.03,-55.652],[-68.034,-55.654],[-68.032,-55.656],[-68.03,-55.652]],[[-68.118,-55.666],[-68.118,-55.662],[-68.122,-55.662],[-68.118,-55.666]],[[-68.238,-55.392],[-68.238,-55.394],[-68.234,-55.392],[-68.238,-55.392]],[[-68.702,-55.144],[-68.702,-55.142],[-68.706,-55.142],[-68.702,-55.144]]],[[[-67.772,-54.916],[-67.778,-54.924],[-67.71,-54.928],[-67.726,-54.932],[-67.712,-54.94],[-67.646,-54.928],[-67.614,-54.928],[-67.642,-54.934],[-67.644,-54.934],[-67.624,-54.938],[-67.528,-54.924],[-67.476,-54.938],[-67.454,-54.922],[-67.318,-54.926],[-67.218,-54.95],[-67.164,-54.976],[-67.076,-55.082],[-67.052,-55.082],[-67.062,-55.1],[-67.046,-55.158],[-67.084,-55.188],[-67.086,-55.21],[-67.142,-55.23],[-67.152,-55.25],[-67.202,-55.282],[-67.204,-55.284],[-67.222,-55.296],[-67.22,-55.32],[-67.26,-55.33],[-67.436,-55.318],[-67.468,-55.27],[-67.458,-55.246],[-67.448,-55.242],[-67.446,-55.23],[-67.41,-55.196],[-67.508,-55.176],[-67.596,-55.196],[-67.624,-55.238],[-67.612,-55.278],[-67.746,-55.25],[-67.82,-55.26],[-67.818,-55.28],[-67.834,-55.28],[-67.824,-55.262],[-67.886,-55.24],[-67.856,-55.232],[-67.882,-55.22],[-67.79,-55.246],[-67.736,-55.244],[-67.736,-55.228],[-67.874,-55.2],[-67.86,-55.19],[-67.886,-55.194],[-67.876,-55.182],[-67.88,-55.18],[-67.89,-55.196],[-67.916,-55.2],[-67.912,-55.188],[-67.924,-55.186],[-67.956,-55.222],[-68.01,-55.22],[-68.026,-55.238],[-68.098,-55.216],[-68.116,-55.224],[-68.108,-55.214],[-68.134,-55.188],[-68.118,-55.172],[-68.124,-55.17],[-68.156,-55.144],[-68.172,-55.1],[-68.146,-55.052],[-68.18,-55.008],[-68.174,-54.992],[-68.196,-54.998],[-68.182,-54.986],[-68.21,-54.972],[-68.2,-54.998],[-68.306,-55.002],[-68.352,-54.982],[-68.378,-54.948],[-68.328,-54.92],[-68.28,-54.93],[-68.294,-54.926],[-68.252,-54.922],[-68.21,-54.918],[-68.222,-54.91],[-68.204,-54.908],[-68.226,-54.902],[-68.212,-54.904],[-68.21,-54.904],[-68.186,-54.906],[-68.176,-54.902],[-68.184,-54.896],[-68.112,-54.908],[-67.96,-54.896],[-67.772,-54.916]],[[-67.642,-54.93],[-67.646,-54.932],[-67.642,-54.934],[-67.642,-54.93]],[[-67.456,-55.248],[-67.454,-55.246],[-67.458,-55.246],[-67.456,-55.248]],[[-68.068,-55.18],[-68.052,-55.176],[-68.118,-55.172],[-68.068,-55.18]],[[-68.202,-54.912],[-68.208,-54.912],[-68.208,-54.914],[-68.202,-54.912]],[[-67.058,-55.086],[-67.06,-55.086],[-67.058,-55.088],[-67.058,-55.086]],[[-67.532,-55.176],[-67.528,-55.178],[-67.53,-55.176],[-67.532,-55.176]],[[-67.458,-55.27],[-67.456,-55.272],[-67.456,-55.266],[-67.458,-55.27]],[[-67.224,-55.306],[-67.226,-55.296],[-67.23,-55.298],[-67.224,-55.306]]],[[[-70.3,-54.918],[-70.454,-54.962],[-70.458,-54.948],[-70.496,-54.952],[-70.49,-54.972],[-70.532,-54.98],[-70.518,-54.98],[-70.516,-54.994],[-70.496,-54.998],[-70.494,-55.004],[-70.602,-55.002],[-70.632,-55.01],[-70.59,-55.01],[-70.612,-55.032],[-70.662,-55.032],[-70.714,-55.0],[-70.76,-55.016],[-70.734,-55.03],[-70.748,-55.048],[-70.712,-55.018],[-70.656,-55.05],[-70.608,-55.048],[-70.604,-55.064],[-70.502,-55.034],[-70.514,-55.044],[-70.474,-55.052],[-70.534,-55.058],[-70.48,-55.068],[-70.522,-55.082],[-70.512,-55.084],[-70.422,-55.06],[-70.416,-55.074],[-70.43,-55.082],[-70.412,-55.082],[-70.402,-55.06],[-70.322,-55.05],[-70.328,-55.066],[-70.292,-55.064],[-70.298,-55.084],[-70.402,-55.102],[-70.306,-55.098],[-70.308,-55.11],[-70.34,-55.116],[-70.266,-55.118],[-70.298,-55.136],[-70.29,-55.146],[-70.326,-55.126],[-70.326,-55.15],[-70.366,-55.142],[-70.386,-55.11],[-70.44,-55.106],[-70.392,-55.124],[-70.402,-55.132],[-70.46,-55.112],[-70.468,-55.12],[-70.442,-55.13],[-70.474,-55.138],[-70.454,-55.146],[-70.466,-55.156],[-70.386,-55.156],[-70.36,-55.172],[-70.41,-55.17],[-70.374,-55.186],[-70.398,-55.198],[-70.468,-55.188],[-70.492,-55.206],[-70.482,-55.226],[-70.514,-55.22],[-70.494,-55.196],[-70.508,-55.172],[-70.576,-55.17],[-70.578,-55.192],[-70.52,-55.206],[-70.552,-55.22],[-70.6,-55.194],[-70.57,-55.156],[-70.578,-55.138],[-70.538,-55.146],[-70.57,-55.126],[-70.534,-55.116],[-70.552,-55.104],[-70.598,-55.118],[-70.59,-55.068],[-70.678,-55.062],[-70.606,-55.078],[-70.604,-55.102],[-70.674,-55.086],[-70.668,-55.12],[-70.682,-55.12],[-70.67,-55.13],[-70.718,-55.118],[-70.698,-55.112],[-70.702,-55.108],[-70.732,-55.112],[-70.712,-55.14],[-70.774,-55.12],[-70.774,-55.108],[-70.728,-55.076],[-70.764,-55.052],[-70.768,-55.062],[-70.794,-55.056],[-70.802,-55.076],[-70.84,-55.072],[-70.832,-55.08],[-70.84,-55.084],[-70.832,-55.09],[-70.834,-55.1],[-70.856,-55.096],[-70.884,-55.056],[-70.902,-55.058],[-70.89,-55.062],[-70.898,-55.084],[-70.912,-55.076],[-70.95,-55.092],[-70.956,-55.074],[-70.994,-55.072],[-70.992,-55.056],[-70.968,-55.048],[-70.99,-55.05],[-71.01,-55.066],[-71.028,-55.06],[-71.012,-55.036],[-70.976,-55.036],[-70.972,-55.032],[-71.022,-55.018],[-70.974,-54.996],[-71.028,-54.978],[-71.0,-54.956],[-70.938,-54.952],[-70.938,-54.97],[-70.862,-54.926],[-70.852,-54.936],[-70.892,-54.978],[-70.87,-54.976],[-70.874,-54.99],[-70.864,-54.99],[-70.852,-54.964],[-70.806,-54.984],[-70.802,-54.97],[-70.818,-54.966],[-70.792,-54.93],[-70.754,-54.962],[-70.718,-54.966],[-70.762,-54.982],[-70.694,-54.98],[-70.682,-54.964],[-70.658,-54.994],[-70.634,-54.978],[-70.578,-54.988],[-70.568,-54.972],[-70.604,-54.972],[-70.616,-54.948],[-70.496,-54.908],[-70.352,-54.9],[-70.3,-54.918]]],[[[-69.962,-54.984],[-69.918,-54.956],[-69.806,-54.968],[-69.882,-54.95],[-69.896,-54.934],[-69.928,-54.942],[-69.938,-54.918],[-69.856,-54.91],[-69.876,-54.898],[-69.802,-54.884],[-69.774,-54.916],[-69.782,-54.928],[-69.752,-54.944],[-69.754,-54.946],[-69.766,-54.944],[-69.768,-54.944],[-69.74,-54.954],[-69.758,-54.99],[-69.726,-54.96],[-69.68,-54.964],[-69.708,-54.968],[-69.678,-54.978],[-69.664,-54.966],[-69.732,-54.936],[-69.716,-54.93],[-69.674,-54.946],[-69.66,-54.944],[-69.762,-54.9],[-69.738,-54.88],[-69.648,-54.886],[-69.65,-54.904],[-69.6,-54.884],[-69.48,-54.914],[-69.502,-54.918],[-69.478,-54.932],[-69.494,-54.958],[-69.536,-54.968],[-69.48,-54.962],[-69.454,-54.914],[-69.29,-54.944],[-69.22,-54.94],[-69.13,-54.97],[-69.276,-54.992],[-69.354,-54.974],[-69.284,-54.994],[-69.432,-55.026],[-69.446,-55.0],[-69.474,-54.994],[-69.456,-55.012],[-69.474,-55.024],[-69.49,-55.016],[-69.494,-55.018],[-69.48,-55.028],[-69.492,-55.036],[-69.596,-55.044],[-69.598,-55.036],[-69.606,-55.032],[-69.612,-55.032],[-69.604,-55.042],[-69.69,-55.062],[-69.702,-55.048],[-69.704,-55.06],[-69.8,-55.064],[-69.812,-55.032],[-69.81,-55.06],[-69.836,-55.052],[-69.834,-55.068],[-69.88,-55.072],[-69.93,-55.068],[-69.89,-55.03],[-69.922,-55.038],[-69.936,-55.024],[-69.94,-55.012],[-69.912,-54.992],[-69.924,-54.994],[-69.962,-54.984]]],[[[-71.258,-54.83],[-71.266,-54.848],[-71.244,-54.836],[-71.176,-54.842],[-71.202,-54.818],[-71.14,-54.826],[-71.146,-54.868],[-71.12,-54.842],[-71.094,-54.858],[-71.1,-54.878],[-71.072,-54.87],[-71.068,-54.88],[-71.054,-54.882],[-71.016,-54.854],[-70.986,-54.862],[-70.942,-54.908],[-71.006,-54.91],[-71.01,-54.924],[-70.914,-54.924],[-70.954,-54.938],[-71.042,-54.922],[-71.028,-54.934],[-71.04,-54.954],[-71.072,-54.946],[-71.07,-54.958],[-71.09,-54.96],[-71.132,-54.934],[-71.15,-54.94],[-71.184,-54.93],[-71.144,-54.908],[-71.106,-54.912],[-71.084,-54.906],[-71.154,-54.894],[-71.15,-54.904],[-71.172,-54.908],[-71.234,-54.908],[-71.212,-54.87],[-71.19,-54.864],[-71.242,-54.864],[-71.274,-54.888],[-71.304,-54.85],[-71.296,-54.888],[-71.346,-54.886],[-71.336,-54.908],[-71.312,-54.912],[-71.354,-54.924],[-71.332,-54.938],[-71.348,-54.952],[-71.392,-54.942],[-71.354,-54.894],[-71.382,-54.896],[-71.378,-54.89],[-71.384,-54.874],[-71.402,-54.928],[-71.454,-54.94],[-71.424,-54.89],[-71.446,-54.88],[-71.442,-54.894],[-71.454,-54.896],[-71.484,-54.88],[-71.482,-54.866],[-71.396,-54.848],[-71.424,-54.846],[-71.436,-54.824],[-71.392,-54.83],[-71.394,-54.818],[-71.368,-54.814],[-71.312,-54.83],[-71.324,-54.838],[-71.292,-54.838],[-71.328,-54.818],[-71.258,-54.83]]],[[[-67.378,-55.602],[-67.34,-55.614],[-67.378,-55.636],[-67.322,-55.64],[-67.376,-55.666],[-67.368,-55.674],[-67.392,-55.696],[-67.368,-55.72],[-67.326,-55.688],[-67.268,-55.71],[-67.258,-55.726],[-67.316,-55.726],[-67.298,-55.752],[-67.246,-55.754],[-67.262,-55.76],[-67.262,-55.786],[-67.35,-55.794],[-67.358,-55.756],[-67.396,-55.768],[-67.382,-55.756],[-67.396,-55.74],[-67.42,-55.768],[-67.448,-55.772],[-67.466,-55.738],[-67.488,-55.76],[-67.528,-55.732],[-67.578,-55.73],[-67.508,-55.71],[-67.552,-55.71],[-67.57,-55.676],[-67.56,-55.652],[-67.536,-55.644],[-67.504,-55.65],[-67.508,-55.676],[-67.484,-55.666],[-67.436,-55.684],[-67.422,-55.706],[-67.43,-55.718],[-67.418,-55.718],[-67.398,-55.69],[-67.424,-55.636],[-67.452,-55.618],[-67.498,-55.622],[-67.466,-55.586],[-67.464,-55.584],[-67.44,-55.574],[-67.38,-55.566],[-67.368,-55.58],[-67.378,-55.602]]],[[[-66.864,-55.226],[-66.842,-55.27],[-66.86,-55.27],[-66.838,-55.302],[-66.872,-55.334],[-66.856,-55.342],[-66.98,-55.35],[-67.04,-55.334],[-67.04,-55.296],[-67.062,-55.276],[-67.052,-55.266],[-66.996,-55.232],[-66.864,-55.226]]],[[[-70.568,-54.85],[-70.54,-54.832],[-70.504,-54.834],[-70.366,-54.876],[-70.536,-54.908],[-70.572,-54.902],[-70.56,-54.91],[-70.608,-54.92],[-70.638,-54.904],[-70.67,-54.916],[-70.694,-54.876],[-70.75,-54.89],[-70.766,-54.872],[-70.698,-54.844],[-70.654,-54.856],[-70.594,-54.822],[-70.568,-54.85]]],[[[-67.528,-55.806],[-67.506,-55.826],[-67.548,-55.834],[-67.528,-55.852],[-67.572,-55.858],[-67.54,-55.868],[-67.556,-55.894],[-67.616,-55.876],[-67.618,-55.914],[-67.652,-55.904],[-67.62,-55.858],[-67.638,-55.844],[-67.662,-55.842],[-67.648,-55.858],[-67.66,-55.862],[-67.696,-55.854],[-67.688,-55.864],[-67.704,-55.886],[-67.73,-55.88],[-67.732,-55.854],[-67.754,-55.846],[-67.766,-55.864],[-67.802,-55.866],[-67.79,-55.882],[-67.814,-55.894],[-67.828,-55.888],[-67.826,-55.868],[-67.842,-55.884],[-67.908,-55.872],[-67.896,-55.862],[-67.914,-55.84],[-67.892,-55.822],[-67.856,-55.83],[-67.826,-55.816],[-67.73,-55.834],[-67.668,-55.814],[-67.642,-55.832],[-67.57,-55.836],[-67.574,-55.818],[-67.606,-55.804],[-67.528,-55.806]],[[-67.568,-55.886],[-67.568,-55.884],[-67.57,-55.884],[-67.568,-55.886]]],[[[-66.43,-55.194],[-66.418,-55.22],[-66.48,-55.224],[-66.52,-55.258],[-66.504,-55.27],[-66.518,-55.274],[-66.636,-55.288],[-66.652,-55.278],[-66.652,-55.206],[-66.582,-55.196],[-66.556,-55.174],[-66.43,-55.194]],[[-66.544,-55.178],[-66.554,-55.182],[-66.55,-55.182],[-66.544,-55.178]],[[-66.616,-55.276],[-66.616,-55.274],[-66.618,-55.274],[-66.616,-55.276]]],[[[-66.928,-55.026],[-66.918,-55.016],[-66.86,-55.028],[-66.814,-55.118],[-66.858,-55.116],[-67.052,-55.024],[-67.06,-54.998],[-67.028,-54.988],[-66.928,-55.026]]],[[[-69.948,-54.958],[-69.99,-54.996],[-70.044,-55.006],[-70.014,-54.96],[-70.056,-54.99],[-70.084,-54.98],[-70.092,-55.02],[-70.142,-55.024],[-70.146,-54.996],[-70.152,-55.024],[-70.208,-55.026],[-70.19,-54.992],[-70.2,-54.99],[-70.168,-54.978],[-70.176,-54.97],[-70.128,-54.976],[-70.128,-54.956],[-70.142,-54.958],[-70.062,-54.942],[-70.06,-54.956],[-70.022,-54.936],[-69.99,-54.936],[-69.986,-54.952],[-69.948,-54.958]]],[[[-70.272,-54.952],[-70.282,-54.966],[-70.248,-54.952],[-70.234,-54.958],[-70.254,-54.964],[-70.23,-54.964],[-70.296,-54.99],[-70.3,-54.968],[-70.348,-54.96],[-70.32,-54.968],[-70.332,-54.998],[-70.388,-54.994],[-70.398,-55.012],[-70.456,-55.014],[-70.466,-55.0],[-70.462,-54.964],[-70.294,-54.94],[-70.272,-54.952]]],[[[-67.628,-55.51],[-67.608,-55.53],[-67.614,-55.572],[-67.564,-55.598],[-67.584,-55.598],[-67.598,-55.586],[-67.604,-55.588],[-67.61,-55.58],[-67.62,-55.58],[-67.652,-55.614],[-67.744,-55.62],[-67.738,-55.598],[-67.694,-55.568],[-67.67,-55.572],[-67.696,-55.556],[-67.684,-55.554],[-67.704,-55.524],[-67.67,-55.496],[-67.628,-55.51]]],[[[-67.3,-55.824],[-67.208,-55.852],[-67.216,-55.876],[-67.196,-55.882],[-67.256,-55.892],[-67.292,-55.866],[-67.348,-55.866],[-67.34,-55.852],[-67.356,-55.822],[-67.388,-55.836],[-67.422,-55.824],[-67.372,-55.808],[-67.288,-55.812],[-67.3,-55.824]]],[[[-69.936,-55.336],[-69.942,-55.354],[-69.992,-55.352],[-69.944,-55.358],[-69.946,-55.37],[-69.994,-55.386],[-70.01,-55.37],[-70.012,-55.42],[-70.044,-55.406],[-70.028,-55.39],[-70.088,-55.374],[-70.038,-55.364],[-70.08,-55.348],[-70.108,-55.356],[-70.148,-55.33],[-70.042,-55.322],[-70.028,-55.328],[-70.046,-55.344],[-70.026,-55.352],[-70.008,-55.32],[-69.936,-55.336]]],[[[-69.636,-55.402],[-69.624,-55.426],[-69.652,-55.436],[-69.67,-55.412],[-69.702,-55.42],[-69.678,-55.424],[-69.71,-55.436],[-69.664,-55.44],[-69.684,-55.472],[-69.704,-55.45],[-69.696,-55.468],[-69.72,-55.468],[-69.724,-55.444],[-69.796,-55.458],[-69.756,-55.444],[-69.776,-55.44],[-69.752,-55.422],[-69.772,-55.422],[-69.776,-55.416],[-69.744,-55.416],[-69.782,-55.408],[-69.772,-55.386],[-69.786,-55.38],[-69.636,-55.402]]],[[[-71.984,-54.634],[-71.97,-54.644],[-71.976,-54.658],[-71.966,-54.646],[-71.938,-54.66],[-71.942,-54.696],[-71.922,-54.678],[-71.898,-54.698],[-71.948,-54.73],[-71.988,-54.73],[-71.978,-54.712],[-71.954,-54.712],[-71.998,-54.702],[-71.972,-54.694],[-71.978,-54.684],[-71.972,-54.682],[-71.97,-54.684],[-71.96,-54.682],[-71.976,-54.678],[-71.992,-54.692],[-71.984,-54.676],[-72.006,-54.678],[-72.006,-54.692],[-72.016,-54.69],[-72.018,-54.706],[-72.03,-54.71],[-72.024,-54.68],[-72.008,-54.678],[-72.028,-54.656],[-72.022,-54.632],[-72.04,-54.622],[-72.044,-54.668],[-72.062,-54.662],[-72.06,-54.646],[-72.088,-54.652],[-72.06,-54.616],[-72.036,-54.61],[-71.984,-54.634]],[[-71.956,-54.68],[-71.974,-54.668],[-71.96,-54.682],[-71.956,-54.68]]],[[[-67.546,-55.628],[-67.59,-55.68],[-67.666,-55.702],[-67.678,-55.696],[-67.662,-55.694],[-67.668,-55.68],[-67.696,-55.676],[-67.692,-55.662],[-67.602,-55.65],[-67.634,-55.62],[-67.622,-55.594],[-67.546,-55.628]]],[[[-68.884,-55.284],[-68.876,-55.306],[-68.89,-55.344],[-68.926,-55.366],[-68.948,-55.368],[-68.926,-55.358],[-68.944,-55.352],[-68.934,-55.338],[-68.954,-55.312],[-68.942,-55.294],[-68.956,-55.294],[-68.906,-55.276],[-68.91,-55.254],[-68.85,-55.25],[-68.884,-55.284]],[[-68.93,-55.354],[-68.926,-55.352],[-68.928,-55.35],[-68.93,-55.354]]],[[[-69.586,-55.434],[-69.596,-55.446],[-69.6,-55.43],[-69.586,-55.434]]],[[[-69.436,-55.478],[-69.446,-55.496],[-69.464,-55.494],[-69.446,-55.508],[-69.506,-55.504],[-69.498,-55.492],[-69.514,-55.488],[-69.506,-55.488],[-69.506,-55.47],[-69.556,-55.478],[-69.568,-55.458],[-69.596,-55.47],[-69.568,-55.446],[-69.586,-55.434],[-69.436,-55.478]]],[[[-67.088,-55.826],[-67.074,-55.836],[-67.12,-55.84],[-67.084,-55.86],[-67.112,-55.87],[-67.066,-55.908],[-67.116,-55.904],[-67.176,-55.866],[-67.142,-55.828],[-67.098,-55.812],[-67.078,-55.822],[-67.088,-55.826]],[[-67.104,-55.884],[-67.102,-55.882],[-67.106,-55.882],[-67.104,-55.884]]],[[[-69.196,-55.268],[-69.272,-55.308],[-69.338,-55.304],[-69.316,-55.298],[-69.348,-55.3],[-69.362,-55.284],[-69.36,-55.302],[-69.396,-55.294],[-69.394,-55.284],[-69.272,-55.262],[-69.27,-55.262],[-69.264,-55.26],[-69.268,-55.264],[-69.196,-55.268]],[[-69.3,-55.29],[-69.304,-55.286],[-69.306,-55.29],[-69.3,-55.29]]],[[[-69.052,-55.384],[-69.088,-55.404],[-69.02,-55.414],[-69.028,-55.416],[-69.036,-55.42],[-69.016,-55.416],[-69.032,-55.422],[-69.016,-55.44],[-68.978,-55.428],[-68.956,-55.452],[-69.002,-55.462],[-69.04,-55.442],[-69.012,-55.442],[-69.032,-55.44],[-69.024,-55.434],[-69.092,-55.418],[-69.134,-55.376],[-69.13,-55.368],[-69.122,-55.358],[-69.052,-55.384]]],[[[-71.546,-54.716],[-71.542,-54.734],[-71.576,-54.742],[-71.562,-54.748],[-71.598,-54.766],[-71.646,-54.752],[-71.634,-54.732],[-71.652,-54.73],[-71.64,-54.722],[-71.652,-54.714],[-71.616,-54.71],[-71.646,-54.69],[-71.546,-54.716]]],[[[-68.206,-55.204],[-68.208,-55.222],[-68.322,-55.196],[-68.328,-55.168],[-68.264,-55.16],[-68.206,-55.204]]],[[[-71.226,-54.98],[-71.204,-55.026],[-71.224,-55.026],[-71.232,-55.002],[-71.25,-55.022],[-71.28,-55.012],[-71.254,-54.998],[-71.288,-54.994],[-71.27,-54.976],[-71.294,-54.97],[-71.246,-54.948],[-71.19,-54.95],[-71.226,-54.98]]],[[[-68.628,-55.538],[-68.64,-55.544],[-68.622,-55.554],[-68.624,-55.584],[-68.696,-55.564],[-68.724,-55.524],[-68.738,-55.538],[-68.744,-55.528],[-68.72,-55.518],[-68.682,-55.534],[-68.678,-55.52],[-68.628,-55.538]],[[-68.65,-55.536],[-68.648,-55.54],[-68.646,-55.538],[-68.65,-55.536]]],[[[-70.01,-55.052],[-70.036,-55.046],[-70.042,-55.058],[-70.02,-55.062],[-70.034,-55.082],[-70.078,-55.086],[-70.098,-55.058],[-70.078,-55.034],[-69.988,-55.018],[-70.01,-55.052]]],[[[-67.248,-55.936],[-67.25,-55.95],[-67.212,-55.966],[-67.29,-55.98],[-67.316,-55.966],[-67.292,-55.958],[-67.294,-55.944],[-67.35,-55.932],[-67.3,-55.92],[-67.248,-55.936]]],[[[-70.068,-54.932],[-70.164,-54.958],[-70.18,-54.956],[-70.154,-54.944],[-70.204,-54.94],[-70.168,-54.916],[-70.068,-54.932]]],[[[-68.576,-55.48],[-68.572,-55.494],[-68.622,-55.528],[-68.668,-55.506],[-68.636,-55.498],[-68.612,-55.486],[-68.688,-55.492],[-68.68,-55.48],[-68.576,-55.48]]],[[[-69.93,-55.042],[-69.946,-55.07],[-70.012,-55.07],[-69.994,-55.038],[-69.952,-55.01],[-69.93,-55.042]]],[[[-72.002,-54.558],[-71.942,-54.582],[-71.988,-54.586],[-71.998,-54.582],[-71.99,-54.574],[-71.996,-54.566],[-72.006,-54.588],[-72.024,-54.586],[-72.064,-54.56],[-72.054,-54.53],[-72.022,-54.528],[-72.002,-54.558]]],[[[-68.988,-55.578],[-68.998,-55.598],[-68.984,-55.604],[-68.978,-55.606],[-68.992,-55.61],[-68.968,-55.616],[-68.984,-55.62],[-68.964,-55.64],[-69.012,-55.652],[-69.038,-55.606],[-69.022,-55.574],[-68.988,-55.578]],[[-68.986,-55.606],[-68.984,-55.606],[-68.984,-55.604],[-68.986,-55.606]],[[-68.978,-55.64],[-68.978,-55.638],[-68.98,-55.638],[-68.978,-55.64]],[[-69.0,-55.644],[-69.004,-55.646],[-69.0,-55.646],[-69.0,-55.644]]],[[[-71.706,-54.66],[-71.688,-54.686],[-71.736,-54.702],[-71.73,-54.696],[-71.744,-54.682],[-71.736,-54.676],[-71.77,-54.684],[-71.764,-54.67],[-71.782,-54.654],[-71.756,-54.644],[-71.706,-54.66]]],[[[-70.038,-55.228],[-70.054,-55.24],[-70.042,-55.258],[-69.986,-55.264],[-70.098,-55.256],[-70.066,-55.25],[-70.128,-55.226],[-70.136,-55.204],[-70.038,-55.228]]],[[[-67.154,-55.782],[-67.208,-55.782],[-67.212,-55.806],[-67.264,-55.798],[-67.208,-55.758],[-67.156,-55.76],[-67.154,-55.782]],[[-67.182,-55.768],[-67.182,-55.766],[-67.184,-55.766],[-67.182,-55.768]]],[[[-71.144,-54.974],[-71.152,-54.986],[-71.114,-54.984],[-71.144,-54.994],[-71.13,-55.018],[-71.162,-55.022],[-71.164,-54.998],[-71.19,-55.016],[-71.182,-54.992],[-71.204,-54.988],[-71.2,-54.97],[-71.144,-54.974]]],[[[-68.958,-55.34],[-68.982,-55.342],[-69.022,-55.308],[-68.986,-55.29],[-68.956,-55.298],[-68.958,-55.34]]],[[[-69.228,-55.538],[-69.252,-55.556],[-69.282,-55.538],[-69.294,-55.548],[-69.278,-55.568],[-69.322,-55.544],[-69.306,-55.542],[-69.308,-55.52],[-69.252,-55.522],[-69.228,-55.538]]],[[[-71.846,-54.726],[-71.838,-54.716],[-71.776,-54.758],[-71.846,-54.75],[-71.866,-54.734],[-71.856,-54.716],[-71.874,-54.708],[-71.86,-54.708],[-71.846,-54.726]]],[[[-70.088,-55.288],[-70.042,-55.304],[-70.094,-55.294],[-70.144,-55.306],[-70.212,-55.28],[-70.088,-55.288]]],[[[-68.794,-55.552],[-68.81,-55.566],[-68.858,-55.56],[-68.884,-55.53],[-68.83,-55.53],[-68.794,-55.552]],[[-68.83,-55.55],[-68.83,-55.546],[-68.832,-55.548],[-68.83,-55.55]]],[[[-70.628,-55.162],[-70.674,-55.176],[-70.67,-55.192],[-70.716,-55.176],[-70.676,-55.158],[-70.686,-55.146],[-70.634,-55.142],[-70.628,-55.162]]],[[[-71.2,-54.716],[-71.204,-54.732],[-71.25,-54.742],[-71.292,-54.734],[-71.3,-54.718],[-71.2,-54.716]]],[[[-68.536,-55.526],[-68.564,-55.534],[-68.524,-55.528],[-68.548,-55.548],[-68.528,-55.546],[-68.504,-55.582],[-68.528,-55.58],[-68.59,-55.522],[-68.554,-55.512],[-68.536,-55.526]]],[[[-70.372,-55.04],[-70.46,-55.052],[-70.446,-55.034],[-70.374,-55.02],[-70.372,-55.04]]],[[[-67.906,-55.224],[-67.934,-55.25],[-67.978,-55.246],[-67.93,-55.21],[-67.906,-55.224]]],[[[-70.51,-55.012],[-70.496,-55.016],[-70.598,-55.04],[-70.588,-55.01],[-70.51,-55.012]]],[[[-68.216,-55.014],[-68.232,-55.024],[-68.224,-55.05],[-68.264,-55.036],[-68.284,-55.008],[-68.216,-55.014]]],[[[-71.524,-54.686],[-71.596,-54.682],[-71.58,-54.662],[-71.524,-54.686]]],[[[-71.734,-54.696],[-71.778,-54.72],[-71.78,-54.7],[-71.802,-54.69],[-71.734,-54.696]]],[[[-68.41,-55.13],[-68.446,-55.15],[-68.488,-55.136],[-68.41,-55.13]]],[[[-70.266,-55.0],[-70.282,-55.02],[-70.338,-55.01],[-70.266,-55.0]]],[[[-69.13,-55.348],[-69.13,-55.368],[-69.196,-55.34],[-69.15,-55.334],[-69.13,-55.348]]],[[[-69.114,-55.632],[-69.14,-55.624],[-69.142,-55.65],[-69.156,-55.632],[-69.146,-55.612],[-69.166,-55.6],[-69.138,-55.598],[-69.114,-55.632]]],[[[-69.796,-55.374],[-69.794,-55.388],[-69.872,-55.364],[-69.796,-55.374]]],[[[-67.972,-55.548],[-68.004,-55.562],[-68.034,-55.558],[-68.03,-55.538],[-67.972,-55.548]]],[[[-69.994,-54.894],[-70.018,-54.904],[-70.104,-54.892],[-69.994,-54.894]]],[[[-71.628,-54.418],[-71.608,-54.424],[-71.66,-54.422],[-71.674,-54.396],[-71.654,-54.394],[-71.628,-54.418]]],[[[-71.164,-54.744],[-71.17,-54.72],[-71.176,-54.722],[-71.19,-54.722],[-71.172,-54.714],[-71.124,-54.716],[-71.164,-54.744]]],[[[-69.504,-55.498],[-69.532,-55.494],[-69.536,-55.516],[-69.572,-55.512],[-69.554,-55.486],[-69.504,-55.498]]],[[[-71.536,-54.386],[-71.618,-54.376],[-71.578,-54.366],[-71.536,-54.386]]],[[[-68.874,-55.506],[-68.872,-55.524],[-68.908,-55.52],[-68.896,-55.51],[-68.912,-55.492],[-68.874,-55.506]]],[[[-69.9,-55.38],[-69.91,-55.398],[-69.922,-55.396],[-69.932,-55.356],[-69.928,-55.34],[-69.9,-55.38]]],[[[-67.47,-55.842],[-67.504,-55.828],[-67.502,-55.814],[-67.47,-55.816],[-67.47,-55.842]]],[[[-69.18,-55.314],[-69.22,-55.314],[-69.232,-55.294],[-69.194,-55.298],[-69.18,-55.314]]],[[[-70.918,-54.836],[-70.898,-54.852],[-70.964,-54.832],[-70.918,-54.836]]],[[[-69.124,-55.596],[-69.16,-55.586],[-69.132,-55.572],[-69.124,-55.596]]],[[[-70.13,-55.366],[-70.164,-55.358],[-70.164,-55.346],[-70.138,-55.344],[-70.13,-55.366]]],[[[-68.426,-55.546],[-68.438,-55.528],[-68.418,-55.518],[-68.406,-55.538],[-68.426,-55.546]]],[[[-69.62,-55.454],[-69.64,-55.452],[-69.622,-55.428],[-69.61,-55.426],[-69.62,-55.454]],[[-69.624,-55.448],[-69.626,-55.45],[-69.622,-55.448],[-69.624,-55.448]]],[[[-71.79,-54.514],[-71.778,-54.524],[-71.798,-54.522],[-71.802,-54.504],[-71.776,-54.5],[-71.79,-54.514]]],[[[-69.96,-55.398],[-69.998,-55.388],[-69.994,-55.386],[-69.972,-55.38],[-69.956,-55.382],[-69.96,-55.398]]],[[[-71.634,-54.43],[-71.63,-54.438],[-71.612,-54.436],[-71.6,-54.452],[-71.668,-54.43],[-71.634,-54.43]]],[[[-69.694,-55.274],[-69.67,-55.27],[-69.686,-55.288],[-69.72,-55.292],[-69.694,-55.274]]],[[[-66.786,-55.326],[-66.81,-55.314],[-66.804,-55.302],[-66.782,-55.31],[-66.786,-55.326]]],[[[-70.156,-55.046],[-70.176,-55.034],[-70.176,-55.03],[-70.128,-55.03],[-70.156,-55.046]]],[[[-70.902,-55.132],[-70.92,-55.122],[-70.918,-55.108],[-70.896,-55.11],[-70.902,-55.132]]],[[[-71.014,-54.666],[-71.026,-54.658],[-71.004,-54.636],[-70.996,-54.648],[-71.014,-54.666]]],[[[-71.824,-54.702],[-71.838,-54.684],[-71.804,-54.678],[-71.824,-54.702]]],[[[-69.152,-55.25],[-69.168,-55.25],[-69.198,-55.25],[-69.184,-55.24],[-69.152,-55.25]]],[[[-72.07,-54.598],[-72.05,-54.606],[-72.09,-54.594],[-72.07,-54.598]]],[[[-70.82,-55.128],[-70.842,-55.122],[-70.826,-55.106],[-70.82,-55.128]]],[[[-67.404,-55.896],[-67.422,-55.898],[-67.432,-55.882],[-67.404,-55.896]]],[[[-71.51,-54.71],[-71.55,-54.702],[-71.512,-54.694],[-71.51,-54.71]]],[[[-68.368,-55.522],[-68.384,-55.52],[-68.38,-55.532],[-68.386,-55.536],[-68.398,-55.512],[-68.368,-55.522]]],[[[-68.302,-55.548],[-68.316,-55.538],[-68.304,-55.528],[-68.288,-55.534],[-68.302,-55.548]]],[[[-71.214,-54.81],[-71.214,-54.816],[-71.234,-54.816],[-71.258,-54.796],[-71.214,-54.81]]],[[[-69.014,-55.466],[-68.98,-55.476],[-69.026,-55.472],[-69.03,-55.462],[-69.014,-55.466]]],[[[-71.088,-54.714],[-71.088,-54.724],[-71.118,-54.718],[-71.088,-54.714]]],[[[-70.052,-55.278],[-70.07,-55.266],[-70.044,-55.262],[-70.052,-55.278]]],[[[-68.088,-55.402],[-68.098,-55.406],[-68.114,-55.406],[-68.106,-55.4],[-68.064,-55.396],[-68.056,-55.404],[-68.088,-55.402]],[[-68.098,-55.404],[-68.098,-55.402],[-68.106,-55.4],[-68.098,-55.404]]],[[[-68.204,-55.228],[-68.228,-55.226],[-68.218,-55.234],[-68.248,-55.232],[-68.236,-55.222],[-68.204,-55.228]]],[[[-71.256,-54.756],[-71.294,-54.75],[-71.28,-54.748],[-71.256,-54.756]]],[[[-68.382,-55.51],[-68.398,-55.512],[-68.428,-55.512],[-68.42,-55.502],[-68.382,-55.51]]],[[[-70.276,-54.904],[-70.3,-54.9],[-70.292,-54.894],[-70.26,-54.894],[-70.276,-54.904]]],[[[-71.466,-54.93],[-71.49,-54.92],[-71.462,-54.918],[-71.466,-54.93]]],[[[-71.42,-54.374],[-71.466,-54.364],[-71.456,-54.362],[-71.42,-54.374]]],[[[-68.252,-54.922],[-68.3,-54.914],[-68.276,-54.908],[-68.252,-54.922]]],[[[-68.9,-55.638],[-68.914,-55.636],[-68.904,-55.624],[-68.892,-55.626],[-68.9,-55.638]]],[[[-69.626,-55.396],[-69.65,-55.39],[-69.642,-55.384],[-69.618,-55.388],[-69.626,-55.396]]],[[[-71.566,-54.4],[-71.594,-54.396],[-71.592,-54.392],[-71.566,-54.4]]],[[[-71.862,-54.422],[-71.878,-54.422],[-71.828,-54.412],[-71.862,-54.422]]],[[[-71.496,-54.378],[-71.502,-54.392],[-71.526,-54.372],[-71.496,-54.378]]],[[[-71.542,-54.416],[-71.56,-54.406],[-71.554,-54.404],[-71.536,-54.404],[-71.542,-54.416]]],[[[-66.794,-55.572],[-66.806,-55.566],[-66.784,-55.556],[-66.778,-55.566],[-66.794,-55.572]]],[[[-67.516,-55.81],[-67.532,-55.798],[-67.526,-55.796],[-67.516,-55.81]]],[[[-71.712,-54.626],[-71.72,-54.624],[-71.72,-54.612],[-71.698,-54.612],[-71.712,-54.626]]],[[[-69.774,-55.486],[-69.786,-55.482],[-69.774,-55.47],[-69.76,-55.47],[-69.774,-55.486]]],[[[-66.792,-55.826],[-66.808,-55.83],[-66.816,-55.828],[-66.788,-55.816],[-66.792,-55.826]]],[[[-71.81,-54.488],[-71.822,-54.498],[-71.83,-54.486],[-71.81,-54.488]]],[[[-69.122,-55.276],[-69.116,-55.28],[-69.144,-55.284],[-69.134,-55.278],[-69.132,-55.276],[-69.122,-55.276]],[[-69.134,-55.28],[-69.13,-55.28],[-69.132,-55.278],[-69.134,-55.278],[-69.134,-55.28]]],[[[-69.632,-55.542],[-69.642,-55.54],[-69.628,-55.53],[-69.608,-55.532],[-69.632,-55.542]]],[[[-67.892,-55.234],[-67.9,-55.224],[-67.886,-55.22],[-67.878,-55.232],[-67.892,-55.234]]],[[[-70.122,-55.316],[-70.15,-55.318],[-70.142,-55.31],[-70.122,-55.316]]],[[[-71.064,-54.676],[-71.088,-54.674],[-71.074,-54.666],[-71.064,-54.676]]],[[[-72.008,-54.482],[-72.016,-54.476],[-72.006,-54.468],[-71.992,-54.476],[-72.008,-54.482]]],[[[-68.536,-55.496],[-68.532,-55.498],[-68.528,-55.504],[-68.536,-55.508],[-68.542,-55.502],[-68.538,-55.484],[-68.536,-55.496]]],[[[-68.726,-56.516],[-68.742,-56.508],[-68.732,-56.5],[-68.726,-56.516]]],[[[-68.036,-55.538],[-68.04,-55.544],[-68.046,-55.534],[-68.036,-55.538]]],[[[-68.292,-55.138],[-68.316,-55.128],[-68.286,-55.13],[-68.292,-55.138]]],[[[-67.326,-55.614],[-67.334,-55.608],[-67.306,-55.608],[-67.326,-55.614]]],[[[-71.022,-54.952],[-71.036,-54.954],[-71.026,-54.936],[-71.022,-54.952]]],[[[-71.076,-54.726],[-71.086,-54.716],[-71.076,-54.71],[-71.076,-54.726]]],[[[-68.562,-55.498],[-68.566,-55.488],[-68.546,-55.488],[-68.562,-55.498]]],[[[-71.302,-54.906],[-71.304,-54.91],[-71.334,-54.894],[-71.302,-54.906]]],[[[-68.57,-55.554],[-68.608,-55.548],[-68.596,-55.546],[-68.57,-55.554]]],[[[-71.422,-54.678],[-71.42,-54.68],[-71.436,-54.688],[-71.422,-54.678]]],[[[-71.358,-54.67],[-71.388,-54.668],[-71.37,-54.662],[-71.358,-54.67]]],[[[-69.576,-55.488],[-69.6,-55.484],[-69.578,-55.474],[-69.576,-55.488]]],[[[-68.332,-55.478],[-68.348,-55.478],[-68.34,-55.472],[-68.346,-55.472],[-68.348,-55.468],[-68.348,-55.466],[-68.334,-55.468],[-68.332,-55.478]]],[[[-67.55,-55.618],[-67.548,-55.608],[-67.53,-55.616],[-67.55,-55.618]]],[[[-67.376,-55.702],[-67.38,-55.694],[-67.368,-55.69],[-67.376,-55.702]]],[[[-70.942,-54.814],[-70.964,-54.806],[-70.958,-54.8],[-70.942,-54.814]]],[[[-68.332,-54.916],[-68.356,-54.916],[-68.328,-54.91],[-68.332,-54.916]]],[[[-69.164,-55.424],[-69.166,-55.428],[-69.182,-55.416],[-69.164,-55.424]]],[[[-71.024,-54.69],[-71.042,-54.694],[-71.028,-54.678],[-71.024,-54.69]]],[[[-71.034,-54.744],[-71.036,-54.742],[-71.038,-54.746],[-71.046,-54.744],[-71.026,-54.736],[-71.034,-54.744]]],[[[-69.804,-55.358],[-69.824,-55.358],[-69.836,-55.35],[-69.804,-55.358]]],[[[-70.018,-55.204],[-70.04,-55.202],[-70.012,-55.198],[-70.018,-55.204]]],[[[-69.104,-55.63],[-69.088,-55.632],[-69.094,-55.64],[-69.104,-55.63]]],[[[-71.436,-54.408],[-71.458,-54.406],[-71.436,-54.402],[-71.436,-54.408]]],[[[-68.84,-55.262],[-68.842,-55.26],[-68.816,-55.256],[-68.84,-55.262]]],[[[-70.756,-54.856],[-70.766,-54.85],[-70.746,-54.846],[-70.756,-54.856]]],[[[-70.24,-54.94],[-70.256,-54.94],[-70.254,-54.932],[-70.24,-54.94]]],[[[-69.15,-55.554],[-69.154,-55.552],[-69.118,-55.55],[-69.15,-55.554]]],[[[-70.936,-55.154],[-70.954,-55.154],[-70.936,-55.144],[-70.936,-55.154]]],[[[-69.094,-55.306],[-69.12,-55.306],[-69.108,-55.296],[-69.094,-55.306]]],[[[-71.028,-55.096],[-71.046,-55.098],[-71.038,-55.084],[-71.028,-55.096]]],[[[-69.748,-54.926],[-69.754,-54.914],[-69.75,-54.914],[-69.736,-54.92],[-69.748,-54.926]]],[[[-69.174,-55.584],[-69.182,-55.58],[-69.152,-55.576],[-69.174,-55.584]]],[[[-68.654,-55.174],[-68.676,-55.168],[-68.67,-55.166],[-68.654,-55.174]]],[[[-70.264,-55.11],[-70.276,-55.108],[-70.268,-55.102],[-70.264,-55.11]]],[[[-70.21,-55.044],[-70.222,-55.04],[-70.19,-55.032],[-70.21,-55.044]]],[[[-69.282,-55.254],[-69.302,-55.252],[-69.292,-55.248],[-69.282,-55.254]]],[[[-71.356,-54.798],[-71.37,-54.79],[-71.362,-54.784],[-71.356,-54.798]]],[[[-67.47,-55.808],[-67.49,-55.804],[-67.486,-55.796],[-67.47,-55.808]]],[[[-71.456,-54.394],[-71.45,-54.398],[-71.472,-54.398],[-71.456,-54.394]]],[[[-68.304,-55.014],[-68.31,-55.01],[-68.29,-55.008],[-68.304,-55.014]]],[[[-68.844,-55.14],[-68.844,-55.138],[-68.824,-55.142],[-68.844,-55.14]]],[[[-71.478,-54.704],[-71.462,-54.698],[-71.464,-54.706],[-71.478,-54.704]]],[[[-68.862,-55.492],[-68.87,-55.494],[-68.89,-55.486],[-68.862,-55.492]]],[[[-69.23,-55.336],[-69.232,-55.332],[-69.224,-55.328],[-69.22,-55.338],[-69.23,-55.336]]],[[[-70.64,-55.046],[-70.662,-55.042],[-70.642,-55.036],[-70.64,-55.046]]],[[[-68.148,-55.052],[-68.17,-55.046],[-68.166,-55.044],[-68.152,-55.048],[-68.148,-55.052]]],[[[-71.876,-54.656],[-71.886,-54.652],[-71.858,-54.652],[-71.876,-54.656]]],[[[-66.688,-55.282],[-66.694,-55.28],[-66.678,-55.272],[-66.688,-55.282]]],[[[-69.204,-55.398],[-69.212,-55.392],[-69.204,-55.386],[-69.202,-55.39],[-69.2,-55.392],[-69.204,-55.398]]],[[[-67.532,-55.61],[-67.538,-55.6],[-67.518,-55.604],[-67.532,-55.61]]],[[[-69.186,-55.412],[-69.19,-55.402],[-69.174,-55.402],[-69.186,-55.412]]]]}},{"type":"Feature","properties":{"codigo_region":"12","codigo_comuna":"12301","nombre_comuna":"Porvenir","nombre_comuna_clean":"porvenir","nombre_region":"Región de Magallanes y Antártica Chilena"},"geometry":{"type":"MultiPolygon","coordinates":[[[[-68.606,-53.8],[-68.89,-53.794],[-68.998,-53.754],[-68.98,-53.744],[-69.036,-53.692],[-69.096,-53.704],[-69.264,-53.616],[-69.358,-53.644],[-69.3,-53.676],[-69.366,-53.728],[-69.456,-53.696],[-69.45,-53.684],[-69.552,-53.658],[-69.614,-53.616],[-69.358,-53.524],[-69.316,-53.492],[-69.322,-53.42],[-69.364,-53.362],[-69.504,-53.362],[-69.574,-53.346],[-69.882,-53.378],[-70.11,-53.456],[-70.214,-53.478],[-70.242,-53.47],[-70.298,-53.438],[-70.324,-53.398],[-70.45,-53.372],[-70.452,-53.326],[-70.426,-53.302],[-70.456,-53.316],[-70.464,-53.304],[-70.46,-53.218],[-70.43,-53.158],[-70.442,-53.112],[-70.432,-53.042],[-70.412,-53.008],[-70.322,-52.968],[-70.342,-53.006],[-70.312,-53.036],[-70.34,-53.048],[-70.342,-53.066],[-70.248,-53.062],[-70.138,-53.014],[-70.108,-52.956],[-69.9,-52.964],[-69.898,-53.0],[-69.822,-53.014],[-69.824,-52.992],[-69.578,-52.988],[-69.512,-53.056],[-69.418,-53.006],[-69.122,-53.01],[-69.114,-52.984],[-68.606,-52.986],[-68.606,-53.002],[-68.606,-53.404],[-68.606,-53.8]],[[-70.366,-53.304],[-70.408,-53.294],[-70.426,-53.302],[-70.366,-53.304]],[[-68.608,-53.0],[-68.608,-53.002],[-68.606,-53.002],[-68.608,-53.0]]]]}},{"type":"Feature","properties":{"codigo_region":"12","codigo_comuna":"12302","nombre_comuna":"Primavera","nombre_comuna_clean":"primavera","nombre_region":"Región de Magallanes y Antártica Chilena"},"geometry":{"type":"Polygon","coordinates":[[[-68.772,-52.596],[-68.788,-52.582],[-68.774,-52.544],[-68.75,-52.548],[-68.694,-52.608],[-68.606,-52.66],[-68.606,-52.986],[-69.114,-52.984],[-69.122,-53.01],[-69.418,-53.006],[-69.512,-53.056],[-69.578,-52.988],[-69.824,-52.992],[-69.822,-53.014],[-69.898,-53.0],[-69.9,-52.964],[-70.108,-52.956],[-70.09,-52.926],[-70.118,-52.888],[-70.17,-52.896],[-70.234,-52.882],[-70.298,-52.912],[-70.258,-52.862],[-70.28,-52.804],[-70.324,-52.782],[-70.438,-52.78],[-70.33,-52.744],[-70.142,-52.73],[-70.042,-52.818],[-69.98,-52.846],[-69.92,-52.846],[-69.836,-52.786],[-69.748,-52.776],[-69.7,-52.752],[-69.592,-52.648],[-69.61,-52.58],[-69.584,-52.526],[-69.41,-52.454],[-69.21,-52.666],[-69.126,-52.7],[-68.796,-52.582],[-68.776,-52.598],[-68.772,-52.596]],[[-70.288,-52.792],[-70.282,-52.796],[-70.28,-52.79],[-70.288,-52.792]]]}},{"type":"Feature","properties":{"codigo_region":"12","codigo_comuna":"12303","nombre_comuna":"Timaukel","nombre_comuna_clean":"timaukel","nombre_region":"Región de Magallanes y Antártica Chilena"},"geometry":{"type":"Polygon","coordinates":[[[-71.068,-54.456],[-70.976,-54.454],[-70.94,-54.518],[-70.932,-54.496],[-70.958,-54.444],[-70.918,-54.426],[-70.936,-54.37],[-70.914,-54.352],[-70.798,-54.326],[-70.792,-54.338],[-70.724,-54.338],[-70.738,-54.346],[-70.726,-54.35],[-70.734,-54.37],[-70.702,-54.35],[-70.662,-54.362],[-70.662,-54.338],[-70.588,-54.344],[-70.58,-54.36],[-70.65,-54.404],[-70.674,-54.438],[-70.708,-54.434],[-70.706,-54.456],[-70.684,-54.462],[-70.702,-54.5],[-70.782,-54.58],[-70.754,-54.578],[-70.766,-54.622],[-70.74,-54.564],[-70.718,-54.552],[-70.666,-54.586],[-70.67,-54.606],[-70.62,-54.608],[-70.616,-54.596],[-70.674,-54.57],[-70.706,-54.536],[-70.676,-54.53],[-70.692,-54.52],[-70.644,-54.446],[-70.558,-54.402],[-70.436,-54.476],[-70.466,-54.484],[-70.332,-54.51],[-70.322,-54.52],[-70.352,-54.514],[-70.356,-54.516],[-70.234,-54.588],[-70.232,-54.578],[-70.19,-54.584],[-70.268,-54.558],[-70.306,-54.526],[-70.3,-54.502],[-70.244,-54.51],[-70.14,-54.56],[-70.104,-54.558],[-70.202,-54.522],[-70.176,-54.514],[-70.406,-54.452],[-70.454,-54.416],[-70.434,-54.394],[-70.478,-54.402],[-70.51,-54.39],[-70.512,-54.356],[-70.49,-54.348],[-70.528,-54.302],[-70.826,-54.272],[-70.874,-54.256],[-70.866,-54.246],[-70.91,-54.204],[-70.896,-54.198],[-70.914,-54.17],[-70.858,-54.168],[-70.926,-54.138],[-70.942,-54.122],[-70.934,-54.118],[-70.87,-54.144],[-70.83,-54.142],[-70.502,-54.284],[-70.464,-54.28],[-70.398,-54.314],[-70.39,-54.302],[-70.314,-54.332],[-70.314,-54.348],[-70.278,-54.342],[-70.27,-54.356],[-70.308,-54.354],[-70.204,-54.374],[-70.218,-54.38],[-70.216,-54.4],[-70.156,-54.414],[-70.132,-54.438],[-70.112,-54.432],[-70.158,-54.4],[-70.138,-54.4],[-70.148,-54.386],[-70.076,-54.382],[-70.05,-54.396],[-70.036,-54.384],[-70.146,-54.368],[-70.202,-54.338],[-70.198,-54.316],[-70.12,-54.302],[-70.128,-54.292],[-70.082,-54.254],[-69.986,-54.27],[-69.968,-54.306],[-69.934,-54.31],[-69.978,-54.328],[-69.95,-54.332],[-69.93,-54.362],[-69.97,-54.38],[-69.952,-54.398],[-69.902,-54.376],[-69.876,-54.408],[-69.912,-54.436],[-69.858,-54.418],[-69.854,-54.436],[-69.816,-54.45],[-69.89,-54.478],[-69.858,-54.488],[-69.91,-54.518],[-69.872,-54.52],[-69.8,-54.468],[-69.746,-54.518],[-69.864,-54.584],[-69.772,-54.544],[-69.73,-54.582],[-69.76,-54.588],[-69.766,-54.604],[-69.722,-54.588],[-69.748,-54.544],[-69.712,-54.504],[-69.762,-54.444],[-69.802,-54.426],[-69.812,-54.41],[-69.792,-54.406],[-69.826,-54.38],[-69.83,-54.346],[-69.87,-54.322],[-69.846,-54.288],[-69.74,-54.31],[-69.61,-54.366],[-69.638,-54.394],[-69.606,-54.404],[-69.624,-54.408],[-69.62,-54.426],[-69.642,-54.452],[-69.586,-54.5],[-69.564,-54.482],[-69.602,-54.452],[-69.568,-54.426],[-69.602,-54.404],[-69.558,-54.418],[-69.56,-54.436],[-69.494,-54.444],[-69.536,-54.432],[-69.56,-54.378],[-69.544,-54.376],[-69.544,-54.336],[-69.494,-54.338],[-69.458,-54.35],[-69.462,-54.352],[-69.454,-54.352],[-69.45,-54.354],[-69.412,-54.366],[-69.432,-54.372],[-69.382,-54.398],[-69.2,-54.45],[-69.206,-54.49],[-69.256,-54.5],[-69.26,-54.52],[-69.348,-54.57],[-69.366,-54.61],[-69.406,-54.612],[-69.378,-54.618],[-69.41,-54.65],[-69.46,-54.672],[-69.514,-54.676],[-69.468,-54.688],[-69.384,-54.646],[-69.342,-54.724],[-69.336,-54.69],[-69.378,-54.64],[-69.328,-54.628],[-69.26,-54.542],[-69.2,-54.524],[-69.172,-54.564],[-69.13,-54.57],[-69.152,-54.52],[-69.174,-54.508],[-69.142,-54.482],[-69.132,-54.452],[-68.98,-54.482],[-68.956,-54.478],[-68.956,-54.476],[-68.996,-54.456],[-68.962,-54.446],[-69.17,-54.378],[-69.154,-54.37],[-69.208,-54.364],[-69.534,-54.25],[-69.92,-54.164],[-69.9,-54.156],[-70.05,-54.092],[-70.022,-54.094],[-70.076,-54.068],[-70.046,-54.07],[-70.042,-54.056],[-70.082,-53.986],[-70.136,-53.938],[-70.152,-53.896],[-70.142,-53.886],[-70.162,-53.874],[-70.156,-53.86],[-70.174,-53.834],[-70.17,-53.774],[-70.134,-53.744],[-69.96,-53.71],[-69.906,-53.662],[-69.78,-53.666],[-69.67,-53.646],[-69.614,-53.616],[-69.552,-53.658],[-69.45,-53.684],[-69.456,-53.696],[-69.366,-53.728],[-69.3,-53.676],[-69.358,-53.644],[-69.264,-53.616],[-69.096,-53.704],[-69.036,-53.692],[-68.98,-53.744],[-68.998,-53.754],[-68.89,-53.794],[-68.606,-53.8],[-68.602,-54.648],[-68.676,-54.606],[-68.768,-54.652],[-68.792,-54.624],[-68.916,-54.622],[-68.98,-54.584],[-69.03,-54.59],[-69.044,-54.618],[-69.07,-54.628],[-69.07,-54.662],[-69.184,-54.734],[-69.252,-54.754],[-69.258,-54.786],[-69.426,-54.754],[-69.472,-54.776],[-69.598,-54.66],[-69.646,-54.678],[-69.712,-54.628],[-69.82,-54.644],[-69.844,-54.612],[-69.866,-54.608],[-69.948,-54.608],[-70.044,-54.646],[-70.114,-54.652],[-70.296,-54.584],[-70.332,-54.59],[-70.386,-54.562],[-70.502,-54.554],[-70.516,-54.558],[-70.506,-54.608],[-70.738,-54.65],[-70.778,-54.63],[-70.828,-54.634],[-70.844,-54.618],[-70.836,-54.588],[-70.914,-54.596],[-70.994,-54.57],[-71.0,-54.532],[-71.116,-54.434],[-71.068,-54.456]],[[-68.924,-54.484],[-68.922,-54.484],[-68.914,-54.484],[-68.926,-54.482],[-68.924,-54.484]],[[-69.476,-54.356],[-69.476,-54.352],[-69.478,-54.354],[-69.476,-54.356]],[[-69.44,-54.362],[-69.438,-54.362],[-69.44,-54.36],[-69.44,-54.362]],[[-69.444,-54.366],[-69.442,-54.364],[-69.452,-54.364],[-69.444,-54.366]],[[-69.45,-54.358],[-69.442,-54.358],[-69.45,-54.356],[-69.45,-54.358]],[[-70.148,-53.866],[-70.144,-53.866],[-70.15,-53.862],[-70.148,-53.866]],[[-69.442,-54.362],[-69.472,-54.354],[-69.468,-54.36],[-69.442,-54.362]],[[-70.136,-53.882],[-70.13,-53.88],[-70.148,-53.87],[-70.136,-53.882]]]}},{"type":"Feature","properties":{"codigo_region":"12","codigo_comuna":"12401","nombre_comuna":"Natales","nombre_comuna_clean":"natales","nombre_region":"Región de Magallanes y Antártica Chilena"},"geometry":{"type":"MultiPolygon","coordinates":[[[[-74.026,-48.738],[-73.968,-48.716],[-73.212,-49.168],[-73.64,-49.168],[-73.644,-49.716],[-73.68,-49.718],[-73.726,-49.698],[-73.74,-49.674],[-73.688,-49.686],[-73.676,-49.682],[-73.724,-49.676],[-73.738,-49.65],[-73.808,-49.644],[-73.868,-49.53],[-73.908,-49.512],[-73.976,-49.526],[-74.074,-49.504],[-74.056,-49.444],[-74.074,-49.41],[-74.044,-49.348],[-74.048,-49.284],[-74.006,-49.256],[-73.94,-49.288],[-73.922,-49.328],[-73.792,-49.354],[-73.782,-49.402],[-73.77,-49.398],[-73.786,-49.346],[-73.902,-49.316],[-73.908,-49.284],[-73.92,-49.284],[-73.91,-49.292],[-73.918,-49.312],[-73.924,-49.28],[-73.982,-49.244],[-73.976,-49.234],[-74.032,-49.216],[-74.076,-49.246],[-74.122,-49.184],[-74.118,-49.212],[-74.154,-49.198],[-74.148,-49.218],[-74.104,-49.226],[-74.114,-49.236],[-74.094,-49.268],[-74.106,-49.356],[-74.148,-49.418],[-74.148,-49.53],[-74.166,-49.544],[-74.214,-49.534],[-74.266,-49.484],[-74.308,-49.434],[-74.292,-49.424],[-74.286,-49.412],[-74.328,-49.428],[-74.39,-49.388],[-74.39,-49.376],[-74.372,-49.392],[-74.384,-49.36],[-74.344,-49.322],[-74.358,-49.282],[-74.362,-49.172],[-74.33,-49.184],[-74.308,-49.184],[-74.342,-49.166],[-74.368,-49.112],[-74.344,-49.054],[-74.374,-49.058],[-74.38,-49.092],[-74.416,-49.064],[-74.424,-49.014],[-74.408,-49.0],[-74.42,-48.986],[-74.38,-48.966],[-74.378,-48.994],[-74.362,-48.99],[-74.352,-48.944],[-74.372,-48.936],[-74.368,-48.922],[-74.348,-48.934],[-74.324,-48.918],[-74.322,-48.928],[-74.312,-48.93],[-74.32,-48.932],[-74.282,-48.938],[-74.356,-48.898],[-74.386,-48.896],[-74.404,-48.88],[-74.398,-48.858],[-74.362,-48.868],[-74.342,-48.862],[-74.402,-48.848],[-74.404,-48.804],[-74.326,-48.744],[-74.34,-48.712],[-74.326,-48.706],[-74.308,-48.714],[-74.31,-48.738],[-74.304,-48.742],[-74.302,-48.714],[-74.258,-48.742],[-74.154,-48.7],[-74.026,-48.738]]],[[[-73.644,-49.794],[-73.456,-49.8],[-73.49,-49.816],[-73.484,-49.838],[-73.506,-49.892],[-73.55,-49.908],[-73.56,-49.942],[-73.482,-49.97],[-73.452,-49.96],[-73.436,-50.01],[-73.462,-50.054],[-73.498,-50.05],[-73.476,-50.09],[-73.514,-50.106],[-73.522,-50.154],[-73.464,-50.184],[-73.43,-50.182],[-73.416,-50.2],[-73.448,-50.218],[-73.452,-50.242],[-73.362,-50.302],[-73.438,-50.344],[-73.436,-50.362],[-73.416,-50.382],[-73.37,-50.372],[-73.388,-50.392],[-73.358,-50.428],[-73.366,-50.452],[-73.352,-50.472],[-73.366,-50.488],[-73.338,-50.498],[-73.364,-50.518],[-73.332,-50.57],[-73.194,-50.616],[-73.144,-50.652],[-73.188,-50.726],[-73.25,-50.726],[-73.312,-50.838],[-73.388,-50.882],[-73.398,-50.92],[-73.426,-50.93],[-73.446,-50.966],[-73.432,-51.03],[-73.466,-51.08],[-73.45,-51.128],[-73.468,-51.166],[-73.458,-51.268],[-73.44,-51.3],[-73.45,-51.34],[-73.11,-51.33],[-73.076,-51.368],[-73.09,-51.386],[-73.07,-51.394],[-73.076,-51.406],[-73.178,-51.466],[-73.244,-51.46],[-73.254,-51.466],[-73.244,-51.474],[-73.258,-51.466],[-73.27,-51.48],[-73.206,-51.512],[-73.13,-51.478],[-73.12,-51.494],[-73.056,-51.494],[-73.034,-51.532],[-73.06,-51.566],[-73.118,-51.588],[-73.114,-51.604],[-73.034,-51.56],[-73.02,-51.518],[-73.0,-51.51],[-72.928,-51.564],[-72.896,-51.564],[-72.836,-51.596],[-72.824,-51.574],[-72.814,-51.588],[-72.75,-51.604],[-72.688,-51.696],[-72.644,-51.68],[-72.608,-51.712],[-72.586,-51.7],[-72.532,-51.718],[-72.526,-51.738],[-72.552,-51.744],[-72.556,-51.758],[-72.54,-51.766],[-72.606,-51.816],[-72.642,-51.83],[-72.714,-51.812],[-72.724,-51.836],[-72.746,-51.808],[-72.772,-51.812],[-72.818,-51.76],[-72.888,-51.75],[-72.886,-51.772],[-72.906,-51.77],[-72.92,-51.764],[-72.902,-51.76],[-72.92,-51.74],[-72.94,-51.768],[-72.962,-51.758],[-72.968,-51.772],[-72.992,-51.726],[-73.046,-51.714],[-73.078,-51.68],[-73.094,-51.674],[-73.108,-51.7],[-73.13,-51.702],[-73.15,-51.69],[-73.128,-51.696],[-73.148,-51.67],[-73.174,-51.684],[-73.194,-51.67],[-73.194,-51.682],[-73.2,-51.662],[-73.186,-51.638],[-73.204,-51.596],[-73.232,-51.624],[-73.292,-51.572],[-73.29,-51.612],[-73.25,-51.622],[-73.224,-51.646],[-73.224,-51.672],[-73.254,-51.672],[-73.284,-51.692],[-73.226,-51.68],[-73.14,-51.72],[-73.09,-51.696],[-73.056,-51.728],[-73.04,-51.726],[-73.0,-51.784],[-73.028,-51.804],[-73.042,-51.766],[-73.068,-51.752],[-73.092,-51.75],[-73.122,-51.754],[-73.136,-51.776],[-73.164,-51.77],[-73.146,-51.786],[-73.074,-51.754],[-73.044,-51.788],[-73.036,-51.822],[-73.07,-51.836],[-73.076,-51.864],[-73.104,-51.85],[-73.116,-51.872],[-73.22,-51.878],[-73.21,-51.892],[-73.098,-51.886],[-72.984,-51.798],[-72.914,-51.85],[-72.936,-51.892],[-72.97,-51.886],[-73.124,-51.938],[-73.152,-51.986],[-73.148,-52.012],[-73.162,-52.012],[-73.144,-52.074],[-73.144,-52.076],[-73.152,-52.096],[-73.228,-52.1],[-73.26,-52.032],[-73.254,-51.976],[-73.272,-51.936],[-73.258,-51.93],[-73.272,-51.906],[-73.286,-51.902],[-73.288,-51.918],[-73.294,-51.904],[-73.294,-51.876],[-73.28,-51.888],[-73.262,-51.884],[-73.29,-51.87],[-73.304,-51.772],[-73.334,-51.698],[-73.372,-51.672],[-73.39,-51.64],[-73.4,-51.638],[-73.342,-51.728],[-73.306,-51.846],[-73.318,-51.886],[-73.26,-52.098],[-73.272,-52.162],[-73.394,-52.126],[-73.48,-52.036],[-73.464,-52.06],[-73.474,-52.074],[-73.53,-52.05],[-73.516,-52.034],[-73.556,-52.03],[-73.586,-51.962],[-73.566,-51.97],[-73.594,-51.928],[-73.546,-51.934],[-73.602,-51.914],[-73.64,-51.866],[-73.644,-51.822],[-73.63,-51.808],[-73.598,-51.814],[-73.594,-51.8],[-73.554,-51.868],[-73.548,-51.872],[-73.542,-51.872],[-73.548,-51.852],[-73.528,-51.872],[-73.492,-51.94],[-73.528,-51.942],[-73.472,-51.958],[-73.4,-52.05],[-73.396,-52.036],[-73.37,-52.042],[-73.404,-52.03],[-73.41,-52.008],[-73.372,-52.018],[-73.37,-52.016],[-73.422,-51.988],[-73.436,-51.96],[-73.418,-51.958],[-73.46,-51.942],[-73.48,-51.898],[-73.42,-51.9],[-73.48,-51.888],[-73.542,-51.808],[-73.5,-51.794],[-73.544,-51.8],[-73.594,-51.752],[-73.546,-51.73],[-73.556,-51.744],[-73.556,-51.758],[-73.504,-51.722],[-73.5,-51.698],[-73.466,-51.692],[-73.444,-51.676],[-73.548,-51.714],[-73.554,-51.68],[-73.562,-51.718],[-73.61,-51.72],[-73.634,-51.684],[-73.62,-51.642],[-73.642,-51.658],[-73.64,-51.698],[-73.668,-51.748],[-73.698,-51.75],[-73.682,-51.786],[-73.706,-51.794],[-73.732,-51.76],[-73.72,-51.752],[-73.756,-51.736],[-73.758,-51.724],[-73.744,-51.728],[-73.738,-51.718],[-73.808,-51.7],[-73.778,-51.698],[-73.794,-51.686],[-73.774,-51.69],[-73.784,-51.674],[-73.798,-51.684],[-73.81,-51.684],[-73.796,-51.664],[-73.824,-51.666],[-73.804,-51.66],[-73.812,-51.65],[-73.77,-51.654],[-73.78,-51.662],[-73.736,-51.648],[-73.772,-51.652],[-73.828,-51.626],[-73.88,-51.632],[-73.886,-51.62],[-73.88,-51.622],[-73.872,-51.616],[-73.866,-51.62],[-73.862,-51.618],[-73.892,-51.606],[-73.906,-51.618],[-73.896,-51.612],[-73.896,-51.624],[-73.92,-51.624],[-73.91,-51.57],[-73.886,-51.588],[-73.826,-51.592],[-73.814,-51.59],[-73.866,-51.578],[-73.854,-51.544],[-73.79,-51.552],[-73.782,-51.548],[-73.818,-51.54],[-73.806,-51.53],[-73.858,-51.532],[-73.868,-51.548],[-73.87,-51.548],[-73.914,-51.538],[-73.898,-51.54],[-73.912,-51.536],[-73.924,-51.514],[-73.884,-51.51],[-73.92,-51.502],[-73.924,-51.468],[-73.87,-51.482],[-73.936,-51.444],[-73.902,-51.412],[-73.96,-51.414],[-73.914,-51.406],[-73.9,-51.368],[-73.858,-51.404],[-73.808,-51.392],[-73.75,-51.476],[-73.746,-51.438],[-73.736,-51.442],[-73.686,-51.526],[-73.654,-51.544],[-73.662,-51.574],[-73.634,-51.598],[-73.652,-51.604],[-73.62,-51.614],[-73.62,-51.632],[-73.584,-51.618],[-73.586,-51.602],[-73.616,-51.582],[-73.628,-51.536],[-73.652,-51.522],[-73.598,-51.522],[-73.59,-51.536],[-73.574,-51.544],[-73.588,-51.524],[-73.576,-51.514],[-73.634,-51.512],[-73.64,-51.488],[-73.626,-51.496],[-73.624,-51.484],[-73.636,-51.46],[-73.56,-51.45],[-73.638,-51.452],[-73.68,-51.43],[-73.678,-51.4],[-73.708,-51.374],[-73.706,-51.344],[-73.686,-51.372],[-73.686,-51.352],[-73.714,-51.316],[-73.684,-51.296],[-73.77,-51.252],[-73.786,-51.222],[-73.72,-51.188],[-73.69,-51.228],[-73.69,-51.276],[-73.664,-51.28],[-73.692,-51.208],[-73.662,-51.214],[-73.64,-51.198],[-73.664,-51.212],[-73.708,-51.178],[-73.674,-51.14],[-73.7,-51.154],[-73.712,-51.132],[-73.71,-51.158],[-73.724,-51.164],[-73.73,-51.14],[-73.826,-51.064],[-73.754,-51.15],[-73.75,-51.174],[-73.764,-51.186],[-73.808,-51.206],[-73.804,-51.2],[-73.81,-51.194],[-73.836,-51.226],[-73.9,-51.258],[-73.924,-51.238],[-73.958,-51.162],[-73.986,-51.146],[-73.984,-51.13],[-73.992,-51.11],[-74.018,-51.144],[-74.0,-51.16],[-74.002,-51.206],[-74.074,-51.208],[-74.072,-51.19],[-74.112,-51.194],[-74.124,-51.182],[-74.114,-51.13],[-74.13,-51.106],[-74.106,-51.1],[-74.106,-51.094],[-74.136,-51.088],[-74.128,-51.054],[-74.144,-51.066],[-74.078,-50.998],[-74.034,-51.0],[-74.076,-50.982],[-74.038,-50.95],[-74.058,-50.958],[-74.066,-50.938],[-74.08,-50.97],[-74.092,-50.956],[-74.096,-50.97],[-74.12,-50.956],[-74.096,-50.974],[-74.096,-50.978],[-74.11,-50.978],[-74.156,-51.042],[-74.164,-51.032],[-74.192,-51.058],[-74.214,-51.042],[-74.212,-50.988],[-74.234,-50.982],[-74.196,-50.958],[-74.244,-50.962],[-74.23,-50.92],[-74.184,-50.898],[-74.206,-50.904],[-74.194,-50.888],[-74.1,-50.87],[-74.046,-50.886],[-73.956,-50.886],[-73.924,-50.906],[-73.942,-50.878],[-73.884,-50.868],[-73.864,-50.876],[-73.844,-50.926],[-73.87,-50.938],[-73.764,-50.962],[-73.7,-50.958],[-73.672,-50.93],[-73.762,-50.934],[-73.798,-50.914],[-73.796,-50.892],[-73.832,-50.864],[-73.878,-50.846],[-73.834,-50.798],[-73.804,-50.798],[-73.758,-50.832],[-73.716,-50.828],[-73.77,-50.818],[-73.788,-50.8],[-73.772,-50.746],[-73.798,-50.684],[-73.76,-50.656],[-73.696,-50.656],[-73.64,-50.632],[-73.602,-50.652],[-73.608,-50.676],[-73.592,-50.654],[-73.556,-50.662],[-73.532,-50.714],[-73.512,-50.71],[-73.532,-50.666],[-73.498,-50.682],[-73.354,-50.684],[-73.394,-50.668],[-73.532,-50.658],[-73.568,-50.636],[-73.554,-50.628],[-73.558,-50.592],[-73.58,-50.598],[-73.578,-50.624],[-73.656,-50.616],[-73.692,-50.57],[-73.746,-50.542],[-73.698,-50.492],[-73.63,-50.504],[-73.574,-50.472],[-73.588,-50.446],[-73.56,-50.426],[-73.568,-50.408],[-73.55,-50.376],[-73.608,-50.428],[-73.632,-50.492],[-73.71,-50.488],[-73.766,-50.522],[-73.768,-50.562],[-73.8,-50.602],[-73.792,-50.632],[-73.83,-50.678],[-73.822,-50.774],[-73.862,-50.782],[-73.878,-50.802],[-73.908,-50.792],[-73.9,-50.804],[-73.932,-50.846],[-74.008,-50.822],[-74.008,-50.838],[-74.028,-50.85],[-74.126,-50.766],[-74.102,-50.764],[-74.082,-50.73],[-74.048,-50.728],[-74.052,-50.69],[-74.094,-50.702],[-74.124,-50.688],[-74.108,-50.708],[-74.12,-50.728],[-74.11,-50.744],[-74.13,-50.758],[-74.142,-50.744],[-74.118,-50.746],[-74.116,-50.744],[-74.152,-50.732],[-74.168,-50.698],[-74.158,-50.69],[-74.228,-50.586],[-74.22,-50.57],[-74.198,-50.584],[-74.202,-50.57],[-74.16,-50.548],[-74.1,-50.578],[-74.098,-50.6],[-74.09,-50.604],[-74.086,-50.58],[-74.128,-50.54],[-74.17,-50.542],[-74.2,-50.566],[-74.23,-50.558],[-74.26,-50.538],[-74.298,-50.468],[-74.236,-50.48],[-74.176,-50.468],[-74.166,-50.508],[-74.182,-50.51],[-74.148,-50.52],[-74.146,-50.536],[-74.138,-50.518],[-74.102,-50.528],[-74.104,-50.51],[-74.114,-50.5],[-74.128,-50.518],[-74.148,-50.514],[-74.164,-50.48],[-74.148,-50.496],[-74.146,-50.48],[-74.078,-50.498],[-74.022,-50.534],[-73.996,-50.532],[-73.984,-50.54],[-73.986,-50.598],[-73.97,-50.532],[-73.862,-50.558],[-73.874,-50.542],[-74.006,-50.514],[-74.022,-50.5],[-74.006,-50.482],[-74.014,-50.454],[-74.032,-50.49],[-74.02,-50.496],[-74.046,-50.494],[-74.158,-50.432],[-74.088,-50.418],[-74.05,-50.378],[-73.98,-50.382],[-73.96,-50.36],[-73.982,-50.374],[-74.066,-50.364],[-74.086,-50.374],[-74.1,-50.412],[-74.158,-50.406],[-74.154,-50.426],[-74.172,-50.432],[-74.216,-50.414],[-74.258,-50.436],[-74.198,-50.424],[-74.2,-50.44],[-74.246,-50.446],[-74.308,-50.426],[-74.26,-50.418],[-74.308,-50.422],[-74.326,-50.406],[-74.294,-50.342],[-74.248,-50.318],[-74.244,-50.33],[-74.176,-50.344],[-74.13,-50.33],[-74.176,-50.338],[-74.25,-50.316],[-74.272,-50.324],[-74.25,-50.302],[-74.264,-50.31],[-74.272,-50.294],[-74.264,-50.272],[-74.278,-50.27],[-74.288,-50.242],[-74.31,-50.244],[-74.308,-50.246],[-74.294,-50.304],[-74.304,-50.314],[-74.308,-50.296],[-74.332,-50.378],[-74.348,-50.386],[-74.378,-50.36],[-74.368,-50.372],[-74.41,-50.376],[-74.474,-50.348],[-74.422,-50.32],[-74.422,-50.314],[-74.48,-50.338],[-74.548,-50.298],[-74.524,-50.28],[-74.488,-50.29],[-74.516,-50.278],[-74.48,-50.272],[-74.462,-50.266],[-74.544,-50.266],[-74.558,-50.254],[-74.528,-50.238],[-74.534,-50.228],[-74.582,-50.242],[-74.634,-50.234],[-74.622,-50.21],[-74.56,-50.184],[-74.574,-50.172],[-74.64,-50.222],[-74.678,-50.222],[-74.704,-50.202],[-74.682,-50.162],[-74.574,-50.104],[-74.54,-50.096],[-74.52,-50.112],[-74.528,-50.142],[-74.552,-50.154],[-74.498,-50.142],[-74.48,-50.126],[-74.504,-50.128],[-74.526,-50.09],[-74.51,-50.08],[-74.466,-50.082],[-74.466,-50.108],[-74.458,-50.11],[-74.452,-50.108],[-74.454,-50.118],[-74.45,-50.126],[-74.448,-50.108],[-74.464,-50.106],[-74.438,-50.09],[-74.408,-50.088],[-74.408,-50.108],[-74.396,-50.09],[-74.356,-50.092],[-74.358,-50.13],[-74.346,-50.078],[-74.304,-50.104],[-74.316,-50.116],[-74.304,-50.108],[-74.26,-50.128],[-74.272,-50.154],[-74.27,-50.14],[-74.28,-50.158],[-74.352,-50.188],[-74.352,-50.19],[-74.244,-50.148],[-74.26,-50.194],[-74.244,-50.184],[-74.208,-50.202],[-74.178,-50.232],[-74.192,-50.248],[-74.164,-50.284],[-74.152,-50.27],[-74.162,-50.244],[-74.096,-50.222],[-74.046,-50.234],[-74.054,-50.256],[-74.04,-50.244],[-74.002,-50.276],[-73.932,-50.288],[-74.024,-50.234],[-74.02,-50.214],[-74.07,-50.192],[-74.164,-50.206],[-74.17,-50.194],[-74.158,-50.194],[-74.206,-50.158],[-74.156,-50.142],[-74.166,-50.118],[-74.136,-50.098],[-74.174,-50.104],[-74.19,-50.116],[-74.176,-50.112],[-74.166,-50.132],[-74.202,-50.146],[-74.19,-50.12],[-74.238,-50.09],[-74.232,-50.064],[-74.24,-50.078],[-74.282,-50.07],[-74.316,-50.03],[-74.284,-50.02],[-74.322,-50.028],[-74.356,-49.996],[-74.356,-49.976],[-74.316,-49.968],[-74.346,-49.954],[-74.312,-49.924],[-74.29,-49.948],[-74.298,-49.968],[-74.296,-49.974],[-74.272,-49.966],[-74.284,-49.962],[-74.27,-49.948],[-74.214,-49.942],[-74.18,-49.964],[-74.19,-49.986],[-74.158,-49.968],[-74.116,-50.018],[-74.09,-50.012],[-74.1,-50.004],[-74.086,-49.994],[-74.03,-50.018],[-74.032,-50.058],[-74.016,-50.022],[-73.99,-50.026],[-73.976,-50.074],[-73.966,-50.058],[-73.98,-50.034],[-73.964,-50.044],[-73.922,-50.022],[-73.858,-50.04],[-73.876,-50.022],[-73.87,-50.002],[-73.886,-50.014],[-74.012,-49.998],[-73.944,-49.924],[-73.828,-49.926],[-73.802,-49.914],[-73.9,-49.912],[-73.872,-49.866],[-73.846,-49.86],[-73.814,-49.83],[-73.88,-49.858],[-73.91,-49.89],[-73.912,-49.916],[-73.976,-49.908],[-73.984,-49.94],[-74.022,-49.984],[-74.096,-49.968],[-74.116,-49.946],[-74.106,-49.94],[-74.132,-49.926],[-74.124,-49.908],[-74.162,-49.894],[-74.176,-49.918],[-74.186,-49.9],[-74.21,-49.916],[-74.242,-49.914],[-74.216,-49.908],[-74.222,-49.892],[-74.276,-49.906],[-74.278,-49.892],[-74.328,-49.882],[-74.334,-49.806],[-74.318,-49.782],[-74.3,-49.808],[-74.262,-49.798],[-74.224,-49.758],[-74.168,-49.746],[-74.144,-49.766],[-74.144,-49.75],[-74.122,-49.746],[-74.082,-49.762],[-74.068,-49.744],[-74.044,-49.766],[-74.038,-49.766],[-74.034,-49.772],[-74.02,-49.776],[-74.038,-49.744],[-74.046,-49.752],[-74.05,-49.75],[-74.022,-49.72],[-74.036,-49.714],[-74.06,-49.74],[-74.124,-49.738],[-74.146,-49.722],[-74.152,-49.734],[-74.25,-49.734],[-74.28,-49.766],[-74.302,-49.748],[-74.306,-49.724],[-74.288,-49.706],[-74.306,-49.644],[-74.284,-49.62],[-74.228,-49.614],[-74.232,-49.596],[-74.21,-49.58],[-74.136,-49.562],[-74.15,-49.592],[-74.074,-49.54],[-73.982,-49.564],[-74.006,-49.634],[-74.024,-49.634],[-74.032,-49.646],[-74.012,-49.644],[-73.972,-49.602],[-73.964,-49.56],[-73.896,-49.552],[-73.86,-49.648],[-73.798,-49.668],[-73.774,-49.694],[-73.79,-49.712],[-73.762,-49.692],[-73.792,-49.658],[-73.702,-49.724],[-73.69,-49.742],[-73.696,-49.804],[-73.678,-49.792],[-73.668,-49.728],[-73.644,-49.716],[-73.644,-49.794]],[[-74.306,-50.226],[-74.324,-50.24],[-74.31,-50.244],[-74.306,-50.226]]],[[[-73.668,-51.514],[-73.68,-51.478],[-73.652,-51.522],[-73.668,-51.514]]],[[[-74.096,-50.99],[-74.12,-51.002],[-74.096,-50.978],[-74.096,-50.99]]],[[[-74.812,-49.774],[-74.832,-49.816],[-74.848,-49.808],[-74.842,-49.794],[-74.858,-49.8],[-74.886,-49.782],[-74.884,-49.734],[-74.83,-49.726],[-74.824,-49.718],[-74.876,-49.712],[-74.886,-49.662],[-74.904,-49.69],[-74.902,-49.654],[-74.872,-49.646],[-74.884,-49.64],[-74.876,-49.596],[-74.758,-49.634],[-74.676,-49.628],[-74.702,-49.614],[-74.738,-49.628],[-74.77,-49.616],[-74.724,-49.578],[-74.726,-49.55],[-74.738,-49.57],[-74.728,-49.578],[-74.794,-49.612],[-74.822,-49.586],[-74.87,-49.584],[-74.864,-49.56],[-74.874,-49.53],[-74.75,-49.46],[-74.724,-49.516],[-74.698,-49.516],[-74.746,-49.458],[-74.682,-49.424],[-74.604,-49.43],[-74.648,-49.41],[-74.706,-49.414],[-74.58,-49.32],[-74.582,-49.306],[-74.71,-49.404],[-74.72,-49.38],[-74.748,-49.382],[-74.778,-49.346],[-74.79,-49.346],[-74.768,-49.384],[-74.734,-49.388],[-74.716,-49.412],[-74.782,-49.47],[-74.804,-49.47],[-74.794,-49.452],[-74.86,-49.504],[-74.848,-49.42],[-74.856,-49.388],[-74.868,-49.506],[-74.938,-49.54],[-74.944,-49.51],[-74.916,-49.47],[-74.936,-49.482],[-74.934,-49.438],[-74.912,-49.438],[-74.92,-49.426],[-74.898,-49.42],[-74.888,-49.408],[-74.928,-49.424],[-74.942,-49.416],[-74.928,-49.426],[-74.944,-49.434],[-74.95,-49.492],[-74.99,-49.47],[-74.998,-49.478],[-74.952,-49.496],[-74.962,-49.54],[-74.998,-49.518],[-75.022,-49.508],[-74.962,-49.548],[-74.97,-49.574],[-74.984,-49.564],[-75.008,-49.554],[-74.97,-49.576],[-74.984,-49.574],[-74.976,-49.594],[-75.038,-49.556],[-75.088,-49.534],[-75.006,-49.584],[-75.002,-49.6],[-74.972,-49.606],[-74.996,-49.62],[-74.978,-49.622],[-74.986,-49.626],[-74.992,-49.624],[-75.006,-49.626],[-75.012,-49.628],[-74.98,-49.63],[-75.01,-49.698],[-74.974,-49.652],[-74.966,-49.612],[-74.924,-49.624],[-74.972,-49.706],[-74.992,-49.714],[-74.992,-49.686],[-75.0,-49.714],[-75.014,-49.718],[-74.994,-49.734],[-74.996,-49.76],[-74.992,-49.748],[-74.976,-49.748],[-74.99,-49.736],[-74.956,-49.71],[-74.95,-49.748],[-74.932,-49.736],[-74.916,-49.748],[-74.922,-49.79],[-74.936,-49.786],[-74.924,-49.798],[-74.952,-49.796],[-74.94,-49.806],[-74.956,-49.802],[-74.95,-49.822],[-74.974,-49.826],[-74.964,-49.84],[-75.01,-49.86],[-74.976,-49.87],[-75.034,-49.89],[-74.98,-49.874],[-74.996,-49.898],[-75.054,-49.898],[-75.018,-49.816],[-75.052,-49.864],[-75.126,-49.856],[-75.13,-49.828],[-75.176,-49.768],[-75.122,-49.748],[-75.182,-49.76],[-75.208,-49.718],[-75.192,-49.714],[-75.174,-49.708],[-75.21,-49.714],[-75.212,-49.69],[-75.228,-49.686],[-75.154,-49.674],[-75.234,-49.676],[-75.208,-49.658],[-75.238,-49.672],[-75.252,-49.656],[-75.236,-49.644],[-75.164,-49.656],[-75.142,-49.654],[-75.128,-49.638],[-75.162,-49.648],[-75.234,-49.64],[-75.138,-49.574],[-75.242,-49.636],[-75.254,-49.632],[-75.232,-49.618],[-75.242,-49.61],[-75.278,-49.63],[-75.298,-49.604],[-75.254,-49.568],[-75.17,-49.55],[-75.226,-49.552],[-75.156,-49.52],[-75.144,-49.502],[-75.252,-49.556],[-75.26,-49.538],[-75.234,-49.534],[-75.282,-49.534],[-75.302,-49.532],[-75.31,-49.522],[-75.258,-49.492],[-75.24,-49.484],[-75.204,-49.482],[-75.184,-49.474],[-75.234,-49.48],[-75.186,-49.44],[-75.2,-49.438],[-75.314,-49.516],[-75.326,-49.492],[-75.304,-49.486],[-75.324,-49.488],[-75.338,-49.464],[-75.286,-49.422],[-75.372,-49.452],[-75.31,-49.438],[-75.352,-49.472],[-75.354,-49.474],[-75.388,-49.484],[-75.4,-49.454],[-75.324,-49.412],[-75.336,-49.412],[-75.306,-49.378],[-75.402,-49.442],[-75.434,-49.384],[-75.422,-49.336],[-75.452,-49.346],[-75.434,-49.318],[-75.454,-49.298],[-75.444,-49.286],[-75.46,-49.286],[-75.404,-49.256],[-75.346,-49.244],[-75.33,-49.254],[-75.34,-49.266],[-75.324,-49.252],[-75.334,-49.28],[-75.402,-49.304],[-75.416,-49.326],[-75.344,-49.29],[-75.346,-49.308],[-75.32,-49.276],[-75.304,-49.302],[-75.332,-49.314],[-75.296,-49.31],[-75.288,-49.328],[-75.308,-49.34],[-75.284,-49.332],[-75.29,-49.354],[-75.272,-49.352],[-75.234,-49.396],[-75.25,-49.406],[-75.208,-49.424],[-75.202,-49.42],[-75.148,-49.466],[-75.102,-49.478],[-75.196,-49.414],[-75.08,-49.418],[-74.952,-49.394],[-75.068,-49.412],[-75.206,-49.408],[-75.206,-49.392],[-75.178,-49.398],[-75.142,-49.39],[-75.236,-49.376],[-75.218,-49.356],[-75.242,-49.366],[-75.274,-49.314],[-75.202,-49.326],[-75.278,-49.308],[-75.304,-49.256],[-75.242,-49.262],[-75.306,-49.248],[-75.274,-49.226],[-75.212,-49.23],[-75.204,-49.242],[-75.216,-49.242],[-75.224,-49.238],[-75.226,-49.238],[-75.216,-49.278],[-75.186,-49.282],[-75.208,-49.274],[-75.216,-49.246],[-75.198,-49.248],[-75.122,-49.34],[-75.128,-49.342],[-75.136,-49.338],[-75.142,-49.338],[-75.11,-49.362],[-75.088,-49.344],[-75.022,-49.346],[-75.114,-49.338],[-75.136,-49.294],[-75.082,-49.288],[-75.112,-49.276],[-75.138,-49.292],[-75.17,-49.264],[-75.17,-49.252],[-75.1,-49.262],[-75.092,-49.278],[-75.012,-49.332],[-75.084,-49.274],[-75.07,-49.272],[-75.088,-49.266],[-75.084,-49.248],[-75.056,-49.252],[-75.05,-49.272],[-75.054,-49.25],[-75.032,-49.24],[-74.966,-49.292],[-75.024,-49.236],[-74.972,-49.244],[-75.038,-49.222],[-75.04,-49.208],[-74.998,-49.22],[-75.05,-49.196],[-75.068,-49.168],[-75.014,-49.192],[-74.896,-49.298],[-74.866,-49.302],[-74.86,-49.344],[-74.878,-49.352],[-74.856,-49.372],[-74.856,-49.314],[-74.83,-49.32],[-74.858,-49.286],[-74.848,-49.214],[-74.778,-49.232],[-74.846,-49.206],[-74.84,-49.176],[-74.81,-49.156],[-74.744,-49.192],[-74.81,-49.15],[-74.812,-49.132],[-74.776,-49.112],[-74.802,-49.122],[-74.808,-49.102],[-74.784,-49.082],[-74.768,-49.088],[-74.722,-49.09],[-74.77,-49.082],[-74.836,-49.024],[-74.844,-49.03],[-74.906,-48.99],[-74.83,-48.962],[-74.814,-48.982],[-74.8,-48.966],[-74.82,-48.956],[-74.792,-48.942],[-74.776,-48.97],[-74.792,-48.964],[-74.798,-48.966],[-74.746,-49.012],[-74.72,-49.022],[-74.704,-49.024],[-74.702,-49.022],[-74.738,-49.01],[-74.77,-48.97],[-74.778,-48.944],[-74.762,-48.94],[-74.764,-48.916],[-74.772,-48.932],[-74.938,-48.974],[-74.932,-48.956],[-74.874,-48.934],[-74.938,-48.95],[-74.958,-48.938],[-74.952,-48.926],[-74.848,-48.894],[-74.824,-48.876],[-74.96,-48.912],[-74.98,-48.886],[-74.842,-48.828],[-74.796,-48.832],[-74.83,-48.824],[-74.792,-48.8],[-74.852,-48.83],[-74.974,-48.868],[-75.014,-48.82],[-74.99,-48.764],[-74.85,-48.824],[-74.868,-48.788],[-74.882,-48.79],[-74.864,-48.808],[-74.932,-48.78],[-74.908,-48.782],[-74.926,-48.764],[-74.892,-48.75],[-74.892,-48.746],[-74.95,-48.76],[-74.938,-48.774],[-74.97,-48.754],[-74.806,-48.696],[-74.826,-48.696],[-74.822,-48.686],[-74.78,-48.704],[-74.798,-48.684],[-74.768,-48.668],[-74.738,-48.704],[-74.766,-48.738],[-74.804,-48.712],[-74.8,-48.756],[-74.788,-48.748],[-74.752,-48.776],[-74.748,-48.792],[-74.762,-48.796],[-74.734,-48.82],[-74.742,-48.778],[-74.772,-48.742],[-74.726,-48.74],[-74.74,-48.72],[-74.732,-48.696],[-74.752,-48.676],[-74.684,-48.652],[-74.644,-48.688],[-74.618,-48.684],[-74.584,-48.704],[-74.632,-48.73],[-74.58,-48.71],[-74.564,-48.734],[-74.584,-48.78],[-74.572,-48.8],[-74.578,-48.836],[-74.642,-48.862],[-74.64,-48.864],[-74.568,-48.838],[-74.556,-48.816],[-74.566,-48.778],[-74.542,-48.724],[-74.482,-48.694],[-74.466,-48.7],[-74.456,-48.756],[-74.482,-48.762],[-74.46,-48.764],[-74.464,-48.872],[-74.55,-48.926],[-74.576,-48.954],[-74.462,-48.884],[-74.45,-48.912],[-74.404,-48.956],[-74.422,-48.98],[-74.436,-48.974],[-74.446,-49.004],[-74.516,-49.014],[-74.45,-49.018],[-74.45,-49.052],[-74.404,-49.094],[-74.4,-49.122],[-74.416,-49.13],[-74.41,-49.122],[-74.41,-49.114],[-74.414,-49.11],[-74.43,-49.126],[-74.414,-49.17],[-74.4,-49.168],[-74.392,-49.252],[-74.414,-49.266],[-74.392,-49.282],[-74.388,-49.31],[-74.404,-49.344],[-74.426,-49.342],[-74.412,-49.374],[-74.446,-49.48],[-74.47,-49.508],[-74.498,-49.51],[-74.53,-49.49],[-74.524,-49.502],[-74.55,-49.51],[-74.51,-49.506],[-74.512,-49.518],[-74.522,-49.512],[-74.518,-49.532],[-74.478,-49.516],[-74.444,-49.608],[-74.496,-49.62],[-74.504,-49.602],[-74.526,-49.644],[-74.556,-49.636],[-74.526,-49.648],[-74.514,-49.676],[-74.536,-49.686],[-74.578,-49.674],[-74.536,-49.69],[-74.508,-49.68],[-74.518,-49.632],[-74.506,-49.622],[-74.47,-49.634],[-74.466,-49.62],[-74.426,-49.63],[-74.39,-49.678],[-74.38,-49.746],[-74.398,-49.772],[-74.466,-49.738],[-74.544,-49.736],[-74.476,-49.744],[-74.404,-49.782],[-74.396,-49.852],[-74.418,-49.878],[-74.406,-49.902],[-74.426,-49.908],[-74.436,-49.868],[-74.476,-49.842],[-74.446,-49.868],[-74.434,-49.918],[-74.498,-49.98],[-74.552,-49.944],[-74.546,-49.934],[-74.616,-49.898],[-74.618,-49.872],[-74.636,-49.884],[-74.626,-49.896],[-74.512,-49.986],[-74.634,-50.058],[-74.662,-50.054],[-74.636,-50.03],[-74.654,-50.036],[-74.656,-50.016],[-74.658,-50.04],[-74.688,-50.04],[-74.638,-49.988],[-74.698,-50.036],[-74.702,-50.014],[-74.708,-50.044],[-74.802,-50.032],[-74.782,-50.052],[-74.828,-50.042],[-74.816,-50.022],[-74.848,-50.038],[-74.874,-50.018],[-74.86,-49.998],[-74.88,-49.99],[-74.814,-49.944],[-74.698,-49.908],[-74.674,-49.934],[-74.614,-49.95],[-74.648,-49.932],[-74.652,-49.906],[-74.662,-49.924],[-74.712,-49.898],[-74.836,-49.942],[-74.87,-49.974],[-74.888,-49.96],[-74.866,-49.96],[-74.886,-49.944],[-74.912,-49.938],[-74.898,-49.92],[-74.9,-49.88],[-74.86,-49.876],[-74.888,-49.874],[-74.868,-49.848],[-74.77,-49.88],[-74.758,-49.856],[-74.638,-49.816],[-74.61,-49.794],[-74.776,-49.858],[-74.814,-49.85],[-74.83,-49.832],[-74.788,-49.79],[-74.8,-49.778],[-74.72,-49.764],[-74.758,-49.766],[-74.73,-49.75],[-74.71,-49.718],[-74.734,-49.718],[-74.736,-49.746],[-74.812,-49.774]],[[-74.826,-49.676],[-74.806,-49.678],[-74.872,-49.646],[-74.826,-49.676]],[[-75.014,-49.764],[-75.004,-49.792],[-74.996,-49.76],[-75.014,-49.764]],[[-74.794,-49.998],[-74.75,-49.988],[-74.756,-49.982],[-74.798,-49.994],[-74.814,-50.022],[-74.802,-50.032],[-74.794,-49.998]],[[-74.804,-49.714],[-74.77,-49.694],[-74.774,-49.688],[-74.8,-49.68],[-74.776,-49.692],[-74.822,-49.726],[-74.766,-49.748],[-74.804,-49.714]]],[[[-72.48,-51.422],[-72.468,-51.444],[-72.442,-51.444],[-72.444,-51.422],[-72.338,-51.428],[-72.324,-51.474],[-72.352,-51.484],[-72.344,-51.52],[-72.404,-51.514],[-72.392,-51.526],[-72.426,-51.546],[-72.442,-51.584],[-72.328,-51.588],[-72.32,-51.626],[-72.284,-51.638],[-72.296,-51.646],[-72.298,-51.7],[-72.23,-51.702],[-72.16,-51.726],[-72.182,-51.736],[-72.122,-51.744],[-72.112,-51.768],[-72.076,-51.774],[-71.948,-51.874],[-71.932,-51.92],[-71.946,-51.914],[-72.028,-51.968],[-71.966,-51.972],[-71.922,-52.0],[-71.682,-52.0],[-71.682,-52.048],[-71.646,-52.062],[-71.662,-52.338],[-72.038,-52.34],[-72.038,-52.366],[-72.182,-52.37],[-72.196,-52.358],[-72.552,-52.362],[-72.516,-52.348],[-72.508,-52.298],[-72.52,-52.262],[-72.49,-52.254],[-72.474,-52.216],[-72.666,-52.052],[-72.662,-51.954],[-72.622,-51.91],[-72.6,-51.914],[-72.614,-51.93],[-72.606,-51.956],[-72.572,-51.972],[-72.556,-51.966],[-72.588,-51.94],[-72.576,-51.922],[-72.532,-51.948],[-72.464,-51.922],[-72.46,-51.882],[-72.512,-51.836],[-72.452,-51.776],[-72.514,-51.734],[-72.514,-51.704],[-72.6,-51.666],[-72.646,-51.664],[-72.658,-51.646],[-72.642,-51.618],[-72.688,-51.564],[-72.664,-51.598],[-72.668,-51.622],[-72.652,-51.626],[-72.666,-51.654],[-72.704,-51.57],[-72.75,-51.574],[-72.742,-51.564],[-72.758,-51.556],[-72.75,-51.37],[-72.724,-51.352],[-72.6,-51.352],[-72.558,-51.398],[-72.48,-51.422]]],[[[-73.64,-52.702],[-73.632,-52.678],[-73.612,-52.674],[-73.626,-52.684],[-73.612,-52.694],[-73.61,-52.68],[-73.548,-52.656],[-73.628,-52.66],[-73.668,-52.634],[-73.646,-52.628],[-73.67,-52.622],[-73.636,-52.61],[-73.638,-52.6],[-73.606,-52.598],[-73.634,-52.594],[-73.608,-52.578],[-73.56,-52.592],[-73.622,-52.552],[-73.524,-52.588],[-73.578,-52.524],[-73.538,-52.516],[-73.558,-52.506],[-73.538,-52.49],[-73.452,-52.516],[-73.468,-52.49],[-73.54,-52.478],[-73.504,-52.456],[-73.496,-52.424],[-73.556,-52.484],[-73.554,-52.474],[-73.57,-52.474],[-73.556,-52.468],[-73.598,-52.464],[-73.586,-52.446],[-73.604,-52.444],[-73.6,-52.456],[-73.608,-52.462],[-73.65,-52.43],[-73.632,-52.406],[-73.652,-52.404],[-73.632,-52.39],[-73.568,-52.404],[-73.552,-52.394],[-73.578,-52.342],[-73.534,-52.342],[-73.592,-52.318],[-73.6,-52.298],[-73.574,-52.278],[-73.594,-52.268],[-73.59,-52.256],[-73.55,-52.234],[-73.552,-52.21],[-73.598,-52.208],[-73.608,-52.182],[-73.59,-52.158],[-73.626,-52.176],[-73.658,-52.128],[-73.73,-52.068],[-73.734,-52.046],[-73.702,-52.022],[-73.658,-52.04],[-73.668,-52.066],[-73.586,-52.128],[-73.586,-52.162],[-73.572,-52.144],[-73.546,-52.142],[-73.528,-52.168],[-73.536,-52.188],[-73.504,-52.192],[-73.486,-52.182],[-73.5,-52.164],[-73.472,-52.168],[-73.52,-52.14],[-73.452,-52.132],[-73.364,-52.222],[-73.252,-52.2],[-73.226,-52.164],[-73.24,-52.162],[-73.232,-52.144],[-73.23,-52.156],[-73.218,-52.146],[-73.232,-52.138],[-73.228,-52.112],[-73.164,-52.118],[-73.154,-52.142],[-73.124,-52.1],[-73.0,-52.062],[-73.018,-52.104],[-73.012,-52.15],[-73.118,-52.13],[-73.14,-52.148],[-73.116,-52.138],[-73.058,-52.16],[-73.116,-52.206],[-73.128,-52.236],[-73.1,-52.224],[-73.088,-52.24],[-73.056,-52.182],[-73.0,-52.18],[-72.978,-52.202],[-72.948,-52.204],[-72.932,-52.226],[-72.942,-52.264],[-72.978,-52.276],[-72.994,-52.306],[-72.96,-52.278],[-72.904,-52.296],[-72.886,-52.29],[-72.906,-52.29],[-72.914,-52.27],[-72.878,-52.282],[-72.884,-52.258],[-72.866,-52.254],[-72.86,-52.24],[-72.876,-52.252],[-72.884,-52.242],[-72.846,-52.176],[-72.846,-52.15],[-72.804,-52.108],[-72.818,-52.106],[-72.816,-52.088],[-72.796,-52.1],[-72.774,-52.084],[-72.738,-52.084],[-72.756,-52.082],[-72.764,-52.058],[-72.836,-52.086],[-72.846,-52.12],[-72.876,-52.14],[-72.864,-52.158],[-72.874,-52.19],[-72.908,-52.22],[-72.938,-52.186],[-72.97,-52.178],[-72.966,-52.084],[-72.946,-52.086],[-72.964,-52.068],[-72.956,-52.046],[-72.938,-52.032],[-72.934,-52.076],[-72.91,-52.082],[-72.898,-51.98],[-72.808,-51.938],[-72.744,-51.966],[-72.722,-52.018],[-72.732,-52.06],[-72.712,-52.092],[-72.686,-52.094],[-72.656,-52.136],[-72.644,-52.13],[-72.652,-52.106],[-72.624,-52.114],[-72.564,-52.194],[-72.526,-52.22],[-72.566,-52.23],[-72.572,-52.268],[-72.598,-52.288],[-72.576,-52.304],[-72.588,-52.332],[-72.628,-52.348],[-72.592,-52.356],[-72.626,-52.37],[-72.624,-52.384],[-72.69,-52.356],[-72.684,-52.346],[-72.718,-52.35],[-72.71,-52.36],[-72.752,-52.392],[-72.75,-52.406],[-72.78,-52.398],[-72.808,-52.406],[-72.78,-52.406],[-72.772,-52.416],[-72.784,-52.428],[-72.818,-52.432],[-72.846,-52.404],[-72.858,-52.41],[-72.83,-52.442],[-72.918,-52.482],[-72.992,-52.49],[-72.974,-52.504],[-72.936,-52.496],[-72.92,-52.54],[-73.008,-52.524],[-73.094,-52.534],[-73.142,-52.504],[-73.158,-52.46],[-73.18,-52.456],[-73.156,-52.48],[-73.16,-52.522],[-73.25,-52.512],[-73.184,-52.54],[-73.154,-52.532],[-73.17,-52.538],[-73.128,-52.594],[-73.216,-52.634],[-73.25,-52.678],[-73.242,-52.698],[-73.306,-52.706],[-73.332,-52.658],[-73.312,-52.632],[-73.336,-52.634],[-73.338,-52.614],[-73.378,-52.576],[-73.372,-52.564],[-73.392,-52.56],[-73.394,-52.58],[-73.362,-52.612],[-73.402,-52.6],[-73.356,-52.62],[-73.358,-52.658],[-73.406,-52.68],[-73.414,-52.67],[-73.43,-52.686],[-73.414,-52.662],[-73.44,-52.648],[-73.446,-52.682],[-73.466,-52.696],[-73.472,-52.682],[-73.492,-52.688],[-73.526,-52.672],[-73.516,-52.684],[-73.528,-52.69],[-73.502,-52.688],[-73.504,-52.716],[-73.506,-52.698],[-73.534,-52.698],[-73.594,-52.74],[-73.654,-52.722],[-73.642,-52.758],[-73.668,-52.752],[-73.658,-52.748],[-73.722,-52.756],[-73.68,-52.736],[-73.714,-52.746],[-73.724,-52.746],[-73.684,-52.728],[-73.696,-52.728],[-73.64,-52.702]],[[-73.6,-52.432],[-73.606,-52.438],[-73.604,-52.444],[-73.6,-52.432]]],[[[-75.312,-50.038],[-75.304,-50.058],[-75.29,-50.056],[-75.302,-50.042],[-75.288,-50.02],[-75.268,-50.026],[-75.284,-50.056],[-75.268,-50.07],[-75.254,-50.054],[-75.242,-50.06],[-75.222,-50.014],[-75.142,-50.014],[-75.09,-50.06],[-75.098,-50.076],[-75.132,-50.076],[-75.118,-50.086],[-75.132,-50.102],[-75.092,-50.092],[-75.074,-50.07],[-75.088,-50.108],[-75.084,-50.112],[-75.074,-50.112],[-75.068,-50.078],[-75.05,-50.098],[-75.064,-50.13],[-75.048,-50.11],[-75.042,-50.126],[-75.026,-50.14],[-75.022,-50.094],[-74.996,-50.096],[-74.978,-50.066],[-74.95,-50.072],[-74.932,-50.094],[-74.956,-50.122],[-74.982,-50.14],[-74.99,-50.156],[-75.018,-50.138],[-75.008,-50.154],[-75.056,-50.182],[-75.022,-50.176],[-75.026,-50.198],[-75.008,-50.156],[-74.988,-50.162],[-74.954,-50.13],[-74.972,-50.168],[-74.95,-50.152],[-74.932,-50.104],[-74.912,-50.132],[-74.922,-50.128],[-74.956,-50.162],[-74.944,-50.178],[-74.896,-50.13],[-74.882,-50.154],[-74.898,-50.176],[-74.894,-50.19],[-74.878,-50.156],[-74.882,-50.148],[-74.864,-50.156],[-74.868,-50.174],[-74.852,-50.178],[-74.848,-50.174],[-74.874,-50.13],[-74.806,-50.156],[-74.816,-50.134],[-74.884,-50.12],[-74.826,-50.116],[-74.77,-50.146],[-74.796,-50.146],[-74.772,-50.17],[-74.786,-50.188],[-74.832,-50.166],[-74.812,-50.184],[-74.832,-50.174],[-74.846,-50.178],[-74.816,-50.198],[-74.866,-50.184],[-74.882,-50.19],[-74.816,-50.202],[-74.834,-50.232],[-74.918,-50.222],[-74.896,-50.202],[-74.93,-50.222],[-74.954,-50.208],[-74.978,-50.232],[-74.934,-50.232],[-74.936,-50.256],[-75.002,-50.276],[-74.984,-50.282],[-75.038,-50.316],[-75.066,-50.308],[-75.054,-50.326],[-75.104,-50.312],[-75.068,-50.332],[-75.074,-50.342],[-75.112,-50.34],[-75.128,-50.356],[-75.156,-50.34],[-75.134,-50.374],[-75.172,-50.388],[-75.17,-50.414],[-75.206,-50.448],[-75.208,-50.45],[-75.232,-50.456],[-75.266,-50.43],[-75.264,-50.444],[-75.274,-50.436],[-75.284,-50.452],[-75.282,-50.438],[-75.34,-50.442],[-75.29,-50.384],[-75.246,-50.382],[-75.278,-50.376],[-75.266,-50.36],[-75.19,-50.338],[-75.212,-50.328],[-75.19,-50.296],[-75.21,-50.296],[-75.198,-50.3],[-75.222,-50.332],[-75.27,-50.334],[-75.274,-50.352],[-75.314,-50.36],[-75.31,-50.334],[-75.27,-50.328],[-75.246,-50.308],[-75.278,-50.32],[-75.284,-50.302],[-75.302,-50.32],[-75.326,-50.308],[-75.308,-50.324],[-75.344,-50.35],[-75.374,-50.342],[-75.366,-50.32],[-75.376,-50.34],[-75.382,-50.34],[-75.398,-50.338],[-75.414,-50.348],[-75.418,-50.374],[-75.456,-50.378],[-75.48,-50.314],[-75.442,-50.294],[-75.464,-50.272],[-75.398,-50.258],[-75.442,-50.24],[-75.432,-50.21],[-75.408,-50.2],[-75.42,-50.166],[-75.368,-50.142],[-75.254,-50.174],[-75.246,-50.186],[-75.274,-50.2],[-75.322,-50.206],[-75.348,-50.19],[-75.342,-50.204],[-75.362,-50.208],[-75.328,-50.228],[-75.274,-50.22],[-75.26,-50.234],[-75.272,-50.254],[-75.228,-50.244],[-75.206,-50.27],[-75.174,-50.252],[-75.134,-50.256],[-75.136,-50.244],[-75.168,-50.242],[-75.162,-50.214],[-75.148,-50.184],[-75.096,-50.158],[-75.094,-50.13],[-75.11,-50.128],[-75.114,-50.154],[-75.142,-50.122],[-75.156,-50.148],[-75.14,-50.162],[-75.144,-50.144],[-75.132,-50.138],[-75.122,-50.162],[-75.176,-50.178],[-75.19,-50.146],[-75.242,-50.158],[-75.256,-50.124],[-75.288,-50.144],[-75.298,-50.126],[-75.342,-50.124],[-75.338,-50.1],[-75.362,-50.076],[-75.392,-50.08],[-75.408,-50.068],[-75.39,-50.062],[-75.408,-50.06],[-75.4,-50.046],[-75.418,-50.026],[-75.372,-50.0],[-75.36,-50.014],[-75.378,-50.036],[-75.348,-50.038],[-75.364,-50.024],[-75.324,-49.994],[-75.28,-49.996],[-75.312,-50.038]],[[-74.956,-50.204],[-74.972,-50.21],[-74.954,-50.208],[-74.956,-50.204]]],[[[-74.586,-50.73],[-74.6,-50.75],[-74.588,-50.756],[-74.578,-50.738],[-74.542,-50.734],[-74.538,-50.77],[-74.52,-50.738],[-74.5,-50.772],[-74.482,-50.754],[-74.458,-50.768],[-74.468,-50.782],[-74.446,-50.772],[-74.462,-50.796],[-74.45,-50.818],[-74.478,-50.846],[-74.47,-50.818],[-74.478,-50.822],[-74.512,-50.86],[-74.486,-50.842],[-74.48,-50.848],[-74.462,-50.848],[-74.442,-50.816],[-74.422,-50.814],[-74.434,-50.826],[-74.424,-50.834],[-74.41,-50.812],[-74.396,-50.814],[-74.41,-50.828],[-74.378,-50.85],[-74.398,-50.866],[-74.374,-50.86],[-74.372,-50.886],[-74.386,-50.9],[-74.406,-50.886],[-74.39,-50.904],[-74.43,-50.928],[-74.41,-50.926],[-74.42,-50.948],[-74.376,-50.914],[-74.4,-50.942],[-74.374,-50.936],[-74.374,-50.952],[-74.412,-50.976],[-74.374,-50.962],[-74.36,-50.988],[-74.358,-51.036],[-74.4,-51.01],[-74.386,-51.04],[-74.406,-51.044],[-74.376,-51.05],[-74.37,-51.052],[-74.372,-51.086],[-74.42,-51.066],[-74.42,-51.036],[-74.46,-50.994],[-74.476,-50.99],[-74.49,-51.02],[-74.538,-51.034],[-74.518,-51.0],[-74.516,-50.984],[-74.544,-51.034],[-74.59,-51.058],[-74.602,-51.034],[-74.574,-51.006],[-74.596,-51.016],[-74.608,-51.034],[-74.606,-51.074],[-74.64,-51.1],[-74.634,-51.074],[-74.688,-51.12],[-74.704,-51.11],[-74.68,-51.092],[-74.716,-51.112],[-74.73,-51.106],[-74.71,-51.098],[-74.748,-51.1],[-74.716,-51.09],[-74.768,-51.072],[-74.69,-51.066],[-74.742,-51.056],[-74.746,-51.032],[-74.668,-51.038],[-74.642,-51.032],[-74.638,-51.012],[-74.616,-51.004],[-74.602,-50.958],[-74.616,-50.986],[-74.656,-51.008],[-74.728,-51.008],[-74.738,-50.984],[-74.762,-50.988],[-74.734,-51.008],[-74.78,-51.006],[-74.76,-51.028],[-74.772,-51.054],[-74.796,-51.084],[-74.828,-51.066],[-74.776,-51.054],[-74.828,-51.048],[-74.86,-51.066],[-74.892,-51.056],[-74.852,-51.036],[-74.862,-51.024],[-74.822,-51.024],[-74.854,-51.02],[-74.798,-50.986],[-74.826,-50.978],[-74.774,-50.984],[-74.768,-50.98],[-74.808,-50.968],[-74.876,-50.976],[-74.81,-50.958],[-74.852,-50.944],[-74.87,-50.958],[-74.882,-50.948],[-74.938,-50.994],[-74.952,-50.988],[-74.95,-50.96],[-74.932,-50.96],[-74.95,-50.958],[-74.94,-50.916],[-74.852,-50.914],[-74.914,-50.906],[-74.932,-50.878],[-74.842,-50.892],[-74.882,-50.872],[-74.782,-50.908],[-74.698,-50.912],[-74.666,-50.904],[-74.682,-50.938],[-74.64,-50.934],[-74.636,-50.954],[-74.638,-50.926],[-74.618,-50.93],[-74.622,-50.918],[-74.604,-50.928],[-74.586,-50.922],[-74.606,-50.91],[-74.592,-50.902],[-74.562,-50.908],[-74.556,-50.912],[-74.536,-50.918],[-74.53,-50.918],[-74.584,-50.898],[-74.552,-50.88],[-74.62,-50.9],[-74.596,-50.854],[-74.624,-50.898],[-74.642,-50.888],[-74.626,-50.842],[-74.614,-50.842],[-74.61,-50.854],[-74.606,-50.852],[-74.614,-50.826],[-74.566,-50.84],[-74.582,-50.854],[-74.574,-50.86],[-74.56,-50.844],[-74.536,-50.846],[-74.542,-50.83],[-74.52,-50.812],[-74.554,-50.832],[-74.59,-50.818],[-74.602,-50.804],[-74.572,-50.792],[-74.602,-50.798],[-74.648,-50.748],[-74.686,-50.744],[-74.628,-50.714],[-74.586,-50.73]],[[-74.612,-50.94],[-74.612,-50.946],[-74.606,-50.954],[-74.604,-50.928],[-74.612,-50.94]]],[[[-74.462,-50.474],[-74.356,-50.46],[-74.338,-50.54],[-74.318,-50.552],[-74.328,-50.562],[-74.294,-50.608],[-74.304,-50.626],[-74.266,-50.618],[-74.268,-50.632],[-74.236,-50.642],[-74.208,-50.682],[-74.254,-50.69],[-74.238,-50.698],[-74.254,-50.702],[-74.274,-50.678],[-74.29,-50.688],[-74.38,-50.64],[-74.382,-50.656],[-74.42,-50.642],[-74.43,-50.648],[-74.322,-50.674],[-74.29,-50.698],[-74.268,-50.692],[-74.26,-50.716],[-74.276,-50.7],[-74.294,-50.7],[-74.25,-50.74],[-74.24,-50.708],[-74.206,-50.706],[-74.15,-50.778],[-74.144,-50.846],[-74.182,-50.85],[-74.184,-50.824],[-74.192,-50.844],[-74.218,-50.85],[-74.236,-50.85],[-74.23,-50.848],[-74.22,-50.84],[-74.204,-50.812],[-74.226,-50.778],[-74.246,-50.784],[-74.238,-50.772],[-74.242,-50.752],[-74.292,-50.812],[-74.316,-50.774],[-74.334,-50.762],[-74.286,-50.846],[-74.34,-50.848],[-74.358,-50.812],[-74.424,-50.762],[-74.392,-50.752],[-74.416,-50.756],[-74.372,-50.742],[-74.362,-50.732],[-74.442,-50.758],[-74.454,-50.75],[-74.446,-50.742],[-74.49,-50.744],[-74.51,-50.728],[-74.468,-50.706],[-74.532,-50.704],[-74.498,-50.676],[-74.47,-50.674],[-74.5,-50.668],[-74.558,-50.69],[-74.552,-50.668],[-74.562,-50.652],[-74.57,-50.662],[-74.57,-50.65],[-74.58,-50.662],[-74.584,-50.658],[-74.568,-50.64],[-74.548,-50.648],[-74.552,-50.628],[-74.518,-50.622],[-74.526,-50.598],[-74.464,-50.56],[-74.462,-50.582],[-74.45,-50.562],[-74.434,-50.582],[-74.442,-50.554],[-74.394,-50.542],[-74.43,-50.546],[-74.462,-50.528],[-74.384,-50.532],[-74.376,-50.57],[-74.378,-50.538],[-74.348,-50.534],[-74.394,-50.512],[-74.384,-50.526],[-74.494,-50.512],[-74.49,-50.502],[-74.478,-50.494],[-74.468,-50.476],[-74.518,-50.516],[-74.588,-50.508],[-74.602,-50.49],[-74.592,-50.476],[-74.632,-50.496],[-74.692,-50.488],[-74.642,-50.464],[-74.602,-50.434],[-74.526,-50.414],[-74.462,-50.474]]],[[[-74.422,-51.73],[-74.42,-51.742],[-74.362,-51.74],[-74.332,-51.756],[-74.372,-51.784],[-74.33,-51.764],[-74.286,-51.764],[-74.326,-51.79],[-74.272,-51.78],[-74.302,-51.794],[-74.29,-51.818],[-74.308,-51.832],[-74.278,-51.842],[-74.282,-51.812],[-74.264,-51.812],[-74.272,-51.824],[-74.236,-51.814],[-74.194,-51.828],[-74.194,-51.852],[-74.174,-51.836],[-74.142,-51.85],[-74.152,-51.856],[-74.138,-51.856],[-74.14,-51.884],[-74.19,-51.898],[-74.152,-51.892],[-74.138,-51.906],[-74.144,-51.892],[-74.13,-51.884],[-74.116,-51.9],[-74.088,-51.874],[-74.054,-51.884],[-74.1,-51.922],[-74.096,-51.962],[-74.096,-51.98],[-74.114,-51.982],[-74.11,-51.972],[-74.166,-51.962],[-74.16,-51.942],[-74.21,-51.956],[-74.256,-51.938],[-74.224,-51.914],[-74.294,-51.92],[-74.266,-51.904],[-74.272,-51.892],[-74.318,-51.91],[-74.366,-51.892],[-74.376,-51.874],[-74.356,-51.88],[-74.352,-51.874],[-74.412,-51.844],[-74.368,-51.814],[-74.398,-51.81],[-74.39,-51.8],[-74.396,-51.796],[-74.402,-51.818],[-74.426,-51.812],[-74.432,-51.78],[-74.47,-51.76],[-74.444,-51.77],[-74.414,-51.774],[-74.414,-51.772],[-74.464,-51.756],[-74.508,-51.706],[-74.422,-51.73]]],[[[-74.094,-51.92],[-74.066,-51.902],[-74.056,-51.922],[-74.036,-51.902],[-74.02,-51.922],[-73.98,-51.932],[-73.968,-51.956],[-73.994,-51.998],[-73.96,-51.954],[-73.936,-51.974],[-73.958,-51.94],[-73.898,-51.982],[-73.858,-51.992],[-73.844,-52.018],[-73.808,-52.026],[-73.75,-52.072],[-73.728,-52.122],[-73.69,-52.144],[-73.716,-52.152],[-73.688,-52.164],[-73.702,-52.18],[-73.672,-52.166],[-73.642,-52.224],[-73.688,-52.218],[-73.866,-52.122],[-73.858,-52.094],[-73.82,-52.094],[-73.834,-52.082],[-73.82,-52.082],[-73.812,-52.062],[-73.844,-52.05],[-73.832,-52.032],[-73.85,-52.046],[-73.888,-52.022],[-73.892,-52.022],[-73.886,-52.034],[-73.826,-52.06],[-73.876,-52.104],[-73.932,-52.092],[-74.004,-52.062],[-73.994,-52.046],[-74.03,-52.054],[-74.088,-52.028],[-74.094,-52.01],[-74.084,-52.006],[-73.946,-52.05],[-74.082,-51.996],[-74.096,-51.962],[-74.094,-51.92]]],[[[-75.38,-49.822],[-75.38,-49.798],[-75.356,-49.782],[-75.352,-49.758],[-75.32,-49.76],[-75.354,-49.752],[-75.35,-49.692],[-75.354,-49.688],[-75.38,-49.748],[-75.504,-49.786],[-75.548,-49.81],[-75.558,-49.822],[-75.548,-49.822],[-75.548,-49.832],[-75.554,-49.828],[-75.578,-49.844],[-75.598,-49.842],[-75.61,-49.852],[-75.62,-49.852],[-75.618,-49.83],[-75.598,-49.82],[-75.624,-49.806],[-75.61,-49.802],[-75.634,-49.762],[-75.606,-49.758],[-75.6,-49.738],[-75.528,-49.74],[-75.512,-49.714],[-75.528,-49.698],[-75.58,-49.698],[-75.578,-49.646],[-75.61,-49.64],[-75.6,-49.624],[-75.564,-49.618],[-75.568,-49.604],[-75.544,-49.598],[-75.548,-49.596],[-75.554,-49.596],[-75.56,-49.594],[-75.524,-49.582],[-75.512,-49.582],[-75.516,-49.596],[-75.506,-49.596],[-75.494,-49.586],[-75.506,-49.556],[-75.472,-49.576],[-75.474,-49.588],[-75.452,-49.61],[-75.438,-49.596],[-75.466,-49.59],[-75.444,-49.568],[-75.434,-49.588],[-75.416,-49.582],[-75.39,-49.61],[-75.378,-49.596],[-75.352,-49.62],[-75.37,-49.594],[-75.35,-49.572],[-75.156,-49.838],[-75.166,-49.86],[-75.144,-49.882],[-75.156,-49.896],[-75.178,-49.888],[-75.158,-49.88],[-75.172,-49.874],[-75.216,-49.874],[-75.23,-49.84],[-75.278,-49.81],[-75.278,-49.826],[-75.244,-49.852],[-75.242,-49.882],[-75.304,-49.88],[-75.38,-49.822]]],[[[-74.586,-51.198],[-74.604,-51.2],[-74.598,-51.212],[-74.572,-51.222],[-74.58,-51.21],[-74.558,-51.208],[-74.532,-51.232],[-74.556,-51.226],[-74.556,-51.228],[-74.512,-51.252],[-74.498,-51.282],[-74.51,-51.302],[-74.54,-51.26],[-74.54,-51.262],[-74.546,-51.282],[-74.532,-51.288],[-74.528,-51.314],[-74.602,-51.258],[-74.672,-51.244],[-74.626,-51.26],[-74.632,-51.27],[-74.62,-51.27],[-74.636,-51.28],[-74.606,-51.27],[-74.572,-51.29],[-74.562,-51.306],[-74.592,-51.326],[-74.56,-51.316],[-74.542,-51.33],[-74.544,-51.338],[-74.54,-51.336],[-74.52,-51.358],[-74.544,-51.386],[-74.614,-51.408],[-74.634,-51.38],[-74.62,-51.352],[-74.64,-51.364],[-74.67,-51.326],[-74.658,-51.302],[-74.672,-51.3],[-74.668,-51.276],[-74.688,-51.296],[-74.668,-51.308],[-74.684,-51.318],[-74.732,-51.294],[-74.688,-51.324],[-74.722,-51.374],[-74.742,-51.376],[-74.738,-51.358],[-74.77,-51.382],[-74.728,-51.38],[-74.75,-51.424],[-74.758,-51.402],[-74.798,-51.41],[-74.774,-51.392],[-74.78,-51.39],[-74.802,-51.41],[-74.764,-51.424],[-74.808,-51.45],[-74.834,-51.448],[-74.826,-51.43],[-74.844,-51.43],[-74.844,-51.448],[-74.892,-51.468],[-74.88,-51.442],[-74.884,-51.422],[-74.894,-51.424],[-74.89,-51.458],[-74.91,-51.462],[-74.9,-51.45],[-74.904,-51.446],[-74.938,-51.462],[-74.93,-51.452],[-74.938,-51.436],[-74.952,-51.47],[-75.032,-51.48],[-75.018,-51.456],[-75.04,-51.442],[-75.008,-51.452],[-75.034,-51.432],[-74.934,-51.408],[-74.928,-51.392],[-74.848,-51.368],[-74.78,-51.328],[-74.81,-51.328],[-74.868,-51.364],[-74.85,-51.342],[-74.88,-51.368],[-74.896,-51.358],[-74.904,-51.376],[-74.97,-51.382],[-74.922,-51.37],[-74.98,-51.344],[-74.92,-51.284],[-74.908,-51.286],[-74.908,-51.282],[-74.886,-51.276],[-74.86,-51.276],[-74.858,-51.294],[-74.852,-51.28],[-74.84,-51.294],[-74.83,-51.292],[-74.842,-51.272],[-74.794,-51.288],[-74.802,-51.272],[-74.85,-51.262],[-74.824,-51.254],[-74.836,-51.248],[-74.822,-51.224],[-74.772,-51.246],[-74.804,-51.228],[-74.798,-51.21],[-74.724,-51.228],[-74.75,-51.21],[-74.72,-51.19],[-74.66,-51.212],[-74.604,-51.19],[-74.586,-51.198]],[[-74.52,-51.258],[-74.538,-51.246],[-74.558,-51.24],[-74.54,-51.26],[-74.52,-51.258]],[[-74.558,-51.34],[-74.558,-51.344],[-74.544,-51.338],[-74.558,-51.34]],[[-75.0,-51.454],[-74.988,-51.438],[-75.008,-51.452],[-75.0,-51.454]],[[-74.91,-51.308],[-74.906,-51.3],[-74.908,-51.286],[-74.91,-51.308]],[[-74.58,-51.352],[-74.58,-51.354],[-74.578,-51.352],[-74.58,-51.352]]],[[[-75.466,-48.806],[-75.39,-48.802],[-75.508,-48.882],[-75.452,-48.87],[-75.414,-48.83],[-75.402,-48.844],[-75.398,-48.82],[-75.34,-48.794],[-75.338,-48.81],[-75.342,-48.81],[-75.396,-48.876],[-75.344,-48.826],[-75.328,-48.852],[-75.36,-48.886],[-75.322,-48.866],[-75.284,-48.908],[-75.318,-48.866],[-75.326,-48.82],[-75.338,-48.826],[-75.324,-48.804],[-75.226,-48.842],[-75.21,-48.87],[-75.222,-48.88],[-75.176,-48.956],[-75.184,-48.98],[-75.204,-48.986],[-75.156,-48.982],[-75.144,-49.002],[-75.184,-49.024],[-75.17,-49.028],[-75.19,-49.048],[-75.22,-49.06],[-75.208,-49.046],[-75.216,-49.04],[-75.234,-49.064],[-75.274,-48.94],[-75.254,-48.904],[-75.332,-48.942],[-75.318,-48.914],[-75.32,-48.91],[-75.344,-48.946],[-75.448,-49.038],[-75.49,-48.996],[-75.534,-48.986],[-75.52,-48.984],[-75.516,-48.982],[-75.514,-48.978],[-75.546,-48.972],[-75.486,-48.966],[-75.494,-48.962],[-75.474,-48.948],[-75.446,-48.938],[-75.454,-48.96],[-75.422,-48.928],[-75.452,-48.934],[-75.436,-48.908],[-75.46,-48.906],[-75.444,-48.916],[-75.506,-48.96],[-75.534,-48.942],[-75.602,-48.938],[-75.61,-48.922],[-75.63,-48.934],[-75.612,-48.912],[-75.632,-48.848],[-75.6,-48.852],[-75.55,-48.8],[-75.522,-48.848],[-75.54,-48.802],[-75.496,-48.82],[-75.518,-48.788],[-75.5,-48.786],[-75.466,-48.806]]],[[[-75.34,-50.472],[-75.342,-50.502],[-75.336,-50.514],[-75.332,-50.474],[-75.268,-50.486],[-75.304,-50.53],[-75.25,-50.488],[-75.208,-50.506],[-75.148,-50.494],[-75.06,-50.506],[-75.128,-50.554],[-75.154,-50.558],[-75.172,-50.538],[-75.152,-50.568],[-75.19,-50.57],[-75.202,-50.556],[-75.218,-50.554],[-75.166,-50.59],[-75.198,-50.612],[-75.212,-50.592],[-75.21,-50.618],[-75.278,-50.578],[-75.28,-50.558],[-75.286,-50.56],[-75.32,-50.552],[-75.322,-50.574],[-75.288,-50.582],[-75.226,-50.634],[-75.246,-50.648],[-75.308,-50.64],[-75.3,-50.654],[-75.23,-50.654],[-75.24,-50.66],[-75.216,-50.668],[-75.236,-50.682],[-75.236,-50.672],[-75.24,-50.69],[-75.28,-50.694],[-75.232,-50.71],[-75.32,-50.71],[-75.286,-50.726],[-75.27,-50.716],[-75.244,-50.728],[-75.268,-50.73],[-75.254,-50.736],[-75.262,-50.748],[-75.236,-50.744],[-75.242,-50.76],[-75.254,-50.758],[-75.264,-50.758],[-75.242,-50.764],[-75.268,-50.796],[-75.326,-50.812],[-75.336,-50.808],[-75.306,-50.778],[-75.312,-50.748],[-75.32,-50.784],[-75.378,-50.792],[-75.428,-50.764],[-75.428,-50.738],[-75.452,-50.738],[-75.444,-50.722],[-75.46,-50.71],[-75.402,-50.688],[-75.364,-50.698],[-75.388,-50.672],[-75.508,-50.666],[-75.486,-50.644],[-75.438,-50.652],[-75.398,-50.644],[-75.446,-50.642],[-75.462,-50.614],[-75.424,-50.592],[-75.34,-50.63],[-75.396,-50.594],[-75.366,-50.59],[-75.344,-50.602],[-75.324,-50.602],[-75.32,-50.598],[-75.416,-50.564],[-75.438,-50.542],[-75.424,-50.53],[-75.474,-50.506],[-75.438,-50.484],[-75.4,-50.494],[-75.432,-50.476],[-75.404,-50.464],[-75.34,-50.472]],[[-75.268,-50.554],[-75.262,-50.544],[-75.28,-50.558],[-75.268,-50.554]],[[-75.414,-50.742],[-75.392,-50.74],[-75.392,-50.736],[-75.428,-50.738],[-75.414,-50.742]],[[-75.358,-50.7],[-75.34,-50.688],[-75.364,-50.698],[-75.358,-50.7]]],[[[-74.83,-51.646],[-74.846,-51.662],[-74.814,-51.634],[-74.766,-51.654],[-74.786,-51.69],[-74.756,-51.682],[-74.782,-51.698],[-74.778,-51.714],[-74.758,-51.706],[-74.768,-51.728],[-74.754,-51.726],[-74.79,-51.738],[-74.8,-51.76],[-74.752,-51.738],[-74.746,-51.802],[-74.768,-51.794],[-74.774,-51.808],[-74.756,-51.808],[-74.752,-51.828],[-74.786,-51.846],[-74.764,-51.844],[-74.792,-51.864],[-74.78,-51.876],[-74.792,-51.904],[-74.808,-51.9],[-74.794,-51.91],[-74.8,-51.93],[-74.824,-51.92],[-74.806,-51.944],[-74.854,-51.96],[-74.806,-51.95],[-74.816,-51.976],[-74.832,-51.978],[-74.818,-51.984],[-74.872,-51.982],[-74.828,-51.992],[-74.834,-52.02],[-74.886,-52.002],[-74.922,-52.002],[-74.87,-52.012],[-74.866,-52.032],[-74.848,-52.036],[-74.892,-52.052],[-74.854,-52.046],[-74.868,-52.05],[-74.858,-52.06],[-74.866,-52.088],[-74.944,-52.126],[-74.908,-52.078],[-74.92,-52.058],[-74.952,-52.13],[-75.002,-52.144],[-75.01,-52.13],[-74.984,-52.11],[-74.996,-52.098],[-74.944,-52.104],[-74.964,-52.086],[-74.954,-52.078],[-74.942,-52.05],[-74.976,-52.088],[-75.016,-52.09],[-74.946,-52.038],[-75.022,-52.072],[-75.006,-52.06],[-75.008,-52.042],[-75.032,-52.056],[-75.064,-52.02],[-75.046,-52.016],[-75.042,-51.986],[-75.0,-51.972],[-74.94,-51.954],[-75.006,-51.956],[-75.01,-51.94],[-74.976,-51.876],[-74.956,-51.878],[-74.968,-51.868],[-74.944,-51.808],[-74.928,-51.808],[-74.926,-51.84],[-74.89,-51.852],[-74.918,-51.862],[-74.92,-51.882],[-74.884,-51.866],[-74.922,-51.9],[-74.932,-51.928],[-74.89,-51.888],[-74.894,-51.924],[-74.868,-51.872],[-74.856,-51.942],[-74.844,-51.868],[-74.794,-51.862],[-74.822,-51.852],[-74.818,-51.836],[-74.848,-51.852],[-74.856,-51.83],[-74.826,-51.816],[-74.842,-51.802],[-74.856,-51.816],[-74.878,-51.788],[-74.866,-51.762],[-74.83,-51.78],[-74.846,-51.754],[-74.816,-51.778],[-74.796,-51.784],[-74.802,-51.772],[-74.882,-51.71],[-74.882,-51.688],[-74.862,-51.692],[-74.868,-51.68],[-74.91,-51.68],[-74.934,-51.66],[-74.902,-51.632],[-74.88,-51.642],[-74.844,-51.63],[-74.83,-51.646]]],[[[-74.928,-52.13],[-74.95,-52.132],[-74.944,-52.126],[-74.928,-52.13]]],[[[-73.756,-52.672],[-73.748,-52.648],[-73.77,-52.648],[-73.764,-52.64],[-73.768,-52.638],[-73.776,-52.646],[-73.772,-52.654],[-73.754,-52.66],[-73.762,-52.676],[-73.794,-52.68],[-73.772,-52.688],[-73.81,-52.702],[-73.798,-52.71],[-73.784,-52.698],[-73.754,-52.686],[-73.77,-52.706],[-73.826,-52.724],[-73.846,-52.72],[-73.828,-52.716],[-73.842,-52.714],[-73.838,-52.702],[-73.866,-52.708],[-73.846,-52.714],[-73.866,-52.722],[-73.836,-52.728],[-73.922,-52.75],[-73.942,-52.732],[-73.928,-52.718],[-73.938,-52.708],[-73.864,-52.672],[-73.904,-52.68],[-73.816,-52.6],[-73.848,-52.61],[-73.914,-52.668],[-73.964,-52.682],[-73.968,-52.666],[-73.928,-52.632],[-73.842,-52.574],[-73.9,-52.596],[-73.882,-52.578],[-73.904,-52.58],[-73.894,-52.572],[-73.902,-52.564],[-73.912,-52.566],[-73.898,-52.558],[-73.908,-52.556],[-73.896,-52.544],[-73.914,-52.558],[-73.914,-52.57],[-73.9,-52.572],[-73.916,-52.588],[-73.902,-52.582],[-73.928,-52.606],[-73.972,-52.626],[-73.968,-52.628],[-73.992,-52.632],[-73.992,-52.644],[-74.008,-52.636],[-73.994,-52.648],[-74.05,-52.64],[-74.038,-52.63],[-74.072,-52.642],[-74.026,-52.614],[-74.042,-52.606],[-74.022,-52.584],[-73.984,-52.58],[-74.0,-52.56],[-73.962,-52.562],[-73.952,-52.546],[-73.982,-52.556],[-74.0,-52.534],[-73.868,-52.478],[-73.916,-52.506],[-73.89,-52.498],[-73.928,-52.532],[-73.868,-52.518],[-73.864,-52.528],[-73.878,-52.532],[-73.888,-52.544],[-73.884,-52.55],[-73.866,-52.53],[-73.84,-52.53],[-73.874,-52.508],[-73.812,-52.466],[-73.836,-52.452],[-73.828,-52.442],[-73.764,-52.458],[-73.782,-52.444],[-73.758,-52.44],[-73.782,-52.44],[-73.788,-52.434],[-73.746,-52.422],[-73.684,-52.442],[-73.672,-52.46],[-73.686,-52.466],[-73.648,-52.492],[-73.672,-52.492],[-73.662,-52.5],[-73.692,-52.514],[-73.726,-52.506],[-73.692,-52.528],[-73.716,-52.552],[-73.734,-52.532],[-73.742,-52.534],[-73.714,-52.562],[-73.722,-52.568],[-73.72,-52.574],[-73.71,-52.582],[-73.738,-52.578],[-73.75,-52.566],[-73.766,-52.566],[-73.8,-52.546],[-73.804,-52.548],[-73.752,-52.582],[-73.782,-52.592],[-73.748,-52.586],[-73.724,-52.606],[-73.734,-52.592],[-73.702,-52.592],[-73.736,-52.664],[-73.756,-52.672]],[[-73.978,-52.6],[-73.99,-52.604],[-73.984,-52.622],[-73.972,-52.626],[-73.978,-52.6]]],[[[-75.018,-49.014],[-75.024,-49.028],[-75.006,-49.02],[-74.952,-49.036],[-74.94,-49.058],[-74.948,-49.066],[-74.944,-49.086],[-74.952,-49.086],[-74.952,-49.09],[-74.938,-49.09],[-74.936,-49.048],[-74.924,-49.052],[-74.942,-49.032],[-74.942,-49.0],[-74.886,-49.02],[-74.824,-49.076],[-74.824,-49.098],[-74.844,-49.112],[-74.832,-49.116],[-74.888,-49.148],[-74.83,-49.12],[-74.854,-49.18],[-74.868,-49.286],[-74.918,-49.266],[-74.928,-49.25],[-74.91,-49.24],[-74.958,-49.238],[-75.006,-49.172],[-75.05,-49.156],[-75.03,-49.15],[-75.04,-49.14],[-75.064,-49.152],[-75.178,-49.142],[-75.14,-49.112],[-75.07,-49.11],[-75.124,-49.102],[-75.094,-49.084],[-75.204,-49.132],[-75.178,-49.08],[-75.12,-49.042],[-75.13,-49.032],[-75.118,-49.018],[-75.104,-49.014],[-75.096,-49.03],[-75.088,-49.018],[-75.1,-49.002],[-75.026,-49.044],[-75.032,-49.026],[-75.096,-48.996],[-75.076,-48.98],[-75.018,-49.014]]],[[[-75.108,-51.252],[-75.106,-51.268],[-75.1,-51.278],[-75.1,-51.292],[-75.14,-51.386],[-75.124,-51.38],[-75.11,-51.332],[-75.088,-51.328],[-75.08,-51.294],[-75.056,-51.306],[-75.058,-51.322],[-74.98,-51.322],[-74.992,-51.342],[-74.976,-51.362],[-74.992,-51.378],[-74.998,-51.362],[-75.026,-51.356],[-74.998,-51.382],[-75.008,-51.408],[-75.038,-51.39],[-75.036,-51.37],[-75.072,-51.36],[-75.038,-51.408],[-75.06,-51.42],[-75.058,-51.4],[-75.078,-51.396],[-75.068,-51.402],[-75.086,-51.444],[-75.096,-51.43],[-75.104,-51.428],[-75.11,-51.43],[-75.092,-51.448],[-75.12,-51.452],[-75.098,-51.464],[-75.11,-51.468],[-75.096,-51.482],[-75.134,-51.452],[-75.124,-51.452],[-75.138,-51.434],[-75.124,-51.436],[-75.15,-51.408],[-75.144,-51.452],[-75.158,-51.46],[-75.142,-51.46],[-75.132,-51.516],[-75.144,-51.52],[-75.148,-51.568],[-75.172,-51.568],[-75.158,-51.578],[-75.164,-51.596],[-75.222,-51.556],[-75.182,-51.61],[-75.212,-51.628],[-75.262,-51.614],[-75.314,-51.644],[-75.326,-51.622],[-75.312,-51.612],[-75.35,-51.588],[-75.318,-51.57],[-75.342,-51.554],[-75.328,-51.55],[-75.336,-51.534],[-75.298,-51.53],[-75.294,-51.508],[-75.268,-51.522],[-75.244,-51.496],[-75.196,-51.486],[-75.234,-51.444],[-75.218,-51.444],[-75.232,-51.434],[-75.208,-51.422],[-75.22,-51.402],[-75.202,-51.398],[-75.192,-51.378],[-75.148,-51.39],[-75.162,-51.366],[-75.184,-51.376],[-75.204,-51.356],[-75.2,-51.342],[-75.222,-51.338],[-75.222,-51.334],[-75.188,-51.316],[-75.2,-51.31],[-75.182,-51.292],[-75.158,-51.304],[-75.158,-51.276],[-75.108,-51.252]]],[[[-75.27,-48.998],[-75.338,-49.02],[-75.272,-49.008],[-75.238,-49.072],[-75.28,-49.116],[-75.32,-49.128],[-75.3,-49.094],[-75.306,-49.088],[-75.336,-49.118],[-75.342,-49.156],[-75.374,-49.176],[-75.38,-49.164],[-75.39,-49.162],[-75.378,-49.152],[-75.364,-49.1],[-75.328,-49.092],[-75.348,-49.094],[-75.344,-49.072],[-75.384,-49.12],[-75.392,-49.156],[-75.392,-49.142],[-75.414,-49.164],[-75.454,-49.14],[-75.418,-49.168],[-75.446,-49.206],[-75.426,-49.218],[-75.466,-49.244],[-75.568,-49.212],[-75.592,-49.224],[-75.612,-49.194],[-75.63,-49.194],[-75.622,-49.166],[-75.604,-49.162],[-75.576,-49.196],[-75.566,-49.196],[-75.598,-49.158],[-75.576,-49.116],[-75.532,-49.086],[-75.492,-49.072],[-75.548,-49.154],[-75.498,-49.1],[-75.436,-49.108],[-75.496,-49.094],[-75.426,-49.052],[-75.422,-49.07],[-75.412,-49.072],[-75.422,-49.05],[-75.354,-49.026],[-75.418,-49.038],[-75.394,-49.004],[-75.34,-48.954],[-75.28,-48.942],[-75.27,-48.998]]],[[[-74.73,-50.7],[-74.736,-50.684],[-74.716,-50.692],[-74.73,-50.718],[-74.766,-50.706],[-74.736,-50.724],[-74.732,-50.754],[-74.794,-50.738],[-74.74,-50.762],[-74.75,-50.774],[-74.78,-50.768],[-74.772,-50.776],[-74.75,-50.78],[-74.734,-50.766],[-74.712,-50.782],[-74.736,-50.798],[-74.708,-50.786],[-74.688,-50.796],[-74.698,-50.826],[-74.788,-50.806],[-74.748,-50.828],[-74.698,-50.832],[-74.734,-50.842],[-74.736,-50.854],[-74.718,-50.848],[-74.71,-50.862],[-74.722,-50.888],[-74.674,-50.83],[-74.674,-50.804],[-74.636,-50.816],[-74.652,-50.858],[-74.672,-50.858],[-74.656,-50.862],[-74.676,-50.886],[-74.664,-50.884],[-74.692,-50.894],[-74.682,-50.902],[-74.756,-50.9],[-74.824,-50.88],[-74.808,-50.876],[-74.798,-50.868],[-74.83,-50.88],[-74.874,-50.866],[-74.854,-50.848],[-74.91,-50.872],[-74.938,-50.846],[-74.928,-50.832],[-74.904,-50.838],[-74.894,-50.838],[-74.916,-50.83],[-74.87,-50.844],[-74.886,-50.83],[-74.858,-50.826],[-74.892,-50.826],[-74.914,-50.816],[-74.872,-50.82],[-74.93,-50.8],[-74.846,-50.81],[-74.946,-50.79],[-74.946,-50.762],[-74.87,-50.784],[-74.934,-50.758],[-74.914,-50.752],[-74.948,-50.752],[-74.944,-50.734],[-74.926,-50.732],[-74.94,-50.724],[-74.91,-50.712],[-74.894,-50.726],[-74.838,-50.726],[-74.828,-50.732],[-74.88,-50.74],[-74.858,-50.758],[-74.828,-50.764],[-74.856,-50.754],[-74.818,-50.754],[-74.848,-50.746],[-74.808,-50.732],[-74.868,-50.708],[-74.856,-50.706],[-74.932,-50.694],[-74.92,-50.678],[-74.93,-50.676],[-74.924,-50.672],[-74.912,-50.68],[-74.922,-50.692],[-74.894,-50.668],[-74.846,-50.692],[-74.816,-50.688],[-74.814,-50.714],[-74.794,-50.698],[-74.772,-50.704],[-74.844,-50.66],[-74.73,-50.7]]],[[[-74.04,-51.536],[-74.032,-51.556],[-74.03,-51.566],[-74.032,-51.568],[-74.086,-51.554],[-74.028,-51.578],[-74.012,-51.622],[-74.022,-51.64],[-74.006,-51.642],[-73.982,-51.682],[-74.006,-51.696],[-73.972,-51.702],[-74.02,-51.704],[-74.058,-51.726],[-74.016,-51.708],[-74.006,-51.728],[-73.954,-51.732],[-73.958,-51.716],[-73.926,-51.738],[-73.908,-51.774],[-73.958,-51.804],[-73.936,-51.802],[-73.952,-51.814],[-73.964,-51.814],[-73.96,-51.806],[-73.996,-51.798],[-73.986,-51.792],[-73.986,-51.79],[-73.988,-51.79],[-74.018,-51.804],[-74.042,-51.784],[-74.068,-51.79],[-74.046,-51.774],[-74.048,-51.77],[-74.084,-51.786],[-74.156,-51.748],[-74.136,-51.734],[-74.194,-51.746],[-74.248,-51.72],[-74.19,-51.73],[-74.238,-51.706],[-74.22,-51.698],[-74.242,-51.688],[-74.226,-51.676],[-74.158,-51.698],[-74.198,-51.662],[-74.164,-51.67],[-74.17,-51.648],[-74.152,-51.668],[-74.084,-51.682],[-74.134,-51.666],[-74.112,-51.652],[-74.122,-51.646],[-74.102,-51.648],[-74.152,-51.614],[-74.116,-51.624],[-74.092,-51.626],[-74.136,-51.614],[-74.15,-51.592],[-74.1,-51.594],[-74.068,-51.612],[-74.088,-51.616],[-74.08,-51.62],[-74.062,-51.61],[-74.088,-51.596],[-74.038,-51.602],[-74.082,-51.59],[-74.064,-51.586],[-74.104,-51.574],[-74.108,-51.558],[-74.092,-51.554],[-74.12,-51.55],[-74.09,-51.552],[-74.102,-51.546],[-74.096,-51.538],[-74.056,-51.554],[-74.066,-51.542],[-74.04,-51.536]]],[[[-74.694,-51.854],[-74.714,-51.864],[-74.7,-51.874],[-74.664,-51.854],[-74.662,-51.872],[-74.68,-51.866],[-74.686,-51.87],[-74.666,-51.876],[-74.664,-51.892],[-74.616,-51.846],[-74.616,-51.884],[-74.59,-51.846],[-74.572,-51.846],[-74.616,-51.912],[-74.674,-51.928],[-74.648,-51.944],[-74.662,-51.948],[-74.666,-51.962],[-74.652,-51.95],[-74.63,-51.958],[-74.702,-51.976],[-74.676,-51.984],[-74.718,-52.01],[-74.692,-52.012],[-74.654,-51.972],[-74.636,-51.97],[-74.632,-51.988],[-74.674,-52.022],[-74.702,-52.016],[-74.696,-52.05],[-74.73,-52.066],[-74.732,-52.082],[-74.736,-52.116],[-74.752,-52.122],[-74.75,-52.098],[-74.76,-52.116],[-74.786,-52.114],[-74.786,-52.102],[-74.8,-52.118],[-74.812,-52.1],[-74.812,-52.116],[-74.776,-52.134],[-74.81,-52.142],[-74.802,-52.152],[-74.822,-52.164],[-74.884,-52.152],[-74.842,-52.076],[-74.808,-52.07],[-74.744,-52.032],[-74.784,-52.048],[-74.774,-52.032],[-74.774,-52.018],[-74.778,-52.016],[-74.788,-52.042],[-74.806,-52.034],[-74.788,-52.052],[-74.83,-52.062],[-74.808,-51.982],[-74.784,-51.978],[-74.748,-51.964],[-74.808,-51.974],[-74.782,-51.906],[-74.754,-51.908],[-74.772,-51.898],[-74.75,-51.848],[-74.732,-51.83],[-74.694,-51.854]]],[[[-73.99,-52.17],[-74.002,-52.176],[-73.894,-52.196],[-73.848,-52.22],[-73.854,-52.232],[-73.822,-52.23],[-73.824,-52.244],[-73.752,-52.274],[-73.762,-52.298],[-73.748,-52.32],[-73.764,-52.316],[-73.782,-52.344],[-73.764,-52.348],[-73.76,-52.322],[-73.732,-52.338],[-73.75,-52.358],[-73.72,-52.394],[-73.722,-52.422],[-73.764,-52.406],[-73.772,-52.416],[-73.758,-52.42],[-73.778,-52.424],[-73.856,-52.404],[-73.882,-52.384],[-73.848,-52.384],[-73.87,-52.376],[-73.846,-52.372],[-73.848,-52.358],[-73.76,-52.362],[-73.984,-52.272],[-74.022,-52.226],[-73.982,-52.238],[-74.0,-52.228],[-73.984,-52.224],[-74.036,-52.22],[-74.052,-52.208],[-74.044,-52.196],[-74.08,-52.188],[-74.06,-52.174],[-74.08,-52.178],[-74.072,-52.168],[-74.024,-52.15],[-74.02,-52.136],[-73.99,-52.17]]],[[[-75.054,-48.832],[-75.014,-48.872],[-75.016,-48.894],[-75.058,-48.882],[-75.038,-48.898],[-75.056,-48.904],[-75.108,-48.88],[-75.126,-48.878],[-75.088,-48.9],[-75.116,-48.908],[-75.074,-48.906],[-74.994,-48.932],[-75.054,-48.944],[-75.078,-48.934],[-75.098,-48.958],[-75.122,-48.956],[-75.106,-48.966],[-75.136,-48.996],[-75.15,-48.972],[-75.176,-48.976],[-75.174,-48.94],[-75.212,-48.85],[-75.172,-48.862],[-75.234,-48.826],[-75.246,-48.806],[-75.232,-48.802],[-75.252,-48.798],[-75.26,-48.774],[-75.22,-48.77],[-75.054,-48.832]]],[[[-74.118,-52.248],[-74.07,-52.294],[-73.974,-52.336],[-73.948,-52.364],[-73.954,-52.378],[-73.976,-52.382],[-74.03,-52.332],[-73.976,-52.392],[-74.03,-52.368],[-74.004,-52.39],[-74.102,-52.422],[-74.088,-52.41],[-74.114,-52.4],[-74.102,-52.408],[-74.122,-52.42],[-74.16,-52.414],[-74.13,-52.384],[-74.18,-52.412],[-74.164,-52.386],[-74.17,-52.382],[-74.16,-52.376],[-74.16,-52.372],[-74.18,-52.368],[-74.15,-52.356],[-74.16,-52.35],[-74.128,-52.332],[-74.14,-52.334],[-74.136,-52.326],[-74.156,-52.342],[-74.188,-52.35],[-74.186,-52.344],[-74.178,-52.338],[-74.238,-52.36],[-74.218,-52.328],[-74.136,-52.306],[-74.136,-52.302],[-74.13,-52.298],[-74.132,-52.296],[-74.174,-52.306],[-74.192,-52.294],[-74.196,-52.294],[-74.206,-52.288],[-74.196,-52.286],[-74.192,-52.28],[-74.21,-52.282],[-74.194,-52.278],[-74.168,-52.28],[-74.212,-52.262],[-74.16,-52.23],[-74.118,-52.248]],[[-74.098,-52.326],[-74.126,-52.32],[-74.136,-52.324],[-74.136,-52.326],[-74.098,-52.326]]],[[[-74.31,-49.456],[-74.306,-49.486],[-74.286,-49.482],[-74.262,-49.528],[-74.232,-49.548],[-74.294,-49.596],[-74.34,-49.598],[-74.382,-49.636],[-74.424,-49.594],[-74.398,-49.534],[-74.44,-49.506],[-74.404,-49.42],[-74.374,-49.418],[-74.31,-49.456]]],[[[-74.424,-51.056],[-74.464,-51.074],[-74.48,-51.034],[-74.486,-51.044],[-74.5,-51.036],[-74.482,-51.064],[-74.51,-51.084],[-74.456,-51.086],[-74.46,-51.098],[-74.442,-51.096],[-74.418,-51.116],[-74.398,-51.098],[-74.374,-51.108],[-74.352,-51.162],[-74.368,-51.18],[-74.37,-51.174],[-74.38,-51.168],[-74.366,-51.186],[-74.38,-51.198],[-74.432,-51.18],[-74.386,-51.204],[-74.392,-51.226],[-74.44,-51.206],[-74.444,-51.19],[-74.492,-51.184],[-74.484,-51.178],[-74.478,-51.158],[-74.514,-51.18],[-74.534,-51.158],[-74.556,-51.168],[-74.584,-51.102],[-74.566,-51.08],[-74.582,-51.062],[-74.512,-51.036],[-74.49,-51.02],[-74.468,-51.008],[-74.462,-51.022],[-74.464,-51.002],[-74.424,-51.056]]],[[[-74.99,-48.672],[-75.048,-48.826],[-75.154,-48.784],[-75.172,-48.76],[-75.184,-48.77],[-75.218,-48.762],[-75.218,-48.748],[-75.186,-48.766],[-75.216,-48.744],[-75.16,-48.712],[-75.12,-48.712],[-75.124,-48.724],[-75.106,-48.726],[-75.1,-48.718],[-75.142,-48.698],[-75.098,-48.674],[-75.068,-48.686],[-75.066,-48.676],[-75.094,-48.672],[-75.078,-48.668],[-75.088,-48.662],[-75.006,-48.596],[-74.99,-48.672]]],[[[-74.214,-51.068],[-74.208,-51.138],[-74.192,-51.144],[-74.166,-51.202],[-74.21,-51.204],[-74.212,-51.234],[-74.242,-51.256],[-74.262,-51.23],[-74.248,-51.228],[-74.266,-51.216],[-74.278,-51.144],[-74.268,-51.14],[-74.292,-51.12],[-74.326,-50.978],[-74.282,-50.986],[-74.308,-50.972],[-74.296,-50.96],[-74.328,-50.96],[-74.34,-50.932],[-74.336,-50.908],[-74.306,-50.916],[-74.214,-51.068]]],[[[-72.902,-51.926],[-72.95,-51.948],[-72.952,-51.98],[-72.998,-52.054],[-73.112,-52.086],[-73.132,-52.032],[-73.086,-51.952],[-73.0,-51.92],[-72.988,-51.902],[-72.926,-51.906],[-72.898,-51.888],[-72.9,-51.874],[-72.886,-51.878],[-72.902,-51.926]]],[[[-74.622,-50.36],[-74.63,-50.376],[-74.586,-50.362],[-74.55,-50.378],[-74.538,-50.404],[-74.58,-50.424],[-74.6,-50.408],[-74.59,-50.428],[-74.602,-50.434],[-74.648,-50.454],[-74.696,-50.484],[-74.726,-50.48],[-74.71,-50.492],[-74.752,-50.514],[-74.79,-50.484],[-74.774,-50.472],[-74.784,-50.462],[-74.76,-50.452],[-74.776,-50.44],[-74.766,-50.434],[-74.758,-50.434],[-74.75,-50.454],[-74.738,-50.462],[-74.748,-50.424],[-74.734,-50.41],[-74.798,-50.43],[-74.768,-50.398],[-74.76,-50.398],[-74.764,-50.404],[-74.75,-50.412],[-74.748,-50.412],[-74.758,-50.39],[-74.72,-50.36],[-74.622,-50.36]]],[[[-73.954,-51.23],[-73.922,-51.334],[-73.964,-51.342],[-73.97,-51.31],[-73.984,-51.334],[-73.966,-51.348],[-74.036,-51.386],[-74.086,-51.336],[-74.068,-51.31],[-74.094,-51.318],[-74.106,-51.286],[-74.098,-51.23],[-73.954,-51.23]]],[[[-74.954,-51.746],[-74.976,-51.766],[-74.952,-51.764],[-74.95,-51.78],[-74.984,-51.79],[-74.952,-51.796],[-74.982,-51.836],[-74.996,-51.9],[-75.006,-51.89],[-75.032,-51.906],[-75.07,-51.902],[-75.05,-51.91],[-75.06,-51.924],[-75.1,-51.928],[-75.104,-51.91],[-75.09,-51.906],[-75.104,-51.888],[-75.09,-51.884],[-75.102,-51.876],[-75.062,-51.856],[-75.074,-51.838],[-75.108,-51.842],[-75.126,-51.824],[-75.078,-51.802],[-75.094,-51.788],[-75.074,-51.784],[-75.066,-51.748],[-75.048,-51.76],[-75.054,-51.728],[-74.982,-51.718],[-74.954,-51.746]]],[[[-74.59,-52.242],[-74.624,-52.266],[-74.62,-52.292],[-74.64,-52.29],[-74.616,-52.31],[-74.688,-52.304],[-74.65,-52.324],[-74.71,-52.338],[-74.774,-52.32],[-74.784,-52.304],[-74.762,-52.314],[-74.75,-52.3],[-74.8,-52.294],[-74.808,-52.278],[-74.768,-52.278],[-74.784,-52.266],[-74.828,-52.276],[-74.834,-52.256],[-74.864,-52.262],[-74.908,-52.226],[-74.88,-52.2],[-74.834,-52.198],[-74.846,-52.216],[-74.796,-52.222],[-74.786,-52.228],[-74.748,-52.262],[-74.678,-52.272],[-74.69,-52.256],[-74.66,-52.242],[-74.668,-52.232],[-74.654,-52.242],[-74.61,-52.208],[-74.582,-52.214],[-74.59,-52.242]]],[[[-74.5,-51.966],[-74.456,-51.954],[-74.49,-51.982],[-74.454,-51.988],[-74.482,-52.018],[-74.508,-52.018],[-74.488,-52.022],[-74.496,-52.034],[-74.532,-52.052],[-74.548,-52.042],[-74.554,-52.064],[-74.598,-52.08],[-74.61,-52.076],[-74.606,-52.042],[-74.624,-52.054],[-74.618,-52.086],[-74.662,-52.106],[-74.66,-52.086],[-74.664,-52.078],[-74.668,-52.078],[-74.678,-52.108],[-74.708,-52.116],[-74.69,-52.044],[-74.648,-52.006],[-74.604,-51.986],[-74.602,-52.01],[-74.582,-52.0],[-74.558,-52.016],[-74.564,-52.004],[-74.592,-51.996],[-74.586,-51.978],[-74.554,-51.952],[-74.548,-51.958],[-74.49,-51.946],[-74.5,-51.966]]],[[[-74.182,-52.13],[-74.036,-52.236],[-74.11,-52.204],[-74.224,-52.176],[-74.24,-52.166],[-74.224,-52.152],[-74.3,-52.148],[-74.268,-52.162],[-74.292,-52.18],[-74.238,-52.17],[-74.232,-52.176],[-74.196,-52.19],[-74.25,-52.2],[-74.356,-52.176],[-74.384,-52.146],[-74.422,-52.144],[-74.398,-52.13],[-74.324,-52.14],[-74.344,-52.126],[-74.326,-52.112],[-74.28,-52.092],[-74.182,-52.13]]],[[[-74.076,-51.442],[-74.108,-51.456],[-74.14,-51.402],[-74.174,-51.426],[-74.166,-51.434],[-74.182,-51.442],[-74.198,-51.426],[-74.204,-51.426],[-74.208,-51.426],[-74.196,-51.412],[-74.236,-51.412],[-74.218,-51.39],[-74.182,-51.392],[-74.15,-51.372],[-74.19,-51.388],[-74.23,-51.384],[-74.258,-51.358],[-74.24,-51.338],[-74.262,-51.34],[-74.246,-51.326],[-74.258,-51.306],[-74.212,-51.288],[-74.136,-51.314],[-74.112,-51.362],[-74.178,-51.344],[-74.21,-51.362],[-74.174,-51.376],[-74.162,-51.366],[-74.184,-51.364],[-74.162,-51.358],[-74.124,-51.386],[-74.142,-51.364],[-74.126,-51.366],[-74.086,-51.404],[-74.076,-51.442]],[[-74.094,-51.43],[-74.086,-51.436],[-74.084,-51.434],[-74.094,-51.43]]],[[[-74.882,-50.312],[-74.92,-50.36],[-74.978,-50.356],[-74.972,-50.336],[-74.998,-50.348],[-75.002,-50.344],[-75.04,-50.352],[-75.008,-50.362],[-75.076,-50.358],[-75.034,-50.366],[-75.038,-50.378],[-74.97,-50.366],[-74.976,-50.376],[-74.944,-50.382],[-74.99,-50.388],[-74.964,-50.398],[-74.974,-50.406],[-75.026,-50.4],[-75.058,-50.41],[-75.07,-50.398],[-75.054,-50.4],[-75.104,-50.378],[-75.108,-50.39],[-75.136,-50.384],[-75.022,-50.326],[-74.952,-50.268],[-74.958,-50.282],[-74.918,-50.272],[-74.882,-50.312]],[[-75.022,-50.332],[-75.03,-50.336],[-75.002,-50.344],[-75.022,-50.332]]],[[[-73.752,-51.27],[-73.724,-51.304],[-73.73,-51.378],[-73.862,-51.362],[-73.84,-51.358],[-73.854,-51.354],[-73.834,-51.354],[-73.834,-51.34],[-73.87,-51.354],[-73.872,-51.336],[-73.806,-51.32],[-73.798,-51.306],[-73.87,-51.328],[-73.896,-51.306],[-73.882,-51.276],[-73.816,-51.246],[-73.752,-51.27]]],[[[-74.93,-48.646],[-74.928,-48.63],[-74.828,-48.642],[-74.806,-48.628],[-74.766,-48.656],[-74.82,-48.678],[-74.878,-48.72],[-74.966,-48.746],[-74.988,-48.736],[-74.966,-48.664],[-74.89,-48.694],[-74.892,-48.684],[-74.866,-48.7],[-74.846,-48.69],[-74.96,-48.654],[-74.954,-48.606],[-74.93,-48.646]]],[[[-74.548,-52.106],[-74.57,-52.118],[-74.588,-52.11],[-74.608,-52.124],[-74.594,-52.14],[-74.606,-52.152],[-74.612,-52.136],[-74.634,-52.144],[-74.618,-52.148],[-74.632,-52.156],[-74.616,-52.17],[-74.63,-52.192],[-74.65,-52.198],[-74.65,-52.19],[-74.664,-52.184],[-74.676,-52.188],[-74.682,-52.174],[-74.684,-52.19],[-74.656,-52.192],[-74.662,-52.206],[-74.712,-52.2],[-74.7,-52.21],[-74.738,-52.22],[-74.756,-52.21],[-74.75,-52.184],[-74.796,-52.178],[-74.738,-52.142],[-74.73,-52.152],[-74.652,-52.11],[-74.646,-52.108],[-74.644,-52.116],[-74.628,-52.12],[-74.626,-52.102],[-74.586,-52.086],[-74.548,-52.106]]],[[[-74.968,-50.71],[-74.992,-50.73],[-74.97,-50.732],[-74.986,-50.758],[-74.972,-50.758],[-74.974,-50.786],[-74.992,-50.792],[-74.966,-50.802],[-74.996,-50.826],[-75.016,-50.81],[-75.006,-50.798],[-75.05,-50.782],[-75.058,-50.768],[-75.05,-50.76],[-75.038,-50.758],[-75.034,-50.756],[-75.068,-50.758],[-75.102,-50.71],[-75.064,-50.706],[-75.052,-50.724],[-75.036,-50.728],[-75.044,-50.72],[-75.026,-50.694],[-75.068,-50.688],[-75.046,-50.674],[-75.048,-50.656],[-75.014,-50.656],[-75.018,-50.658],[-75.016,-50.668],[-75.004,-50.648],[-74.996,-50.65],[-75.01,-50.67],[-74.996,-50.666],[-75.006,-50.68],[-75.0,-50.682],[-74.968,-50.648],[-74.968,-50.71]]],[[[-73.912,-51.796],[-73.846,-51.82],[-73.786,-51.874],[-73.792,-51.892],[-73.846,-51.91],[-73.826,-51.918],[-73.86,-51.908],[-73.85,-51.896],[-73.844,-51.898],[-73.856,-51.884],[-73.894,-51.896],[-73.958,-51.892],[-73.944,-51.89],[-73.954,-51.872],[-73.92,-51.862],[-73.946,-51.846],[-73.928,-51.844],[-73.984,-51.822],[-73.94,-51.818],[-73.928,-51.794],[-73.9,-51.786],[-73.912,-51.796]]],[[[-73.908,-51.654],[-73.91,-51.66],[-73.91,-51.664],[-73.89,-51.654],[-73.874,-51.692],[-73.834,-51.684],[-73.824,-51.714],[-73.854,-51.732],[-73.842,-51.746],[-73.854,-51.754],[-73.834,-51.76],[-73.796,-51.736],[-73.818,-51.734],[-73.816,-51.722],[-73.788,-51.716],[-73.748,-51.766],[-73.752,-51.784],[-73.79,-51.78],[-73.808,-51.798],[-73.774,-51.802],[-73.792,-51.814],[-73.83,-51.802],[-73.868,-51.766],[-73.854,-51.746],[-73.874,-51.75],[-73.874,-51.716],[-73.882,-51.72],[-73.882,-51.732],[-73.886,-51.734],[-73.932,-51.69],[-73.942,-51.65],[-73.908,-51.654]]],[[[-74.026,-52.244],[-73.956,-52.316],[-73.94,-52.324],[-73.97,-52.29],[-73.9,-52.34],[-73.916,-52.348],[-73.904,-52.364],[-74.054,-52.296],[-74.092,-52.256],[-74.138,-52.236],[-74.122,-52.23],[-74.154,-52.228],[-74.134,-52.218],[-74.138,-52.214],[-74.172,-52.222],[-74.224,-52.202],[-74.168,-52.194],[-74.026,-52.244]]],[[[-74.882,-51.112],[-74.864,-51.098],[-74.828,-51.106],[-74.852,-51.118],[-74.846,-51.132],[-74.818,-51.118],[-74.83,-51.156],[-74.946,-51.152],[-74.936,-51.17],[-75.018,-51.18],[-74.988,-51.112],[-74.948,-51.094],[-74.916,-51.116],[-74.93,-51.124],[-74.904,-51.128],[-74.934,-51.092],[-74.882,-51.112]]],[[[-75.504,-49.004],[-75.458,-49.046],[-75.482,-49.07],[-75.482,-49.054],[-75.522,-49.074],[-75.542,-49.052],[-75.604,-49.05],[-75.62,-49.014],[-75.682,-49.02],[-75.688,-49.004],[-75.662,-48.988],[-75.668,-48.982],[-75.608,-48.974],[-75.504,-49.004]]],[[[-74.584,-51.102],[-74.56,-51.182],[-74.584,-51.168],[-74.572,-51.154],[-74.598,-51.172],[-74.63,-51.15],[-74.644,-51.156],[-74.63,-51.162],[-74.638,-51.18],[-74.652,-51.186],[-74.64,-51.194],[-74.664,-51.202],[-74.704,-51.186],[-74.71,-51.162],[-74.72,-51.186],[-74.76,-51.166],[-74.752,-51.136],[-74.72,-51.142],[-74.672,-51.15],[-74.68,-51.136],[-74.61,-51.094],[-74.584,-51.102]]],[[[-73.79,-51.914],[-73.688,-51.976],[-73.744,-52.024],[-73.862,-51.944],[-73.804,-51.932],[-73.818,-51.924],[-73.806,-51.918],[-73.818,-51.92],[-73.83,-51.914],[-73.796,-51.916],[-73.804,-51.898],[-73.772,-51.9],[-73.79,-51.914]]],[[[-74.024,-52.132],[-74.094,-52.176],[-74.14,-52.152],[-74.12,-52.148],[-74.112,-52.136],[-74.162,-52.136],[-74.24,-52.092],[-74.212,-52.08],[-74.192,-52.086],[-74.206,-52.092],[-74.198,-52.096],[-74.098,-52.09],[-74.024,-52.132]]],[[[-74.85,-51.184],[-74.834,-51.176],[-74.838,-51.192],[-74.834,-51.196],[-74.83,-51.176],[-74.802,-51.188],[-74.846,-51.244],[-74.878,-51.22],[-74.862,-51.196],[-74.88,-51.212],[-74.95,-51.208],[-74.974,-51.226],[-75.0,-51.23],[-75.028,-51.226],[-75.008,-51.224],[-75.02,-51.216],[-75.01,-51.2],[-74.984,-51.212],[-74.99,-51.192],[-74.974,-51.182],[-74.846,-51.164],[-74.85,-51.184]]],[[[-74.362,-50.064],[-74.366,-50.084],[-74.452,-50.09],[-74.478,-50.066],[-74.556,-50.07],[-74.544,-50.08],[-74.612,-50.102],[-74.554,-50.062],[-74.5,-50.052],[-74.438,-50.016],[-74.362,-50.064]]],[[[-75.134,-49.172],[-75.132,-49.198],[-75.038,-49.23],[-75.064,-49.244],[-75.162,-49.238],[-75.216,-49.19],[-75.208,-49.16],[-75.134,-49.172]]],[[[-74.868,-51.25],[-74.988,-51.32],[-75.066,-51.284],[-75.048,-51.284],[-75.056,-51.266],[-75.036,-51.256],[-74.966,-51.276],[-74.952,-51.266],[-74.998,-51.256],[-74.946,-51.246],[-74.938,-51.254],[-74.924,-51.248],[-74.934,-51.236],[-74.908,-51.236],[-74.868,-51.25]],[[-74.934,-51.258],[-74.922,-51.252],[-74.938,-51.254],[-74.934,-51.258]]],[[[-74.578,-50.534],[-74.586,-50.562],[-74.654,-50.608],[-74.674,-50.604],[-74.68,-50.594],[-74.658,-50.586],[-74.65,-50.566],[-74.664,-50.576],[-74.672,-50.574],[-74.664,-50.544],[-74.674,-50.55],[-74.69,-50.55],[-74.67,-50.53],[-74.686,-50.522],[-74.672,-50.51],[-74.578,-50.534]]],[[[-74.66,-51.784],[-74.64,-51.788],[-74.658,-51.812],[-74.626,-51.788],[-74.628,-51.816],[-74.602,-51.808],[-74.622,-51.844],[-74.664,-51.852],[-74.728,-51.822],[-74.722,-51.79],[-74.686,-51.784],[-74.668,-51.764],[-74.666,-51.788],[-74.654,-51.768],[-74.66,-51.784]]],[[[-73.7,-51.888],[-73.708,-51.948],[-73.8,-51.85],[-73.772,-51.828],[-73.748,-51.832],[-73.7,-51.888]]],[[[-73.844,-52.43],[-73.85,-52.456],[-73.868,-52.45],[-73.874,-52.468],[-73.918,-52.486],[-73.966,-52.476],[-73.938,-52.468],[-73.984,-52.47],[-73.908,-52.414],[-73.876,-52.408],[-73.844,-52.43]]],[[[-74.896,-51.486],[-74.914,-51.496],[-74.916,-51.522],[-74.884,-51.53],[-74.904,-51.544],[-74.898,-51.554],[-74.932,-51.556],[-74.91,-51.548],[-74.924,-51.55],[-74.918,-51.532],[-74.932,-51.55],[-74.94,-51.55],[-74.93,-51.524],[-74.96,-51.542],[-74.996,-51.542],[-74.992,-51.498],[-74.924,-51.466],[-74.896,-51.486]]],[[[-74.814,-50.992],[-74.858,-51.01],[-74.902,-51.052],[-74.942,-51.072],[-74.972,-51.066],[-74.958,-51.038],[-74.908,-51.038],[-74.922,-51.022],[-74.95,-51.022],[-74.944,-51.006],[-74.932,-51.004],[-74.938,-51.008],[-74.942,-51.018],[-74.898,-50.984],[-74.814,-50.992]]],[[[-75.456,-49.454],[-75.462,-49.464],[-75.444,-49.448],[-75.428,-49.46],[-75.44,-49.526],[-75.462,-49.516],[-75.45,-49.51],[-75.462,-49.502],[-75.504,-49.496],[-75.5,-49.482],[-75.544,-49.448],[-75.522,-49.43],[-75.496,-49.452],[-75.488,-49.45],[-75.504,-49.43],[-75.456,-49.454]]],[[[-75.082,-50.396],[-75.114,-50.408],[-75.092,-50.416],[-75.098,-50.434],[-75.132,-50.446],[-75.15,-50.476],[-75.208,-50.45],[-75.176,-50.438],[-75.152,-50.392],[-75.082,-50.396]]],[[[-74.57,-50.292],[-74.59,-50.316],[-74.618,-50.29],[-74.612,-50.3],[-74.626,-50.3],[-74.61,-50.312],[-74.646,-50.318],[-74.756,-50.308],[-74.716,-50.278],[-74.636,-50.298],[-74.652,-50.278],[-74.57,-50.292]]],[[[-74.55,-51.838],[-74.552,-51.84],[-74.552,-51.844],[-74.558,-51.848],[-74.54,-51.842],[-74.55,-51.85],[-74.532,-51.872],[-74.582,-51.916],[-74.552,-51.912],[-74.53,-51.89],[-74.548,-51.92],[-74.576,-51.938],[-74.602,-51.93],[-74.588,-51.938],[-74.598,-51.946],[-74.644,-51.942],[-74.596,-51.9],[-74.594,-51.906],[-74.582,-51.906],[-74.566,-51.834],[-74.55,-51.838]]],[[[-74.55,-51.84],[-74.536,-51.834],[-74.534,-51.836],[-74.552,-51.844],[-74.55,-51.84]]],[[[-73.848,-52.176],[-73.81,-52.182],[-73.794,-52.234],[-73.842,-52.2],[-73.93,-52.17],[-73.928,-52.146],[-73.898,-52.144],[-73.848,-52.176]]],[[[-74.666,-51.364],[-74.684,-51.348],[-74.694,-51.348],[-74.668,-51.338],[-74.666,-51.364]]],[[[-74.666,-51.388],[-74.692,-51.414],[-74.684,-51.436],[-74.754,-51.442],[-74.712,-51.394],[-74.7,-51.348],[-74.694,-51.348],[-74.666,-51.388]]],[[[-74.35,-52.19],[-74.332,-52.192],[-74.362,-52.202],[-74.35,-52.194],[-74.37,-52.184],[-74.468,-52.208],[-74.426,-52.154],[-74.386,-52.158],[-74.35,-52.19]]],[[[-74.304,-52.194],[-74.35,-52.214],[-74.332,-52.192],[-74.304,-52.194]]],[[[-74.58,-52.366],[-74.596,-52.368],[-74.582,-52.378],[-74.598,-52.388],[-74.614,-52.392],[-74.604,-52.378],[-74.608,-52.374],[-74.626,-52.396],[-74.642,-52.396],[-74.638,-52.382],[-74.654,-52.398],[-74.686,-52.376],[-74.696,-52.386],[-74.692,-52.366],[-74.662,-52.356],[-74.67,-52.348],[-74.614,-52.342],[-74.58,-52.366]]],[[[-75.35,-48.736],[-75.302,-48.734],[-75.384,-48.784],[-75.468,-48.784],[-75.36,-48.732],[-75.34,-48.732],[-75.35,-48.736]]],[[[-74.538,-52.256],[-74.544,-52.302],[-74.558,-52.316],[-74.59,-52.304],[-74.572,-52.29],[-74.578,-52.282],[-74.61,-52.306],[-74.618,-52.292],[-74.596,-52.25],[-74.572,-52.234],[-74.538,-52.256]]],[[[-75.04,-50.414],[-75.048,-50.422],[-75.008,-50.42],[-75.022,-50.468],[-75.078,-50.478],[-75.078,-50.458],[-75.106,-50.454],[-75.068,-50.41],[-75.054,-50.414],[-75.036,-50.408],[-75.04,-50.414]]],[[[-74.956,-48.992],[-74.98,-49.012],[-74.954,-49.012],[-74.952,-49.036],[-75.07,-48.976],[-74.978,-48.97],[-74.956,-48.992]]],[[[-74.66,-50.078],[-74.68,-50.108],[-74.722,-50.128],[-74.754,-50.12],[-74.732,-50.114],[-74.762,-50.104],[-74.752,-50.088],[-74.66,-50.078]]],[[[-73.676,-52.252],[-73.688,-52.28],[-73.77,-52.248],[-73.764,-52.234],[-73.732,-52.248],[-73.72,-52.248],[-73.756,-52.226],[-73.752,-52.21],[-73.676,-52.252]]],[[[-74.114,-52.57],[-74.08,-52.592],[-74.074,-52.578],[-74.046,-52.584],[-74.108,-52.62],[-74.192,-52.6],[-74.114,-52.57]]],[[[-74.426,-52.036],[-74.504,-52.086],[-74.55,-52.092],[-74.504,-52.046],[-74.426,-52.036]]],[[[-74.7,-51.716],[-74.678,-51.712],[-74.67,-51.732],[-74.72,-51.786],[-74.728,-51.718],[-74.668,-51.702],[-74.7,-51.716]]],[[[-73.346,-52.684],[-73.394,-52.692],[-73.38,-52.706],[-73.356,-52.69],[-73.328,-52.694],[-73.374,-52.728],[-73.386,-52.734],[-73.416,-52.738],[-73.402,-52.716],[-73.414,-52.724],[-73.428,-52.728],[-73.428,-52.71],[-73.36,-52.662],[-73.34,-52.668],[-73.346,-52.684]]],[[[-74.848,-50.244],[-74.832,-50.252],[-74.88,-50.294],[-74.916,-50.258],[-74.916,-50.232],[-74.848,-50.244]]],[[[-73.952,-52.086],[-73.922,-52.1],[-73.962,-52.124],[-73.976,-52.126],[-73.984,-52.106],[-74.034,-52.08],[-74.036,-52.064],[-73.952,-52.086]]],[[[-74.404,-51.23],[-74.4,-51.256],[-74.426,-51.256],[-74.426,-51.24],[-74.448,-51.224],[-74.462,-51.234],[-74.464,-51.214],[-74.472,-51.226],[-74.492,-51.218],[-74.49,-51.23],[-74.534,-51.208],[-74.522,-51.196],[-74.498,-51.214],[-74.496,-51.192],[-74.404,-51.23]]],[[[-75.362,-50.36],[-75.404,-50.388],[-75.422,-50.422],[-75.46,-50.432],[-75.484,-50.418],[-75.478,-50.402],[-75.408,-50.382],[-75.382,-50.34],[-75.362,-50.36]]],[[[-75.278,-48.768],[-75.248,-48.83],[-75.334,-48.78],[-75.308,-48.776],[-75.302,-48.758],[-75.278,-48.768]]],[[[-74.05,-51.81],[-74.058,-51.814],[-74.016,-51.826],[-74.054,-51.84],[-74.128,-51.782],[-74.162,-51.778],[-74.15,-51.766],[-74.05,-51.81]]],[[[-74.534,-50.602],[-74.546,-50.596],[-74.518,-50.536],[-74.468,-50.542],[-74.534,-50.602]]],[[[-74.086,-50.824],[-74.076,-50.854],[-74.136,-50.844],[-74.14,-50.782],[-74.086,-50.824]]],[[[-74.32,-52.066],[-74.298,-52.088],[-74.356,-52.112],[-74.376,-52.084],[-74.348,-52.058],[-74.32,-52.066]]],[[[-74.416,-49.538],[-74.44,-49.596],[-74.468,-49.53],[-74.456,-49.508],[-74.416,-49.538]]],[[[-74.214,-52.22],[-74.22,-52.236],[-74.274,-52.264],[-74.288,-52.25],[-74.256,-52.228],[-74.3,-52.246],[-74.314,-52.242],[-74.282,-52.22],[-74.214,-52.22]]],[[[-75.494,-49.404],[-75.466,-49.398],[-75.464,-49.428],[-75.502,-49.426],[-75.504,-49.41],[-75.54,-49.42],[-75.546,-49.416],[-75.548,-49.392],[-75.512,-49.378],[-75.494,-49.404]]],[[[-74.84,-52.294],[-74.862,-52.308],[-74.842,-52.322],[-74.876,-52.31],[-74.856,-52.284],[-74.926,-52.278],[-74.914,-52.25],[-74.88,-52.254],[-74.84,-52.294]]],[[[-75.002,-51.014],[-75.002,-50.998],[-75.02,-51.01],[-75.064,-50.994],[-75.046,-50.97],[-74.988,-50.984],[-74.992,-50.972],[-74.966,-50.994],[-75.002,-51.014]]],[[[-75.19,-50.206],[-75.198,-50.234],[-75.258,-50.216],[-75.246,-50.196],[-75.19,-50.206]]],[[[-75.314,-50.374],[-75.342,-50.404],[-75.388,-50.412],[-75.378,-50.384],[-75.346,-50.358],[-75.314,-50.374]]],[[[-75.01,-50.042],[-75.042,-50.056],[-75.032,-50.074],[-75.048,-50.092],[-75.068,-50.03],[-75.028,-50.024],[-75.01,-50.042]]],[[[-74.484,-52.408],[-74.504,-52.416],[-74.47,-52.46],[-74.502,-52.448],[-74.504,-52.43],[-74.51,-52.442],[-74.518,-52.424],[-74.552,-52.416],[-74.548,-52.402],[-74.484,-52.408]]],[[[-75.294,-49.544],[-75.258,-49.556],[-75.312,-49.59],[-75.332,-49.564],[-75.31,-49.55],[-75.326,-49.554],[-75.314,-49.536],[-75.3,-49.552],[-75.294,-49.544]]],[[[-74.67,-50.236],[-74.67,-50.254],[-74.696,-50.264],[-74.744,-50.252],[-74.728,-50.242],[-74.74,-50.236],[-74.734,-50.218],[-74.67,-50.236]]],[[[-74.548,-51.75],[-74.6,-51.782],[-74.592,-51.73],[-74.546,-51.73],[-74.548,-51.75]]],[[[-73.318,-52.74],[-73.332,-52.728],[-73.336,-52.746],[-73.378,-52.762],[-73.412,-52.752],[-73.37,-52.738],[-73.328,-52.702],[-73.318,-52.74]],[[-73.338,-52.73],[-73.33,-52.718],[-73.37,-52.738],[-73.338,-52.73]]],[[[-74.112,-52.676],[-74.076,-52.698],[-74.092,-52.69],[-74.132,-52.714],[-74.158,-52.708],[-74.116,-52.684],[-74.14,-52.682],[-74.124,-52.668],[-74.138,-52.66],[-74.176,-52.67],[-74.184,-52.664],[-74.164,-52.656],[-74.164,-52.65],[-74.192,-52.646],[-74.144,-52.648],[-74.134,-52.66],[-74.11,-52.656],[-74.112,-52.676]]],[[[-74.362,-52.296],[-74.394,-52.28],[-74.362,-52.256],[-74.32,-52.256],[-74.362,-52.296]]],[[[-74.504,-52.472],[-74.508,-52.488],[-74.556,-52.488],[-74.566,-52.476],[-74.552,-52.48],[-74.554,-52.472],[-74.572,-52.474],[-74.558,-52.466],[-74.586,-52.468],[-74.54,-52.456],[-74.504,-52.472]]],[[[-74.86,-51.494],[-74.85,-51.514],[-74.892,-51.496],[-74.862,-51.462],[-74.834,-51.462],[-74.86,-51.494]]],[[[-74.736,-51.188],[-74.752,-51.21],[-74.794,-51.202],[-74.786,-51.178],[-74.736,-51.188]]],[[[-74.736,-52.246],[-74.688,-52.228],[-74.678,-52.238],[-74.704,-52.26],[-74.766,-52.244],[-74.762,-52.222],[-74.714,-52.222],[-74.736,-52.246]]],[[[-75.068,-49.202],[-75.046,-49.218],[-75.12,-49.196],[-75.122,-49.17],[-75.086,-49.172],[-75.068,-49.202]]],[[[-74.31,-51.378],[-74.352,-51.382],[-74.302,-51.386],[-74.328,-51.398],[-74.386,-51.382],[-74.346,-51.362],[-74.31,-51.378]]],[[[-73.968,-52.428],[-74.038,-52.45],[-74.082,-52.444],[-73.968,-52.428]]],[[[-73.58,-52.752],[-73.576,-52.762],[-73.596,-52.756],[-73.582,-52.77],[-73.6,-52.782],[-73.64,-52.754],[-73.64,-52.734],[-73.58,-52.752]]],[[[-74.514,-52.346],[-74.544,-52.364],[-74.528,-52.322],[-74.48,-52.302],[-74.514,-52.346]]],[[[-74.764,-51.47],[-74.786,-51.474],[-74.8,-51.456],[-74.78,-51.454],[-74.764,-51.47]]],[[[-74.806,-51.488],[-74.842,-51.498],[-74.826,-51.456],[-74.8,-51.456],[-74.806,-51.488]]],[[[-75.32,-49.516],[-75.37,-49.516],[-75.376,-49.5],[-75.352,-49.506],[-75.356,-49.488],[-75.336,-49.49],[-75.354,-49.484],[-75.352,-49.472],[-75.334,-49.486],[-75.32,-49.516]]],[[[-74.574,-50.258],[-74.552,-50.276],[-74.56,-50.288],[-74.602,-50.274],[-74.628,-50.248],[-74.574,-50.258]]],[[[-73.64,-52.76],[-73.632,-52.778],[-73.636,-52.782],[-73.632,-52.782],[-73.636,-52.788],[-73.656,-52.79],[-73.648,-52.782],[-73.672,-52.788],[-73.678,-52.788],[-73.69,-52.79],[-73.7,-52.788],[-73.674,-52.784],[-73.692,-52.784],[-73.654,-52.774],[-73.652,-52.772],[-73.698,-52.772],[-73.64,-52.76]]],[[[-73.94,-51.512],[-73.94,-51.494],[-73.976,-51.502],[-73.974,-51.484],[-73.93,-51.482],[-73.928,-51.488],[-73.94,-51.512]]],[[[-74.438,-51.696],[-74.464,-51.696],[-74.462,-51.7],[-74.43,-51.71],[-74.464,-51.708],[-74.54,-51.678],[-74.438,-51.696]]],[[[-75.382,-49.556],[-75.438,-49.554],[-75.428,-49.53],[-75.39,-49.546],[-75.404,-49.53],[-75.392,-49.528],[-75.382,-49.556]]],[[[-74.44,-51.288],[-74.458,-51.308],[-74.488,-51.282],[-74.476,-51.262],[-74.44,-51.288]]],[[[-74.554,-51.602],[-74.574,-51.604],[-74.532,-51.622],[-74.614,-51.598],[-74.554,-51.602]]],[[[-74.262,-52.206],[-74.304,-52.224],[-74.322,-52.216],[-74.3,-52.192],[-74.262,-52.206]]],[[[-74.378,-52.02],[-74.388,-52.034],[-74.352,-52.04],[-74.392,-52.054],[-74.388,-52.036],[-74.412,-52.03],[-74.378,-52.02]]],[[[-74.142,-51.12],[-74.146,-51.162],[-74.162,-51.156],[-74.172,-51.1],[-74.142,-51.12]]],[[[-73.594,-51.786],[-73.644,-51.8],[-73.626,-51.762],[-73.61,-51.756],[-73.594,-51.786]]],[[[-75.254,-49.164],[-75.3,-49.178],[-75.278,-49.146],[-75.242,-49.148],[-75.254,-49.164]]],[[[-74.91,-49.592],[-74.916,-49.61],[-74.946,-49.582],[-74.94,-49.594],[-74.954,-49.594],[-74.928,-49.612],[-74.964,-49.6],[-74.956,-49.576],[-74.91,-49.592]]],[[[-74.606,-52.318],[-74.596,-52.338],[-74.626,-52.338],[-74.618,-52.316],[-74.606,-52.318]]],[[[-74.57,-52.326],[-74.59,-52.336],[-74.606,-52.318],[-74.57,-52.326]]],[[[-74.836,-50.552],[-74.836,-50.566],[-74.858,-50.566],[-74.88,-50.544],[-74.858,-50.534],[-74.836,-50.552]]],[[[-73.742,-51.396],[-73.746,-51.42],[-73.782,-51.388],[-73.742,-51.396]]],[[[-75.236,-50.012],[-75.262,-50.05],[-75.26,-50.026],[-75.276,-50.016],[-75.266,-50.0],[-75.236,-50.012]]],[[[-75.39,-49.81],[-75.412,-49.798],[-75.41,-49.772],[-75.388,-49.762],[-75.39,-49.81]]],[[[-74.962,-50.964],[-74.97,-50.988],[-75.006,-50.95],[-74.992,-50.944],[-74.962,-50.964]]],[[[-74.376,-51.576],[-74.424,-51.586],[-74.362,-51.548],[-74.376,-51.576]]],[[[-74.758,-50.652],[-74.774,-50.666],[-74.808,-50.654],[-74.764,-50.64],[-74.758,-50.652]]],[[[-74.76,-51.132],[-74.758,-51.14],[-74.768,-51.152],[-74.792,-51.128],[-74.76,-51.132]]],[[[-74.772,-51.162],[-74.81,-51.152],[-74.798,-51.132],[-74.79,-51.134],[-74.784,-51.144],[-74.774,-51.152],[-74.768,-51.152],[-74.772,-51.162]]],[[[-74.992,-49.912],[-75.01,-49.928],[-75.046,-49.918],[-75.026,-49.912],[-75.032,-49.912],[-75.014,-49.908],[-75.012,-49.906],[-75.052,-49.906],[-75.0,-49.904],[-74.992,-49.912]]],[[[-74.3,-52.286],[-74.34,-52.298],[-74.322,-52.268],[-74.298,-52.266],[-74.3,-52.286]]],[[[-74.982,-48.926],[-75.04,-48.91],[-75.018,-48.904],[-74.982,-48.926]]],[[[-73.65,-52.56],[-73.634,-52.568],[-73.66,-52.584],[-73.69,-52.564],[-73.65,-52.56]]],[[[-75.608,-49.114],[-75.626,-49.13],[-75.64,-49.124],[-75.648,-49.09],[-75.616,-49.094],[-75.608,-49.114]]],[[[-74.55,-52.156],[-74.578,-52.162],[-74.562,-52.134],[-74.528,-52.13],[-74.55,-52.156]]],[[[-74.586,-50.654],[-74.604,-50.646],[-74.6,-50.622],[-74.558,-50.628],[-74.586,-50.654]]],[[[-74.322,-52.014],[-74.356,-52.028],[-74.356,-52.014],[-74.37,-52.006],[-74.322,-52.014]]],[[[-75.62,-49.16],[-75.64,-49.168],[-75.682,-49.162],[-75.68,-49.148],[-75.646,-49.16],[-75.63,-49.154],[-75.638,-49.14],[-75.62,-49.16]]],[[[-73.58,-52.528],[-73.572,-52.55],[-73.596,-52.552],[-73.596,-52.526],[-73.58,-52.528]]],[[[-74.694,-51.028],[-74.718,-51.012],[-74.65,-51.014],[-74.694,-51.028]]],[[[-75.608,-49.058],[-75.648,-49.044],[-75.63,-49.02],[-75.608,-49.058]]],[[[-74.39,-52.536],[-74.402,-52.54],[-74.376,-52.56],[-74.44,-52.534],[-74.39,-52.536]]],[[[-73.612,-52.314],[-73.608,-52.328],[-73.61,-52.336],[-73.642,-52.286],[-73.612,-52.314]]],[[[-74.706,-51.556],[-74.774,-51.556],[-74.748,-51.552],[-74.706,-51.556]]],[[[-74.14,-51.312],[-74.184,-51.29],[-74.154,-51.278],[-74.14,-51.312]]],[[[-74.432,-50.396],[-74.448,-50.408],[-74.47,-50.394],[-74.47,-50.378],[-74.432,-50.396]]],[[[-75.4,-49.206],[-75.422,-49.218],[-75.418,-49.186],[-75.396,-49.18],[-75.4,-49.206]]],[[[-74.474,-52.494],[-74.502,-52.51],[-74.508,-52.488],[-74.492,-52.48],[-74.474,-52.494]]],[[[-74.96,-50.424],[-74.984,-50.446],[-74.998,-50.448],[-74.982,-50.436],[-74.994,-50.44],[-74.994,-50.412],[-74.96,-50.424]]],[[[-72.924,-51.79],[-72.912,-51.804],[-72.96,-51.794],[-72.952,-51.782],[-72.924,-51.79]]],[[[-74.278,-52.31],[-74.288,-52.308],[-74.264,-52.284],[-74.23,-52.284],[-74.278,-52.31]]],[[[-74.466,-51.312],[-74.452,-51.324],[-74.486,-51.312],[-74.47,-51.326],[-74.484,-51.338],[-74.498,-51.316],[-74.494,-51.308],[-74.466,-51.312]]],[[[-74.31,-51.996],[-74.3,-52.0],[-74.342,-51.99],[-74.318,-51.978],[-74.31,-51.996]]],[[[-74.418,-50.792],[-74.444,-50.79],[-74.436,-50.798],[-74.44,-50.804],[-74.444,-50.806],[-74.448,-50.806],[-74.444,-50.774],[-74.418,-50.792]]],[[[-74.642,-50.708],[-74.672,-50.72],[-74.676,-50.688],[-74.642,-50.708]]],[[[-73.92,-51.388],[-73.956,-51.394],[-73.954,-51.378],[-73.912,-51.37],[-73.92,-51.388]]],[[[-74.508,-51.926],[-74.49,-51.918],[-74.482,-51.928],[-74.52,-51.936],[-74.508,-51.926]]],[[[-74.354,-50.404],[-74.398,-50.38],[-74.368,-50.372],[-74.354,-50.404]]],[[[-74.296,-50.86],[-74.302,-50.848],[-74.284,-50.852],[-74.296,-50.86]]],[[[-74.296,-50.862],[-74.288,-50.868],[-74.288,-50.88],[-74.32,-50.868],[-74.296,-50.86],[-74.296,-50.862]]],[[[-73.976,-52.456],[-73.994,-52.462],[-74.006,-52.464],[-74.008,-52.462],[-73.968,-52.438],[-73.976,-52.456]]],[[[-73.712,-52.328],[-73.736,-52.302],[-73.716,-52.298],[-73.712,-52.328]]],[[[-74.75,-50.066],[-74.778,-50.05],[-74.742,-50.048],[-74.726,-50.052],[-74.75,-50.066]]],[[[-74.194,-52.42],[-74.216,-52.424],[-74.174,-52.386],[-74.194,-52.42]]],[[[-75.208,-49.122],[-75.228,-49.132],[-75.216,-49.116],[-75.234,-49.12],[-75.192,-49.09],[-75.208,-49.122]]],[[[-74.288,-51.358],[-74.276,-51.36],[-74.286,-51.36],[-74.294,-51.358],[-74.282,-51.368],[-74.3,-51.372],[-74.326,-51.356],[-74.292,-51.356],[-74.288,-51.358]]],[[[-74.268,-51.974],[-74.268,-51.98],[-74.318,-51.96],[-74.268,-51.974]]],[[[-74.284,-52.036],[-74.296,-52.05],[-74.332,-52.048],[-74.314,-52.03],[-74.284,-52.036]]],[[[-74.48,-51.254],[-74.492,-51.276],[-74.516,-51.238],[-74.48,-51.254]]],[[[-74.26,-52.002],[-74.262,-52.012],[-74.288,-52.014],[-74.286,-51.994],[-74.26,-52.002]]],[[[-74.898,-50.64],[-74.898,-50.656],[-74.938,-50.634],[-74.898,-50.64]]],[[[-74.724,-50.674],[-74.71,-50.674],[-74.72,-50.684],[-74.744,-50.664],[-74.722,-50.656],[-74.724,-50.674]]],[[[-74.368,-51.588],[-74.392,-51.586],[-74.378,-51.58],[-74.356,-51.562],[-74.344,-51.566],[-74.368,-51.588]]],[[[-74.23,-50.808],[-74.248,-50.816],[-74.258,-50.806],[-74.244,-50.79],[-74.23,-50.808]]],[[[-74.55,-52.12],[-74.594,-52.134],[-74.592,-52.12],[-74.574,-52.122],[-74.558,-52.114],[-74.552,-52.114],[-74.55,-52.12]]],[[[-74.502,-52.368],[-74.53,-52.368],[-74.524,-52.354],[-74.506,-52.35],[-74.502,-52.368]]],[[[-74.048,-51.8],[-73.996,-51.81],[-74.022,-51.818],[-74.064,-51.802],[-74.048,-51.8]]],[[[-75.076,-51.142],[-75.102,-51.162],[-75.096,-51.15],[-75.12,-51.142],[-75.076,-51.142]]],[[[-73.822,-51.648],[-73.854,-51.66],[-73.874,-51.64],[-73.822,-51.648]]],[[[-73.848,-52.478],[-73.876,-52.474],[-73.842,-52.458],[-73.832,-52.46],[-73.848,-52.478]]],[[[-74.754,-52.35],[-74.748,-52.36],[-74.776,-52.364],[-74.77,-52.352],[-74.78,-52.354],[-74.788,-52.352],[-74.754,-52.35]]],[[[-74.318,-50.892],[-74.32,-50.894],[-74.344,-50.89],[-74.352,-50.868],[-74.318,-50.892]]],[[[-75.412,-49.52],[-75.404,-49.526],[-75.426,-49.524],[-75.424,-49.486],[-75.412,-49.52]]],[[[-74.528,-50.374],[-74.532,-50.386],[-74.558,-50.356],[-74.528,-50.374]]],[[[-73.93,-51.59],[-73.94,-51.582],[-73.93,-51.592],[-73.948,-51.61],[-73.958,-51.59],[-73.944,-51.58],[-73.928,-51.584],[-73.93,-51.59]]],[[[-73.582,-52.474],[-73.568,-52.48],[-73.586,-52.488],[-73.608,-52.468],[-73.572,-52.468],[-73.582,-52.474]]],[[[-75.594,-49.116],[-75.604,-49.122],[-75.602,-49.092],[-75.586,-49.096],[-75.594,-49.116]]],[[[-74.914,-52.142],[-74.942,-52.138],[-74.896,-52.12],[-74.914,-52.142]]],[[[-73.944,-51.558],[-73.97,-51.566],[-73.962,-51.54],[-73.944,-51.558]]],[[[-74.126,-51.638],[-74.122,-51.644],[-74.16,-51.63],[-74.126,-51.638]]],[[[-74.394,-52.35],[-74.44,-52.348],[-74.43,-52.34],[-74.394,-52.35]]],[[[-74.28,-52.434],[-74.29,-52.446],[-74.302,-52.45],[-74.314,-52.426],[-74.28,-52.434]]],[[[-74.91,-49.57],[-74.904,-49.582],[-74.944,-49.556],[-74.91,-49.57]]],[[[-74.616,-50.672],[-74.638,-50.658],[-74.618,-50.662],[-74.608,-50.642],[-74.616,-50.672]]],[[[-75.552,-49.086],[-75.544,-49.072],[-75.538,-49.082],[-75.552,-49.086]]],[[[-75.562,-49.088],[-75.564,-49.106],[-75.58,-49.092],[-75.568,-49.078],[-75.552,-49.086],[-75.562,-49.088]]],[[[-74.696,-51.562],[-74.708,-51.576],[-74.744,-51.566],[-74.696,-51.562]]],[[[-73.284,-52.186],[-73.318,-52.174],[-73.304,-52.168],[-73.28,-52.172],[-73.284,-52.186]]],[[[-74.506,-52.386],[-74.518,-52.38],[-74.502,-52.368],[-74.482,-52.372],[-74.506,-52.386]]],[[[-75.078,-51.522],[-75.108,-51.51],[-75.094,-51.5],[-75.078,-51.522]]],[[[-73.628,-52.516],[-73.622,-52.53],[-73.652,-52.528],[-73.64,-52.52],[-73.654,-52.514],[-73.628,-52.516]]],[[[-74.214,-52.018],[-74.246,-52.024],[-74.238,-52.012],[-74.214,-52.018]]],[[[-74.53,-51.628],[-74.516,-51.632],[-74.536,-51.636],[-74.576,-51.624],[-74.53,-51.628]]],[[[-73.908,-51.318],[-73.912,-51.332],[-73.928,-51.296],[-73.908,-51.318]]],[[[-74.418,-50.422],[-74.438,-50.41],[-74.426,-50.404],[-74.41,-50.412],[-74.418,-50.422]]],[[[-74.32,-51.424],[-74.344,-51.422],[-74.332,-51.43],[-74.342,-51.434],[-74.354,-51.418],[-74.32,-51.424]]],[[[-74.27,-50.61],[-74.284,-50.608],[-74.28,-50.588],[-74.26,-50.59],[-74.27,-50.61]]],[[[-72.73,-51.882],[-72.708,-51.88],[-72.712,-51.904],[-72.73,-51.882]]],[[[-73.634,-52.664],[-73.622,-52.67],[-73.632,-52.678],[-73.644,-52.682],[-73.658,-52.668],[-73.634,-52.664]]],[[[-75.368,-50.424],[-75.366,-50.428],[-75.396,-50.432],[-75.404,-50.418],[-75.368,-50.424]]],[[[-74.792,-52.34],[-74.79,-52.356],[-74.822,-52.334],[-74.792,-52.34]]],[[[-74.946,-50.83],[-74.952,-50.806],[-74.94,-50.806],[-74.926,-50.818],[-74.946,-50.83]]],[[[-74.468,-52.356],[-74.476,-52.362],[-74.484,-52.348],[-74.468,-52.356]]],[[[-74.478,-52.366],[-74.5,-52.358],[-74.498,-52.352],[-74.486,-52.346],[-74.486,-52.354],[-74.476,-52.362],[-74.478,-52.366]]],[[[-74.352,-52.628],[-74.372,-52.636],[-74.38,-52.636],[-74.352,-52.616],[-74.352,-52.628]]],[[[-74.87,-49.818],[-74.892,-49.804],[-74.888,-49.792],[-74.87,-49.818]]],[[[-74.074,-52.06],[-74.098,-52.066],[-74.102,-52.048],[-74.074,-52.06]]],[[[-74.654,-51.724],[-74.67,-51.722],[-74.636,-51.7],[-74.654,-51.724]]],[[[-74.282,-50.586],[-74.288,-50.6],[-74.298,-50.574],[-74.282,-50.586]]],[[[-74.346,-51.352],[-74.394,-51.34],[-74.386,-51.34],[-74.346,-51.352]]],[[[-75.076,-51.238],[-75.086,-51.258],[-75.094,-51.232],[-75.076,-51.238]]],[[[-74.352,-51.05],[-74.36,-51.064],[-74.366,-51.048],[-74.376,-51.05],[-74.358,-51.044],[-74.352,-51.05]]],[[[-73.958,-52.508],[-73.98,-52.512],[-73.962,-52.506],[-73.97,-52.5],[-73.942,-52.492],[-73.958,-52.508]]],[[[-74.71,-52.08],[-74.706,-52.086],[-74.732,-52.082],[-74.716,-52.066],[-74.71,-52.08]]],[[[-75.078,-50.03],[-75.098,-50.012],[-75.078,-50.006],[-75.078,-50.03]]],[[[-74.826,-50.24],[-74.868,-50.238],[-74.892,-50.23],[-74.826,-50.24]]],[[[-74.498,-51.348],[-74.514,-51.35],[-74.506,-51.328],[-74.498,-51.348]]],[[[-74.414,-52.22],[-74.43,-52.216],[-74.414,-52.204],[-74.402,-52.214],[-74.414,-52.22]]],[[[-73.536,-52.756],[-73.538,-52.754],[-73.53,-52.746],[-73.568,-52.764],[-73.54,-52.744],[-73.518,-52.744],[-73.536,-52.756]]],[[[-73.928,-51.576],[-73.94,-51.566],[-73.93,-51.558],[-73.916,-51.566],[-73.928,-51.576]]],[[[-74.106,-52.008],[-74.102,-52.02],[-74.13,-52.002],[-74.106,-52.008]]],[[[-74.088,-52.472],[-74.102,-52.462],[-74.088,-52.454],[-74.072,-52.462],[-74.088,-52.472]]],[[[-73.866,-51.56],[-73.878,-51.562],[-73.868,-51.548],[-73.866,-51.56]]],[[[-73.874,-51.578],[-73.886,-51.57],[-73.878,-51.562],[-73.874,-51.578]]],[[[-75.072,-49.888],[-75.066,-49.882],[-75.106,-49.88],[-75.058,-49.874],[-75.064,-49.884],[-75.072,-49.888]]],[[[-75.376,-49.18],[-75.394,-49.184],[-75.396,-49.18],[-75.4,-49.162],[-75.41,-49.166],[-75.4,-49.158],[-75.376,-49.18]]],[[[-74.56,-50.612],[-74.592,-50.594],[-74.57,-50.59],[-74.56,-50.612]]],[[[-73.972,-51.452],[-73.988,-51.446],[-73.982,-51.434],[-73.972,-51.452]]],[[[-73.95,-51.852],[-73.956,-51.854],[-73.97,-51.854],[-73.978,-51.836],[-73.95,-51.852]]],[[[-74.442,-51.976],[-74.466,-51.98],[-74.454,-51.96],[-74.442,-51.976]]],[[[-74.178,-52.046],[-74.204,-52.042],[-74.186,-52.03],[-74.178,-52.046]]],[[[-74.722,-50.52],[-74.74,-50.518],[-74.716,-50.502],[-74.722,-50.52]]],[[[-74.394,-52.528],[-74.434,-52.52],[-74.416,-52.516],[-74.394,-52.528]]],[[[-75.204,-50.176],[-75.226,-50.168],[-75.196,-50.162],[-75.204,-50.176]]],[[[-74.19,-52.396],[-74.206,-52.392],[-74.186,-52.376],[-74.19,-52.396]]],[[[-75.088,-50.472],[-75.126,-50.47],[-75.104,-50.46],[-75.088,-50.472]]],[[[-74.532,-51.948],[-74.552,-51.946],[-74.528,-51.93],[-74.532,-51.948]]],[[[-74.164,-52.434],[-74.18,-52.438],[-74.182,-52.424],[-74.166,-52.42],[-74.164,-52.434]]],[[[-74.854,-49.836],[-74.852,-49.842],[-74.886,-49.818],[-74.854,-49.836]]],[[[-74.196,-51.748],[-74.186,-51.75],[-74.208,-51.756],[-74.23,-51.746],[-74.196,-51.748]]],[[[-74.322,-51.644],[-74.348,-51.654],[-74.33,-51.634],[-74.322,-51.644]]],[[[-75.062,-50.648],[-75.084,-50.644],[-75.064,-50.636],[-75.062,-50.648]]],[[[-74.368,-51.358],[-74.404,-51.356],[-74.386,-51.352],[-74.398,-51.344],[-74.368,-51.358]]],[[[-75.004,-50.416],[-75.04,-50.414],[-75.004,-50.406],[-75.004,-50.416]]],[[[-74.23,-52.472],[-74.238,-52.468],[-74.22,-52.458],[-74.21,-52.466],[-74.23,-52.472]]],[[[-74.04,-52.544],[-74.048,-52.552],[-74.06,-52.526],[-74.04,-52.544]]],[[[-75.08,-49.904],[-75.092,-49.894],[-75.064,-49.888],[-75.08,-49.904]]],[[[-75.564,-48.964],[-75.548,-48.978],[-75.588,-48.958],[-75.564,-48.964]]],[[[-74.308,-51.326],[-74.316,-51.324],[-74.286,-51.31],[-74.308,-51.326]]],[[[-75.238,-50.462],[-75.238,-50.468],[-75.274,-50.448],[-75.238,-50.462]]],[[[-75.574,-48.956],[-75.596,-48.948],[-75.592,-48.94],[-75.574,-48.956]]],[[[-73.464,-52.724],[-73.488,-52.728],[-73.492,-52.718],[-73.464,-52.724]]],[[[-74.37,-52.394],[-74.396,-52.394],[-74.39,-52.386],[-74.37,-52.394]]],[[[-75.214,-49.21],[-75.248,-49.2],[-75.244,-49.196],[-75.214,-49.21]]],[[[-73.706,-52.718],[-73.72,-52.718],[-73.682,-52.698],[-73.706,-52.718]]],[[[-74.196,-52.03],[-74.21,-52.034],[-74.2,-52.014],[-74.196,-52.03]]],[[[-74.612,-51.716],[-74.618,-51.718],[-74.618,-51.7],[-74.604,-51.708],[-74.612,-51.716]]],[[[-74.3,-51.334],[-74.336,-51.334],[-74.324,-51.326],[-74.3,-51.334]]],[[[-74.276,-52.416],[-74.266,-52.424],[-74.302,-52.412],[-74.276,-52.416]]],[[[-74.218,-52.366],[-74.22,-52.364],[-74.226,-52.368],[-74.236,-52.372],[-74.238,-52.372],[-74.2,-52.352],[-74.218,-52.366]]],[[[-74.576,-52.362],[-74.59,-52.346],[-74.574,-52.34],[-74.576,-52.362]]],[[[-74.236,-51.292],[-74.252,-51.298],[-74.258,-51.306],[-74.264,-51.312],[-74.26,-51.294],[-74.236,-51.292]]],[[[-73.952,-51.202],[-73.966,-51.206],[-73.968,-51.194],[-73.952,-51.202]]],[[[-75.084,-50.484],[-75.116,-50.478],[-75.11,-50.472],[-75.084,-50.484]]],[[[-74.672,-50.766],[-74.686,-50.754],[-74.678,-50.748],[-74.672,-50.766]]],[[[-74.298,-51.334],[-74.308,-51.328],[-74.286,-51.32],[-74.298,-51.334]]],[[[-74.354,-51.592],[-74.376,-51.6],[-74.356,-51.582],[-74.354,-51.592]]],[[[-74.412,-48.926],[-74.434,-48.92],[-74.424,-48.908],[-74.412,-48.926]]],[[[-74.644,-52.218],[-74.652,-52.216],[-74.642,-52.202],[-74.628,-52.212],[-74.644,-52.218]]],[[[-74.72,-51.142],[-74.734,-51.136],[-74.7,-51.132],[-74.72,-51.142]]],[[[-75.514,-48.806],[-75.54,-48.794],[-75.524,-48.788],[-75.514,-48.806]]],[[[-75.348,-49.55],[-75.324,-49.542],[-75.33,-49.552],[-75.348,-49.55]]],[[[-74.446,-52.562],[-74.466,-52.554],[-74.458,-52.544],[-74.446,-52.562]]],[[[-74.092,-50.48],[-74.12,-50.47],[-74.106,-50.466],[-74.092,-50.48]]],[[[-75.32,-49.146],[-75.336,-49.152],[-75.32,-49.13],[-75.32,-49.146]]],[[[-74.242,-51.672],[-74.252,-51.686],[-74.274,-51.674],[-74.242,-51.672]]],[[[-74.782,-51.498],[-74.8,-51.5],[-74.778,-51.492],[-74.786,-51.484],[-74.768,-51.486],[-74.782,-51.498]]],[[[-74.332,-52.042],[-74.338,-52.036],[-74.324,-52.024],[-74.314,-52.028],[-74.332,-52.042]]],[[[-74.362,-52.016],[-74.39,-52.006],[-74.384,-52.002],[-74.362,-52.016]]],[[[-74.374,-52.24],[-74.398,-52.244],[-74.382,-52.232],[-74.374,-52.24]]],[[[-74.376,-48.748],[-74.374,-48.736],[-74.362,-48.74],[-74.376,-48.748]]],[[[-75.276,-49.544],[-75.302,-49.542],[-75.282,-49.534],[-75.276,-49.544]]],[[[-75.376,-49.58],[-75.402,-49.576],[-75.388,-49.566],[-75.376,-49.58]]],[[[-74.148,-51.432],[-74.158,-51.438],[-74.166,-51.426],[-74.144,-51.418],[-74.148,-51.432]]],[[[-74.522,-51.886],[-74.534,-51.888],[-74.53,-51.87],[-74.522,-51.886]]],[[[-73.91,-52.118],[-73.926,-52.12],[-73.926,-52.11],[-73.91,-52.118]]],[[[-74.638,-50.764],[-74.666,-50.766],[-74.658,-50.756],[-74.638,-50.764]]],[[[-75.67,-49.2],[-75.69,-49.194],[-75.672,-49.184],[-75.67,-49.2]]],[[[-74.0,-51.87],[-74.016,-51.872],[-74.028,-51.86],[-74.0,-51.87]]],[[[-73.996,-51.868],[-73.99,-51.87],[-74.0,-51.87],[-73.996,-51.868]]],[[[-74.15,-51.994],[-74.158,-51.984],[-74.144,-51.982],[-74.132,-51.986],[-74.15,-51.994]]],[[[-74.388,-49.27],[-74.38,-49.266],[-74.374,-49.28],[-74.388,-49.27]]],[[[-75.006,-50.084],[-75.018,-50.076],[-75.002,-50.07],[-75.006,-50.084]]],[[[-74.248,-52.44],[-74.266,-52.44],[-74.268,-52.434],[-74.244,-52.428],[-74.248,-52.44]]],[[[-75.31,-49.218],[-75.318,-49.216],[-75.294,-49.208],[-75.31,-49.218]]],[[[-74.046,-51.85],[-74.072,-51.834],[-74.066,-51.834],[-74.046,-51.85]]],[[[-74.148,-51.106],[-74.16,-51.08],[-74.154,-51.084],[-74.148,-51.106]]],[[[-75.112,-50.364],[-75.128,-50.36],[-75.118,-50.35],[-75.112,-50.364]]],[[[-74.794,-52.208],[-74.788,-52.194],[-74.776,-52.21],[-74.794,-52.208]]],[[[-74.636,-51.404],[-74.66,-51.402],[-74.646,-51.392],[-74.636,-51.404]]],[[[-74.738,-51.13],[-74.746,-51.122],[-74.738,-51.116],[-74.72,-51.126],[-74.738,-51.13]]],[[[-75.552,-49.07],[-75.554,-49.078],[-75.57,-49.074],[-75.552,-49.07]]],[[[-73.538,-52.728],[-73.576,-52.744],[-73.558,-52.73],[-73.538,-52.728]]],[[[-74.664,-51.426],[-74.66,-51.424],[-74.656,-51.426],[-74.68,-51.438],[-74.664,-51.426]]],[[[-74.512,-51.478],[-74.54,-51.48],[-74.524,-51.47],[-74.512,-51.478]]],[[[-74.352,-51.99],[-74.36,-51.982],[-74.34,-51.972],[-74.352,-51.99]]],[[[-74.456,-51.434],[-74.47,-51.43],[-74.444,-51.422],[-74.456,-51.434]]],[[[-73.702,-52.568],[-73.69,-52.578],[-73.694,-52.584],[-73.718,-52.572],[-73.702,-52.568]]],[[[-74.244,-50.842],[-74.234,-50.826],[-74.23,-50.83],[-74.244,-50.842]]],[[[-74.8,-49.084],[-74.806,-49.068],[-74.794,-49.07],[-74.8,-49.084]]],[[[-74.718,-51.456],[-74.736,-51.456],[-74.714,-51.446],[-74.706,-51.45],[-74.718,-51.456]]],[[[-74.286,-50.896],[-74.3,-50.89],[-74.286,-50.882],[-74.286,-50.896]]],[[[-74.224,-51.434],[-74.23,-51.424],[-74.216,-51.418],[-74.224,-51.434]]],[[[-73.662,-51.996],[-73.662,-51.988],[-73.644,-51.99],[-73.662,-51.996]]],[[[-74.35,-51.648],[-74.356,-51.648],[-74.338,-51.63],[-74.326,-51.626],[-74.35,-51.648]]],[[[-74.516,-51.334],[-74.518,-51.346],[-74.528,-51.332],[-74.516,-51.334]]],[[[-73.46,-52.706],[-73.47,-52.698],[-73.466,-52.696],[-73.452,-52.694],[-73.46,-52.706]]],[[[-72.914,-52.254],[-72.926,-52.254],[-72.924,-52.24],[-72.914,-52.254]]],[[[-75.0,-51.972],[-75.014,-51.974],[-74.986,-51.958],[-75.0,-51.972]]],[[[-75.05,-51.454],[-75.062,-51.444],[-75.048,-51.44],[-75.05,-51.454]]],[[[-74.694,-51.696],[-74.7,-51.702],[-74.716,-51.704],[-74.694,-51.696]]],[[[-73.968,-51.19],[-73.976,-51.19],[-73.976,-51.174],[-73.968,-51.19]]],[[[-73.682,-52.694],[-73.71,-52.704],[-73.702,-52.694],[-73.682,-52.694]]],[[[-74.39,-52.236],[-74.398,-52.242],[-74.402,-52.242],[-74.384,-52.228],[-74.39,-52.236]]],[[[-73.666,-52.68],[-73.652,-52.684],[-73.678,-52.686],[-73.666,-52.68]]],[[[-73.984,-52.666],[-74.002,-52.668],[-73.998,-52.662],[-73.978,-52.656],[-73.984,-52.666]]],[[[-74.358,-51.282],[-74.384,-51.282],[-74.358,-51.276],[-74.358,-51.282]]],[[[-74.118,-52.058],[-74.136,-52.048],[-74.12,-52.042],[-74.118,-52.058]]],[[[-73.788,-52.202],[-73.798,-52.192],[-73.786,-52.19],[-73.788,-52.202]]],[[[-75.038,-50.106],[-75.048,-50.096],[-75.028,-50.09],[-75.038,-50.106]]],[[[-74.364,-51.978],[-74.374,-51.974],[-74.358,-51.964],[-74.364,-51.978]]],[[[-75.652,-48.926],[-75.656,-48.912],[-75.64,-48.914],[-75.652,-48.926]]],[[[-73.952,-52.128],[-73.962,-52.126],[-73.962,-52.124],[-73.93,-52.114],[-73.952,-52.128]]],[[[-73.438,-52.742],[-73.452,-52.74],[-73.426,-52.734],[-73.438,-52.742]]],[[[-74.508,-50.522],[-74.512,-50.516],[-74.498,-50.508],[-74.508,-50.522]]],[[[-73.968,-51.866],[-73.974,-51.864],[-73.966,-51.856],[-73.952,-51.862],[-73.968,-51.866]]],[[[-74.43,-52.252],[-74.436,-52.256],[-74.452,-52.25],[-74.43,-52.252]]],[[[-74.314,-51.92],[-74.306,-51.926],[-74.33,-51.922],[-74.334,-51.914],[-74.314,-51.92]]],[[[-74.508,-51.674],[-74.542,-51.668],[-74.536,-51.666],[-74.508,-51.674]]],[[[-73.892,-52.36],[-73.902,-52.354],[-73.9,-52.346],[-73.892,-52.36]]],[[[-74.48,-51.306],[-74.494,-51.302],[-74.484,-51.294],[-74.48,-51.306]]],[[[-75.39,-49.588],[-75.4,-49.582],[-75.376,-49.58],[-75.39,-49.588]]],[[[-74.86,-49.82],[-74.856,-49.816],[-74.842,-49.822],[-74.86,-49.82]]],[[[-75.218,-50.472],[-75.23,-50.466],[-75.222,-50.458],[-75.208,-50.462],[-75.218,-50.472]]],[[[-74.684,-50.58],[-74.696,-50.576],[-74.694,-50.568],[-74.684,-50.58]]],[[[-74.556,-51.462],[-74.566,-51.466],[-74.578,-51.458],[-74.556,-51.462]]],[[[-74.384,-51.416],[-74.384,-51.408],[-74.362,-51.41],[-74.384,-51.416]]],[[[-74.236,-52.276],[-74.246,-52.274],[-74.23,-52.264],[-74.236,-52.276]]],[[[-74.752,-51.12],[-74.774,-51.116],[-74.784,-51.112],[-74.752,-51.12]]],[[[-74.552,-50.582],[-74.558,-50.584],[-74.564,-50.572],[-74.546,-50.57],[-74.552,-50.582]]],[[[-75.542,-48.96],[-75.562,-48.96],[-75.57,-48.948],[-75.542,-48.96]]],[[[-74.408,-52.554],[-74.412,-52.556],[-74.42,-52.556],[-74.434,-52.55],[-74.408,-52.554]]],[[[-74.054,-51.516],[-74.074,-51.504],[-74.068,-51.502],[-74.054,-51.516]]],[[[-73.974,-51.806],[-74.004,-51.804],[-73.99,-51.8],[-73.974,-51.806]]],[[[-74.794,-52.32],[-74.818,-52.308],[-74.808,-52.308],[-74.794,-52.32]]],[[[-74.238,-52.334],[-74.268,-52.338],[-74.254,-52.326],[-74.238,-52.334]]],[[[-74.848,-50.668],[-74.836,-50.68],[-74.872,-50.668],[-74.848,-50.668]]],[[[-73.38,-52.774],[-73.384,-52.768],[-73.35,-52.766],[-73.38,-52.774]]],[[[-74.206,-52.532],[-74.234,-52.53],[-74.226,-52.524],[-74.206,-52.532]]],[[[-75.078,-50.672],[-75.056,-50.66],[-75.06,-50.666],[-75.078,-50.672]]],[[[-74.236,-52.086],[-74.254,-52.076],[-74.252,-52.072],[-74.236,-52.086]]],[[[-75.368,-49.498],[-75.376,-49.492],[-75.36,-49.486],[-75.368,-49.498]]],[[[-73.688,-51.81],[-73.678,-51.798],[-73.674,-51.802],[-73.688,-51.81]]],[[[-74.758,-50.67],[-74.772,-50.668],[-74.758,-50.656],[-74.758,-50.67]]],[[[-73.568,-52.57],[-73.578,-52.562],[-73.56,-52.562],[-73.568,-52.57]]],[[[-74.542,-52.384],[-74.55,-52.384],[-74.534,-52.368],[-74.542,-52.384]]],[[[-74.202,-52.384],[-74.212,-52.39],[-74.218,-52.38],[-74.202,-52.384]]],[[[-74.368,-51.724],[-74.392,-51.716],[-74.382,-51.714],[-74.368,-51.724]]],[[[-75.026,-50.062],[-75.034,-50.062],[-75.014,-50.052],[-75.026,-50.062]]],[[[-74.176,-51.248],[-74.196,-51.252],[-74.182,-51.24],[-74.176,-51.248]]],[[[-74.19,-52.058],[-74.204,-52.056],[-74.192,-52.048],[-74.19,-52.058]]],[[[-74.846,-51.746],[-74.868,-51.738],[-74.862,-51.736],[-74.846,-51.746]]],[[[-73.718,-52.37],[-73.728,-52.362],[-73.714,-52.356],[-73.718,-52.37]]],[[[-74.484,-51.814],[-74.492,-51.812],[-74.486,-51.8],[-74.484,-51.814]]],[[[-75.354,-49.534],[-75.33,-49.53],[-75.334,-49.534],[-75.354,-49.534]]],[[[-74.878,-49.568],[-74.878,-49.546],[-74.872,-49.558],[-74.878,-49.568]]],[[[-75.012,-49.93],[-75.03,-49.934],[-75.04,-49.926],[-75.012,-49.93]]],[[[-73.396,-52.742],[-73.418,-52.746],[-73.392,-52.738],[-73.396,-52.742]]],[[[-74.6,-51.96],[-74.59,-51.956],[-74.592,-51.962],[-74.606,-51.972],[-74.6,-51.96]]],[[[-75.072,-50.66],[-75.08,-50.656],[-75.06,-50.65],[-75.072,-50.66]]],[[[-74.576,-51.792],[-74.584,-51.794],[-74.586,-51.782],[-74.576,-51.792]]],[[[-74.384,-48.954],[-74.388,-48.96],[-74.396,-48.944],[-74.384,-48.954]]],[[[-75.36,-50.418],[-75.372,-50.416],[-75.364,-50.41],[-75.35,-50.412],[-75.36,-50.418]]],[[[-74.386,-51.366],[-74.412,-51.364],[-74.4,-51.36],[-74.386,-51.366]]],[[[-73.716,-52.802],[-73.708,-52.806],[-73.742,-52.802],[-73.716,-52.802]]],[[[-74.388,-51.364],[-74.392,-51.36],[-74.362,-51.36],[-74.388,-51.364]]],[[[-75.454,-49.574],[-75.47,-49.57],[-75.454,-49.564],[-75.454,-49.574]]],[[[-74.698,-51.13],[-74.71,-51.122],[-74.7,-51.122],[-74.698,-51.13]]],[[[-75.312,-50.568],[-75.316,-50.572],[-75.314,-50.558],[-75.312,-50.568]]],[[[-74.878,-50.956],[-74.87,-50.96],[-74.89,-50.974],[-74.878,-50.956]]],[[[-74.364,-50.052],[-74.358,-50.062],[-74.38,-50.042],[-74.364,-50.052]]],[[[-74.898,-51.068],[-74.902,-51.06],[-74.878,-51.064],[-74.898,-51.068]]],[[[-74.128,-51.56],[-74.118,-51.556],[-74.132,-51.554],[-74.12,-51.552],[-74.112,-51.558],[-74.128,-51.56]]],[[[-75.242,-50.738],[-75.252,-50.734],[-75.236,-50.73],[-75.242,-50.738]]],[[[-75.028,-50.82],[-75.032,-50.812],[-75.022,-50.812],[-75.016,-50.82],[-75.028,-50.82]]],[[[-74.138,-52.148],[-74.144,-52.15],[-74.144,-52.148],[-74.138,-52.148]]],[[[-75.48,-49.398],[-75.488,-49.388],[-75.476,-49.388],[-75.48,-49.398]]],[[[-74.678,-51.542],[-74.69,-51.544],[-74.678,-51.532],[-74.678,-51.542]]],[[[-74.392,-51.388],[-74.38,-51.392],[-74.408,-51.388],[-74.392,-51.388]]],[[[-74.58,-50.678],[-74.582,-50.664],[-74.58,-50.662],[-74.574,-50.662],[-74.58,-50.678]]],[[[-75.074,-49.874],[-75.094,-49.87],[-75.062,-49.87],[-75.074,-49.874]]],[[[-75.252,-49.14],[-75.264,-49.14],[-75.258,-49.13],[-75.252,-49.14]]],[[[-74.412,-48.94],[-74.408,-48.932],[-74.398,-48.938],[-74.412,-48.94]]],[[[-74.358,-51.422],[-74.362,-51.424],[-74.364,-51.424],[-74.378,-51.42],[-74.358,-51.422]]],[[[-75.1,-49.874],[-75.114,-49.87],[-75.108,-49.866],[-75.1,-49.874]]],[[[-73.516,-52.71],[-73.54,-52.71],[-73.52,-52.702],[-73.516,-52.71]]],[[[-75.654,-48.906],[-75.656,-48.9],[-75.64,-48.9],[-75.654,-48.906]]],[[[-74.786,-52.228],[-74.796,-52.216],[-74.788,-52.214],[-74.786,-52.228]]],[[[-74.264,-52.506],[-74.274,-52.5],[-74.252,-52.498],[-74.264,-52.506]]],[[[-73.926,-51.534],[-73.936,-51.53],[-73.938,-51.522],[-73.926,-51.534]]],[[[-73.804,-51.91],[-73.828,-51.906],[-73.816,-51.902],[-73.804,-51.91]]],[[[-73.428,-52.68],[-73.438,-52.676],[-73.428,-52.664],[-73.428,-52.68]]],[[[-74.444,-51.468],[-74.448,-51.464],[-74.434,-51.458],[-74.444,-51.468]]],[[[-73.664,-52.334],[-73.664,-52.336],[-73.668,-52.338],[-73.674,-52.34],[-73.666,-52.33],[-73.65,-52.33],[-73.664,-52.334]]],[[[-74.53,-50.4],[-74.544,-50.382],[-74.54,-50.384],[-74.53,-50.4]]],[[[-73.676,-52.68],[-73.684,-52.676],[-73.67,-52.666],[-73.668,-52.664],[-73.658,-52.664],[-73.676,-52.68]]],[[[-74.768,-51.498],[-74.784,-51.502],[-74.754,-51.49],[-74.768,-51.498]]],[[[-74.08,-51.846],[-74.076,-51.842],[-74.072,-51.848],[-74.08,-51.848],[-74.094,-51.838],[-74.08,-51.846]]],[[[-73.144,-52.074],[-73.134,-52.068],[-73.13,-52.08],[-73.144,-52.074]]],[[[-74.148,-51.36],[-74.172,-51.354],[-74.164,-51.35],[-74.148,-51.36]]],[[[-74.526,-51.46],[-74.546,-51.458],[-74.538,-51.454],[-74.526,-51.46]]],[[[-73.472,-52.708],[-73.488,-52.7],[-73.478,-52.696],[-73.472,-52.708]]],[[[-74.408,-52.336],[-74.424,-52.334],[-74.416,-52.324],[-74.408,-52.336]]]]}},{"type":"Feature","properties":{"codigo_region":"12","codigo_comuna":"12402","nombre_comuna":"Torres del Paine","nombre_comuna_clean":"torres del paine","nombre_region":"Región de Magallanes y Antártica Chilena"},"geometry":{"type":"Polygon","coordinates":[[[-73.088,-51.416],[-73.07,-51.394],[-73.09,-51.386],[-73.076,-51.368],[-73.11,-51.33],[-73.45,-51.34],[-73.44,-51.3],[-73.458,-51.268],[-73.468,-51.166],[-73.45,-51.128],[-73.466,-51.08],[-73.432,-51.03],[-73.446,-50.966],[-73.426,-50.93],[-73.398,-50.92],[-73.388,-50.882],[-73.312,-50.838],[-73.25,-50.726],[-73.188,-50.724],[-73.198,-50.74],[-73.184,-50.758],[-73.15,-50.766],[-73.202,-50.82],[-73.146,-50.782],[-73.096,-50.772],[-73.07,-50.79],[-73.042,-50.762],[-73.002,-50.764],[-72.956,-50.742],[-72.94,-50.706],[-72.906,-50.698],[-72.892,-50.67],[-72.728,-50.614],[-72.692,-50.65],[-72.626,-50.658],[-72.596,-50.682],[-72.578,-50.678],[-72.58,-50.654],[-72.544,-50.62],[-72.492,-50.6],[-72.416,-50.62],[-72.404,-50.636],[-72.354,-50.618],[-72.338,-50.65],[-72.286,-50.66],[-72.3,-50.706],[-72.336,-50.718],[-72.35,-50.752],[-72.286,-50.802],[-72.26,-50.836],[-72.266,-50.864],[-72.246,-50.878],[-72.27,-50.98],[-72.266,-51.032],[-72.374,-51.022],[-72.376,-51.08],[-72.408,-51.108],[-72.348,-51.204],[-72.304,-51.2],[-72.258,-51.244],[-72.268,-51.282],[-72.372,-51.336],[-72.318,-51.352],[-72.31,-51.404],[-72.338,-51.428],[-72.444,-51.422],[-72.442,-51.444],[-72.468,-51.444],[-72.48,-51.422],[-72.554,-51.404],[-72.6,-51.352],[-72.724,-51.352],[-72.758,-51.376],[-72.758,-51.564],[-72.776,-51.566],[-72.834,-51.558],[-72.866,-51.536],[-72.906,-51.544],[-72.94,-51.504],[-72.98,-51.492],[-73.032,-51.496],[-73.09,-51.45],[-73.078,-51.414],[-73.088,-51.416]]]}},{"type":"Feature","properties":{"codigo_region":"13","codigo_comuna":"13101","nombre_comuna":"Santiago","nombre_comuna_clean":"santiago","nombre_region":"Región Metropolitana de Santiago"},"geometry":{"type":"Polygon","coordinates":[[[-70.68,-33.478],[-70.68,-33.444],[-70.692,-33.44],[-70.678,-33.426],[-70.636,-33.436],[-70.626,-33.47],[-70.68,-33.478]]]}},{"type":"Feature","properties":{"codigo_region":"13","codigo_comuna":"13102","nombre_comuna":"Cerrillos","nombre_comuna_clean":"cerrillos","nombre_region":"Región Metropolitana de Santiago"},"geometry":{"type":"Polygon","coordinates":[[[-70.706,-33.532],[-70.74,-33.51],[-70.732,-33.482],[-70.686,-33.478],[-70.706,-33.532]]]}},{"type":"Feature","properties":{"codigo_region":"13","codigo_comuna":"13103","nombre_comuna":"Cerro Navia","nombre_comuna_clean":"cerro navia","nombre_region":"Región Metropolitana de Santiago"},"geometry":{"type":"Polygon","coordinates":[[[-70.782,-33.414],[-70.722,-33.412],[-70.722,-33.438],[-70.782,-33.414]]]}},{"type":"Feature","properties":{"codigo_region":"13","codigo_comuna":"13104","nombre_comuna":"Conchalí","nombre_comuna_clean":"conchali","nombre_region":"Región Metropolitana de Santiago"},"geometry":{"type":"Polygon","coordinates":[[[-70.658,-33.4],[-70.682,-33.404],[-70.7,-33.366],[-70.682,-33.366],[-70.66,-33.376],[-70.658,-33.4]]]}},{"type":"Feature","properties":{"codigo_region":"13","codigo_comuna":"13105","nombre_comuna":"El Bosque","nombre_comuna_clean":"el bosque","nombre_region":"Región Metropolitana de Santiago"},"geometry":{"type":"Polygon","coordinates":[[[-70.664,-33.586],[-70.7,-33.572],[-70.686,-33.54],[-70.654,-33.55],[-70.664,-33.586]]]}},{"type":"Feature","properties":{"codigo_region":"13","codigo_comuna":"13106","nombre_comuna":"Estación Central","nombre_comuna_clean":"estacion central","nombre_region":"Región Metropolitana de Santiago"},"geometry":{"type":"Polygon","coordinates":[[[-70.732,-33.454],[-70.68,-33.444],[-70.672,-33.476],[-70.734,-33.47],[-70.732,-33.454]]]}},{"type":"Feature","properties":{"codigo_region":"13","codigo_comuna":"13107","nombre_comuna":"Huechuraba","nombre_comuna_clean":"huechuraba","nombre_region":"Región Metropolitana de Santiago"},"geometry":{"type":"Polygon","coordinates":[[[-70.682,-33.33],[-70.59,-33.34],[-70.582,-33.35],[-70.602,-33.362],[-70.61,-33.406],[-70.69,-33.366],[-70.682,-33.33]]]}},{"type":"Feature","properties":{"codigo_region":"13","codigo_comuna":"13108","nombre_comuna":"Independencia","nombre_comuna_clean":"independencia","nombre_region":"Región Metropolitana de Santiago"},"geometry":{"type":"Polygon","coordinates":[[[-70.654,-33.406],[-70.652,-33.432],[-70.678,-33.42],[-70.674,-33.4],[-70.654,-33.406]]]}},{"type":"Feature","properties":{"codigo_region":"13","codigo_comuna":"13109","nombre_comuna":"La Cisterna","nombre_comuna_clean":"la cisterna","nombre_region":"Región Metropolitana de Santiago"},"geometry":{"type":"Polygon","coordinates":[[[-70.686,-33.54],[-70.672,-33.51],[-70.644,-33.518],[-70.654,-33.548],[-70.686,-33.54]]]}},{"type":"Feature","properties":{"codigo_region":"13","codigo_comuna":"13110","nombre_comuna":"La Florida","nombre_comuna_clean":"la florida","nombre_region":"Región Metropolitana de Santiago"},"geometry":{"type":"Polygon","coordinates":[[[-70.614,-33.508],[-70.542,-33.512],[-70.438,-33.492],[-70.486,-33.544],[-70.568,-33.548],[-70.558,-33.56],[-70.612,-33.57],[-70.614,-33.508]]]}},{"type":"Feature","properties":{"codigo_region":"13","codigo_comuna":"13111","nombre_comuna":"La Granja","nombre_comuna_clean":"la granja","nombre_region":"Región Metropolitana de Santiago"},"geometry":{"type":"Polygon","coordinates":[[[-70.612,-33.514],[-70.612,-33.556],[-70.63,-33.56],[-70.636,-33.518],[-70.612,-33.514]]]}},{"type":"Feature","properties":{"codigo_region":"13","codigo_comuna":"13112","nombre_comuna":"La Pintana","nombre_comuna_clean":"la pintana","nombre_region":"Región Metropolitana de Santiago"},"geometry":{"type":"Polygon","coordinates":[[[-70.67,-33.608],[-70.654,-33.554],[-70.612,-33.556],[-70.606,-33.602],[-70.626,-33.604],[-70.628,-33.628],[-70.67,-33.608]]]}},{"type":"Feature","properties":{"codigo_region":"13","codigo_comuna":"13113","nombre_comuna":"La Reina","nombre_comuna_clean":"la reina","nombre_region":"Región Metropolitana de Santiago"},"geometry":{"type":"Polygon","coordinates":[[[-70.486,-33.462],[-70.562,-33.462],[-70.584,-33.432],[-70.504,-33.438],[-70.486,-33.462]]]}},{"type":"Feature","properties":{"codigo_region":"13","codigo_comuna":"13114","nombre_comuna":"Las Condes","nombre_comuna_clean":"las condes","nombre_region":"Región Metropolitana de Santiago"},"geometry":{"type":"Polygon","coordinates":[[[-70.476,-33.394],[-70.454,-33.398],[-70.43,-33.438],[-70.44,-33.486],[-70.476,-33.474],[-70.508,-33.436],[-70.584,-33.432],[-70.608,-33.416],[-70.516,-33.372],[-70.478,-33.364],[-70.476,-33.394]]]}},{"type":"Feature","properties":{"codigo_region":"13","codigo_comuna":"13115","nombre_comuna":"Lo Barnechea","nombre_comuna_clean":"lo barnechea","nombre_region":"Región Metropolitana de Santiago"},"geometry":{"type":"Polygon","coordinates":[[[-70.604,-33.31],[-70.574,-33.29],[-70.558,-33.242],[-70.474,-33.22],[-70.428,-33.13],[-70.338,-33.096],[-70.27,-33.132],[-70.266,-33.182],[-70.218,-33.218],[-70.176,-33.346],[-70.244,-33.436],[-70.298,-33.452],[-70.352,-33.492],[-70.434,-33.482],[-70.434,-33.428],[-70.454,-33.398],[-70.476,-33.394],[-70.478,-33.364],[-70.538,-33.37],[-70.58,-33.352],[-70.604,-33.31]]]}},{"type":"Feature","properties":{"codigo_region":"13","codigo_comuna":"13116","nombre_comuna":"Lo Espejo","nombre_comuna_clean":"lo espejo","nombre_region":"Región Metropolitana de Santiago"},"geometry":{"type":"Polygon","coordinates":[[[-70.696,-33.502],[-70.672,-33.51],[-70.686,-33.54],[-70.706,-33.532],[-70.696,-33.502]]]}},{"type":"Feature","properties":{"codigo_region":"13","codigo_comuna":"13117","nombre_comuna":"Lo Prado","nombre_comuna_clean":"lo prado","nombre_region":"Región Metropolitana de Santiago"},"geometry":{"type":"Polygon","coordinates":[[[-70.738,-33.454],[-70.74,-33.436],[-70.708,-33.438],[-70.706,-33.458],[-70.738,-33.454]]]}},{"type":"Feature","properties":{"codigo_region":"13","codigo_comuna":"13118","nombre_comuna":"Macul","nombre_comuna_clean":"macul","nombre_region":"Región Metropolitana de Santiago"},"geometry":{"type":"Polygon","coordinates":[[[-70.59,-33.51],[-70.614,-33.508],[-70.624,-33.474],[-70.576,-33.47],[-70.59,-33.51]]]}},{"type":"Feature","properties":{"codigo_region":"13","codigo_comuna":"13119","nombre_comuna":"Maipú","nombre_comuna_clean":"maipu","nombre_region":"Región Metropolitana de Santiago"},"geometry":{"type":"Polygon","coordinates":[[[-70.808,-33.528],[-70.852,-33.538],[-70.93,-33.5],[-70.806,-33.46],[-70.722,-33.474],[-70.74,-33.51],[-70.718,-33.514],[-70.768,-33.572],[-70.814,-33.542],[-70.808,-33.528]]]}},{"type":"Feature","properties":{"codigo_region":"13","codigo_comuna":"13120","nombre_comuna":"Ñuñoa","nombre_comuna_clean":"nunoa","nombre_region":"Región Metropolitana de Santiago"},"geometry":{"type":"Polygon","coordinates":[[[-70.624,-33.474],[-70.632,-33.45],[-70.592,-33.448],[-70.582,-33.434],[-70.576,-33.47],[-70.624,-33.474]]]}},{"type":"Feature","properties":{"codigo_region":"13","codigo_comuna":"13121","nombre_comuna":"Pedro Aguirre Cerda","nombre_comuna_clean":"pedro aguirre cerda","nombre_region":"Región Metropolitana de Santiago"},"geometry":{"type":"Polygon","coordinates":[[[-70.672,-33.51],[-70.696,-33.502],[-70.686,-33.476],[-70.656,-33.478],[-70.672,-33.51]]]}},{"type":"Feature","properties":{"codigo_region":"13","codigo_comuna":"13122","nombre_comuna":"Peñalolén","nombre_comuna_clean":"penalolen","nombre_region":"Región Metropolitana de Santiago"},"geometry":{"type":"Polygon","coordinates":[[[-70.572,-33.46],[-70.486,-33.462],[-70.438,-33.49],[-70.5,-33.498],[-70.59,-33.51],[-70.572,-33.46]]]}},{"type":"Feature","properties":{"codigo_region":"13","codigo_comuna":"13123","nombre_comuna":"Providencia","nombre_comuna_clean":"providencia","nombre_region":"Región Metropolitana de Santiago"},"geometry":{"type":"Polygon","coordinates":[[[-70.582,-33.434],[-70.592,-33.448],[-70.632,-33.45],[-70.632,-33.422],[-70.606,-33.41],[-70.582,-33.434]]]}},{"type":"Feature","properties":{"codigo_region":"13","codigo_comuna":"13124","nombre_comuna":"Pudahuel","nombre_comuna_clean":"pudahuel","nombre_region":"Región Metropolitana de Santiago"},"geometry":{"type":"Polygon","coordinates":[[[-70.954,-33.448],[-70.944,-33.382],[-70.908,-33.368],[-70.84,-33.386],[-70.804,-33.35],[-70.756,-33.384],[-70.782,-33.416],[-70.74,-33.43],[-70.732,-33.468],[-70.806,-33.46],[-70.92,-33.488],[-70.954,-33.448]]]}},{"type":"Feature","properties":{"codigo_region":"13","codigo_comuna":"13125","nombre_comuna":"Quilicura","nombre_comuna_clean":"quilicura","nombre_region":"Región Metropolitana de Santiago"},"geometry":{"type":"Polygon","coordinates":[[[-70.804,-33.35],[-70.798,-33.338],[-70.71,-33.318],[-70.682,-33.33],[-70.7,-33.366],[-70.694,-33.384],[-70.754,-33.386],[-70.804,-33.35]]]}},{"type":"Feature","properties":{"codigo_region":"13","codigo_comuna":"13126","nombre_comuna":"Quinta Normal","nombre_comuna_clean":"quinta normal","nombre_region":"Región Metropolitana de Santiago"},"geometry":{"type":"Polygon","coordinates":[[[-70.722,-33.436],[-70.722,-33.412],[-70.672,-33.426],[-70.698,-33.448],[-70.722,-33.436]]]}},{"type":"Feature","properties":{"codigo_region":"13","codigo_comuna":"13127","nombre_comuna":"Recoleta","nombre_comuna_clean":"recoleta","nombre_region":"Región Metropolitana de Santiago"},"geometry":{"type":"Polygon","coordinates":[[[-70.636,-33.436],[-70.652,-33.432],[-70.656,-33.376],[-70.642,-33.382],[-70.614,-33.404],[-70.636,-33.436]]]}},{"type":"Feature","properties":{"codigo_region":"13","codigo_comuna":"13128","nombre_comuna":"Renca","nombre_comuna_clean":"renca","nombre_region":"Región Metropolitana de Santiago"},"geometry":{"type":"Polygon","coordinates":[[[-70.694,-33.382],[-70.672,-33.426],[-70.706,-33.408],[-70.782,-33.414],[-70.754,-33.386],[-70.694,-33.382]]]}},{"type":"Feature","properties":{"codigo_region":"13","codigo_comuna":"13129","nombre_comuna":"San Joaquín","nombre_comuna_clean":"san joaquin","nombre_region":"Región Metropolitana de Santiago"},"geometry":{"type":"Polygon","coordinates":[[[-70.624,-33.47],[-70.612,-33.514],[-70.636,-33.518],[-70.642,-33.476],[-70.624,-33.47]]]}},{"type":"Feature","properties":{"codigo_region":"13","codigo_comuna":"13130","nombre_comuna":"San Miguel","nombre_comuna_clean":"san miguel","nombre_region":"Región Metropolitana de Santiago"},"geometry":{"type":"Polygon","coordinates":[[[-70.656,-33.476],[-70.642,-33.476],[-70.636,-33.518],[-70.672,-33.51],[-70.656,-33.476]]]}},{"type":"Feature","properties":{"codigo_region":"13","codigo_comuna":"13131","nombre_comuna":"San Ramón","nombre_comuna_clean":"san ramon","nombre_region":"Región Metropolitana de Santiago"},"geometry":{"type":"Polygon","coordinates":[[[-70.632,-33.558],[-70.654,-33.554],[-70.636,-33.518],[-70.632,-33.558]]]}},{"type":"Feature","properties":{"codigo_region":"13","codigo_comuna":"13132","nombre_comuna":"Vitacura","nombre_comuna_clean":"vitacura","nombre_region":"Región Metropolitana de Santiago"},"geometry":{"type":"Polygon","coordinates":[[[-70.602,-33.362],[-70.582,-33.35],[-70.518,-33.372],[-70.586,-33.404],[-70.61,-33.404],[-70.602,-33.362]]]}},{"type":"Feature","properties":{"codigo_region":"13","codigo_comuna":"13201","nombre_comuna":"Puente Alto","nombre_comuna_clean":"puente alto","nombre_region":"Región Metropolitana de Santiago"},"geometry":{"type":"Polygon","coordinates":[[[-70.498,-33.608],[-70.632,-33.642],[-70.626,-33.604],[-70.606,-33.602],[-70.612,-33.57],[-70.558,-33.56],[-70.568,-33.548],[-70.486,-33.546],[-70.498,-33.608]]]}},{"type":"Feature","properties":{"codigo_region":"13","codigo_comuna":"13202","nombre_comuna":"Pirque","nombre_comuna_clean":"pirque","nombre_region":"Región Metropolitana de Santiago"},"geometry":{"type":"Polygon","coordinates":[[[-70.438,-33.616],[-70.406,-33.648],[-70.44,-33.684],[-70.4,-33.712],[-70.404,-33.814],[-70.428,-33.852],[-70.474,-33.862],[-70.486,-33.83],[-70.524,-33.832],[-70.536,-33.8],[-70.596,-33.782],[-70.616,-33.722],[-70.656,-33.676],[-70.63,-33.642],[-70.512,-33.614],[-70.444,-33.582],[-70.438,-33.616]]]}},{"type":"Feature","properties":{"codigo_region":"13","codigo_comuna":"13203","nombre_comuna":"San José de Maipo","nombre_comuna_clean":"san jose de maipo","nombre_region":"Región Metropolitana de Santiago"},"geometry":{"type":"Polygon","coordinates":[[[-70.052,-34.28],[-70.05,-34.228],[-70.068,-34.206],[-70.112,-34.202],[-70.164,-34.16],[-70.162,-34.134],[-70.142,-34.12],[-70.164,-34.1],[-70.17,-34.046],[-70.184,-34.034],[-70.244,-34.034],[-70.262,-34.072],[-70.34,-34.054],[-70.322,-34.0],[-70.376,-33.928],[-70.374,-33.884],[-70.434,-33.854],[-70.408,-33.832],[-70.4,-33.712],[-70.44,-33.684],[-70.406,-33.648],[-70.438,-33.616],[-70.444,-33.578],[-70.496,-33.6],[-70.5,-33.58],[-70.486,-33.54],[-70.436,-33.482],[-70.352,-33.492],[-70.218,-33.412],[-70.176,-33.346],[-70.218,-33.218],[-70.244,-33.186],[-70.226,-33.15],[-70.236,-33.14],[-70.184,-33.102],[-70.156,-33.114],[-70.158,-33.1],[-70.094,-33.052],[-70.068,-33.086],[-70.076,-33.12],[-70.052,-33.136],[-70.068,-33.154],[-70.064,-33.206],[-70.056,-33.226],[-70.026,-33.234],[-70.038,-33.27],[-70.006,-33.286],[-70.004,-33.322],[-69.916,-33.268],[-69.918,-33.244],[-69.904,-33.272],[-69.8,-33.288],[-69.77,-33.344],[-69.784,-33.392],[-69.816,-33.392],[-69.796,-33.422],[-69.818,-33.43],[-69.816,-33.47],[-69.836,-33.516],[-69.872,-33.54],[-69.866,-33.586],[-69.88,-33.618],[-69.87,-33.652],[-69.884,-33.684],[-69.864,-33.716],[-69.904,-33.774],[-69.898,-33.848],[-69.856,-33.892],[-69.89,-33.92],[-69.906,-33.964],[-69.882,-33.976],[-69.854,-33.964],[-69.84,-34.008],[-69.822,-34.016],[-69.854,-34.056],[-69.834,-34.086],[-69.874,-34.134],[-69.802,-34.194],[-69.802,-34.236],[-69.828,-34.256],[-69.896,-34.266],[-69.91,-34.29],[-69.97,-34.25],[-70.028,-34.288],[-70.052,-34.28]]]}},{"type":"Feature","properties":{"codigo_region":"13","codigo_comuna":"13301","nombre_comuna":"Colina","nombre_comuna_clean":"colina","nombre_region":"Región Metropolitana de Santiago"},"geometry":{"type":"Polygon","coordinates":[[[-70.792,-33.172],[-70.756,-33.18],[-70.734,-33.164],[-70.76,-33.126],[-70.746,-33.07],[-70.766,-33.056],[-70.75,-33.012],[-70.77,-32.984],[-70.72,-32.954],[-70.674,-32.96],[-70.604,-32.942],[-70.508,-33.09],[-70.482,-33.082],[-70.434,-33.022],[-70.4,-33.034],[-70.406,-33.066],[-70.374,-33.106],[-70.428,-33.13],[-70.474,-33.22],[-70.558,-33.242],[-70.574,-33.29],[-70.604,-33.31],[-70.594,-33.336],[-70.644,-33.342],[-70.72,-33.32],[-70.792,-33.172]]]}},{"type":"Feature","properties":{"codigo_region":"13","codigo_comuna":"13302","nombre_comuna":"Lampa","nombre_comuna_clean":"lampa","nombre_region":"Región Metropolitana de Santiago"},"geometry":{"type":"Polygon","coordinates":[[[-70.952,-33.384],[-71.002,-33.334],[-71.0,-33.308],[-70.968,-33.29],[-71.0,-33.222],[-70.994,-33.178],[-70.892,-33.182],[-70.882,-33.228],[-70.866,-33.226],[-70.85,-33.18],[-70.792,-33.174],[-70.718,-33.324],[-70.798,-33.338],[-70.84,-33.386],[-70.902,-33.372],[-70.952,-33.384]]]}},{"type":"Feature","properties":{"codigo_region":"13","codigo_comuna":"13303","nombre_comuna":"Tiltil","nombre_comuna_clean":"tiltil","nombre_region":"Región Metropolitana de Santiago"},"geometry":{"type":"Polygon","coordinates":[[[-70.866,-33.226],[-70.882,-33.228],[-70.892,-33.182],[-70.994,-33.178],[-71.03,-33.084],[-71.0,-33.05],[-71.028,-32.99],[-70.94,-32.972],[-70.906,-32.936],[-70.842,-32.922],[-70.772,-32.936],[-70.724,-32.928],[-70.72,-32.954],[-70.77,-32.984],[-70.75,-33.012],[-70.766,-33.056],[-70.746,-33.07],[-70.76,-33.126],[-70.734,-33.164],[-70.756,-33.18],[-70.85,-33.18],[-70.866,-33.226]]]}},{"type":"Feature","properties":{"codigo_region":"13","codigo_comuna":"13401","nombre_comuna":"San Bernardo","nombre_comuna_clean":"san bernardo","nombre_region":"Región Metropolitana de Santiago"},"geometry":{"type":"Polygon","coordinates":[[[-70.7,-33.572],[-70.664,-33.586],[-70.67,-33.608],[-70.644,-33.61],[-70.632,-33.642],[-70.71,-33.666],[-70.726,-33.694],[-70.768,-33.706],[-70.822,-33.754],[-70.824,-33.722],[-70.792,-33.698],[-70.802,-33.668],[-70.784,-33.654],[-70.738,-33.656],[-70.756,-33.62],[-70.744,-33.594],[-70.768,-33.572],[-70.726,-33.524],[-70.686,-33.54],[-70.7,-33.572]]]}},{"type":"Feature","properties":{"codigo_region":"13","codigo_comuna":"13402","nombre_comuna":"Buin","nombre_comuna_clean":"buin","nombre_region":"Región Metropolitana de Santiago"},"geometry":{"type":"Polygon","coordinates":[[[-70.656,-33.676],[-70.614,-33.738],[-70.688,-33.76],[-70.69,-33.792],[-70.74,-33.79],[-70.738,-33.774],[-70.752,-33.772],[-70.758,-33.816],[-70.784,-33.834],[-70.896,-33.806],[-70.862,-33.794],[-70.768,-33.706],[-70.726,-33.694],[-70.71,-33.666],[-70.634,-33.65],[-70.656,-33.676]]]}},{"type":"Feature","properties":{"codigo_region":"13","codigo_comuna":"13403","nombre_comuna":"Calera de Tango","nombre_comuna_clean":"calera de tango","nombre_region":"Región Metropolitana de Santiago"},"geometry":{"type":"Polygon","coordinates":[[[-70.752,-33.58],[-70.742,-33.664],[-70.782,-33.654],[-70.802,-33.668],[-70.818,-33.642],[-70.836,-33.662],[-70.868,-33.65],[-70.778,-33.57],[-70.752,-33.58]]]}},{"type":"Feature","properties":{"codigo_region":"13","codigo_comuna":"13404","nombre_comuna":"Paine","nombre_comuna_clean":"paine","nombre_region":"Región Metropolitana de Santiago"},"geometry":{"type":"Polygon","coordinates":[[[-70.596,-33.782],[-70.536,-33.8],[-70.524,-33.832],[-70.486,-33.83],[-70.476,-33.86],[-70.502,-33.862],[-70.518,-33.888],[-70.554,-33.882],[-70.618,-33.902],[-70.654,-33.936],[-70.708,-33.906],[-70.758,-33.942],[-70.796,-33.932],[-70.896,-33.988],[-70.966,-33.968],[-70.954,-33.944],[-70.988,-33.836],[-70.98,-33.8],[-70.922,-33.8],[-70.912,-33.768],[-70.9,-33.804],[-70.832,-33.832],[-70.784,-33.834],[-70.758,-33.816],[-70.752,-33.772],[-70.738,-33.774],[-70.74,-33.79],[-70.69,-33.792],[-70.688,-33.76],[-70.618,-33.738],[-70.596,-33.782]]]}},{"type":"Feature","properties":{"codigo_region":"13","codigo_comuna":"13501","nombre_comuna":"Melipilla","nombre_comuna_clean":"melipilla","nombre_region":"Región Metropolitana de Santiago"},"geometry":{"type":"Polygon","coordinates":[[[-71.12,-33.74],[-70.984,-33.774],[-70.988,-33.836],[-70.966,-33.918],[-71.002,-33.894],[-71.07,-33.89],[-71.086,-33.894],[-71.114,-33.946],[-71.208,-33.96],[-71.29,-33.908],[-71.3,-33.864],[-71.344,-33.868],[-71.358,-33.892],[-71.372,-33.89],[-71.434,-33.788],[-71.36,-33.746],[-71.42,-33.708],[-71.42,-33.688],[-71.438,-33.682],[-71.432,-33.664],[-71.4,-33.664],[-71.382,-33.624],[-71.34,-33.61],[-71.33,-33.584],[-71.252,-33.582],[-71.21,-33.542],[-71.164,-33.556],[-71.046,-33.556],[-71.006,-33.54],[-70.954,-33.552],[-70.936,-33.588],[-70.964,-33.622],[-71.002,-33.616],[-71.036,-33.642],[-71.098,-33.634],[-71.106,-33.686],[-71.116,-33.682],[-71.096,-33.714],[-71.12,-33.74]]]}},{"type":"Feature","properties":{"codigo_region":"13","codigo_comuna":"13502","nombre_comuna":"Alhué","nombre_comuna_clean":"alhue","nombre_region":"Región Metropolitana de Santiago"},"geometry":{"type":"Polygon","coordinates":[[[-70.96,-33.922],[-70.962,-33.97],[-70.896,-33.988],[-70.83,-33.952],[-70.792,-33.994],[-70.818,-34.036],[-70.888,-34.038],[-70.894,-34.076],[-70.934,-34.086],[-70.942,-34.106],[-70.914,-34.144],[-70.968,-34.172],[-71.032,-34.164],[-71.072,-34.184],[-71.184,-34.158],[-71.3,-34.034],[-71.232,-34.012],[-71.208,-33.99],[-71.208,-33.96],[-71.11,-33.944],[-71.084,-33.894],[-71.008,-33.892],[-70.96,-33.922]]]}},{"type":"Feature","properties":{"codigo_region":"13","codigo_comuna":"13503","nombre_comuna":"Curacaví","nombre_comuna_clean":"curacavi","nombre_region":"Región Metropolitana de Santiago"},"geometry":{"type":"Polygon","coordinates":[[[-71.026,-33.202],[-70.998,-33.198],[-71.0,-33.222],[-70.968,-33.29],[-71.0,-33.306],[-71.004,-33.326],[-70.984,-33.36],[-70.946,-33.384],[-70.954,-33.448],[-70.922,-33.488],[-70.93,-33.546],[-70.948,-33.56],[-71.014,-33.54],[-71.062,-33.494],[-71.074,-33.468],[-71.06,-33.43],[-71.186,-33.452],[-71.278,-33.402],[-71.222,-33.374],[-71.196,-33.312],[-71.226,-33.27],[-71.216,-33.234],[-71.162,-33.226],[-71.14,-33.238],[-71.094,-33.22],[-71.072,-33.23],[-71.056,-33.204],[-71.03,-33.216],[-71.026,-33.202]]]}},{"type":"Feature","properties":{"codigo_region":"13","codigo_comuna":"13504","nombre_comuna":"María Pinto","nombre_comuna_clean":"maria pinto","nombre_region":"Región Metropolitana de Santiago"},"geometry":{"type":"Polygon","coordinates":[[[-71.252,-33.582],[-71.326,-33.584],[-71.332,-33.536],[-71.352,-33.528],[-71.336,-33.456],[-71.344,-33.416],[-71.276,-33.404],[-71.184,-33.452],[-71.06,-33.43],[-71.074,-33.468],[-71.064,-33.492],[-71.014,-33.54],[-71.046,-33.556],[-71.21,-33.542],[-71.252,-33.582]]]}},{"type":"Feature","properties":{"codigo_region":"13","codigo_comuna":"13505","nombre_comuna":"San Pedro","nombre_comuna_clean":"san pedro","nombre_region":"Región Metropolitana de Santiago"},"geometry":{"type":"Polygon","coordinates":[[[-71.582,-33.868],[-71.556,-33.874],[-71.556,-33.782],[-71.536,-33.764],[-71.422,-33.794],[-71.42,-33.822],[-71.372,-33.89],[-71.344,-33.868],[-71.3,-33.864],[-71.29,-33.908],[-71.23,-33.936],[-71.208,-33.96],[-71.208,-33.99],[-71.39,-34.076],[-71.414,-34.058],[-71.414,-34.036],[-71.448,-34.014],[-71.544,-34.008],[-71.566,-33.984],[-71.588,-34.034],[-71.614,-34.004],[-71.666,-33.998],[-71.666,-33.976],[-71.712,-33.966],[-71.678,-33.918],[-71.582,-33.868]]]}},{"type":"Feature","properties":{"codigo_region":"13","codigo_comuna":"13601","nombre_comuna":"Talagante","nombre_comuna_clean":"talagante","nombre_region":"Región Metropolitana de Santiago"},"geometry":{"type":"Polygon","coordinates":[[[-70.868,-33.65],[-70.836,-33.662],[-70.812,-33.644],[-70.792,-33.696],[-70.81,-33.722],[-70.9,-33.696],[-70.934,-33.72],[-71.026,-33.716],[-70.936,-33.664],[-70.96,-33.642],[-70.852,-33.638],[-70.868,-33.65]]]}},{"type":"Feature","properties":{"codigo_region":"13","codigo_comuna":"13602","nombre_comuna":"El Monte","nombre_comuna_clean":"el monte","nombre_region":"Región Metropolitana de Santiago"},"geometry":{"type":"Polygon","coordinates":[[[-70.936,-33.664],[-71.032,-33.72],[-71.078,-33.72],[-71.104,-33.706],[-71.116,-33.682],[-71.106,-33.686],[-71.098,-33.634],[-71.036,-33.642],[-70.99,-33.616],[-70.936,-33.664]]]}},{"type":"Feature","properties":{"codigo_region":"13","codigo_comuna":"13603","nombre_comuna":"Isla de Maipo","nombre_comuna_clean":"isla de maipo","nombre_region":"Región Metropolitana de Santiago"},"geometry":{"type":"Polygon","coordinates":[[[-70.878,-33.804],[-70.9,-33.804],[-70.912,-33.768],[-70.922,-33.8],[-70.98,-33.8],[-70.984,-33.774],[-71.078,-33.756],[-71.12,-33.732],[-71.098,-33.716],[-71.102,-33.706],[-71.078,-33.72],[-70.99,-33.724],[-70.916,-33.716],[-70.9,-33.696],[-70.824,-33.722],[-70.828,-33.764],[-70.878,-33.804]]]}},{"type":"Feature","properties":{"codigo_region":"13","codigo_comuna":"13604","nombre_comuna":"Padre Hurtado","nombre_comuna_clean":"padre hurtado","nombre_region":"Región Metropolitana de Santiago"},"geometry":{"type":"Polygon","coordinates":[[[-70.852,-33.538],[-70.808,-33.528],[-70.816,-33.544],[-70.778,-33.57],[-70.82,-33.598],[-70.856,-33.576],[-70.936,-33.588],[-70.948,-33.56],[-70.908,-33.51],[-70.852,-33.538]]]}},{"type":"Feature","properties":{"codigo_region":"13","codigo_comuna":"13605","nombre_comuna":"Peñaflor","nombre_comuna_clean":"penaflor","nombre_region":"Región Metropolitana de Santiago"},"geometry":{"type":"Polygon","coordinates":[[[-70.82,-33.598],[-70.85,-33.636],[-70.962,-33.642],[-70.968,-33.624],[-70.95,-33.598],[-70.856,-33.576],[-70.82,-33.598]]]}},{"type":"Feature","properties":{"codigo_region":"14","codigo_comuna":"14101","nombre_comuna":"Valdivia","nombre_comuna_clean":"valdivia","nombre_region":"Región de Los Ríos"},"geometry":{"type":"MultiPolygon","coordinates":[[[[-73.224,-39.884],[-73.226,-39.86],[-73.232,-39.866],[-73.232,-39.87],[-73.228,-39.88],[-73.242,-39.876],[-73.24,-39.854],[-73.244,-39.876],[-73.254,-39.862],[-73.264,-39.872],[-73.268,-39.842],[-73.244,-39.808],[-73.222,-39.82],[-73.246,-39.806],[-73.26,-39.826],[-73.266,-39.786],[-73.26,-39.788],[-73.26,-39.786],[-73.264,-39.784],[-73.254,-39.778],[-73.236,-39.79],[-73.25,-39.746],[-73.238,-39.744],[-73.236,-39.738],[-73.238,-39.724],[-73.234,-39.73],[-73.232,-39.73],[-73.106,-39.688],[-73.082,-39.71],[-73.022,-39.692],[-72.988,-39.776],[-73.012,-39.786],[-72.974,-39.794],[-72.976,-39.824],[-72.95,-39.866],[-72.96,-39.9],[-72.94,-39.904],[-72.92,-39.942],[-72.948,-39.926],[-73.006,-39.932],[-73.026,-39.952],[-72.998,-39.976],[-73.066,-39.998],[-73.082,-40.032],[-73.088,-40.016],[-73.144,-40.008],[-73.138,-39.996],[-73.166,-39.974],[-73.158,-39.944],[-73.222,-39.938],[-73.26,-39.876],[-73.208,-39.892],[-73.204,-39.892],[-73.224,-39.884]],[[-73.218,-39.822],[-73.19,-39.784],[-73.212,-39.794],[-73.222,-39.82],[-73.218,-39.822]],[[-73.162,-39.804],[-73.188,-39.782],[-73.19,-39.784],[-73.162,-39.804]],[[-73.256,-39.798],[-73.256,-39.79],[-73.26,-39.788],[-73.256,-39.798]],[[-73.174,-39.888],[-73.156,-39.912],[-73.136,-39.886],[-73.15,-39.89],[-73.172,-39.872],[-73.176,-39.884],[-73.204,-39.892],[-73.174,-39.888]],[[-73.142,-39.93],[-73.132,-39.916],[-73.156,-39.912],[-73.142,-39.93]],[[-73.188,-39.856],[-73.19,-39.864],[-73.184,-39.87],[-73.172,-39.872],[-73.188,-39.856]]],[[[-73.328,-39.856],[-73.344,-39.818],[-73.332,-39.814],[-73.348,-39.81],[-73.35,-39.82],[-73.334,-39.856],[-73.398,-39.876],[-73.392,-39.85],[-73.41,-39.832],[-73.39,-39.786],[-73.412,-39.718],[-73.406,-39.694],[-73.368,-39.686],[-73.35,-39.672],[-73.36,-39.656],[-73.324,-39.638],[-73.236,-39.652],[-73.238,-39.668],[-73.2,-39.684],[-73.222,-39.72],[-73.238,-39.716],[-73.23,-39.696],[-73.242,-39.692],[-73.242,-39.72],[-73.298,-39.746],[-73.294,-39.748],[-73.278,-39.74],[-73.26,-39.768],[-73.28,-39.8],[-73.268,-39.838],[-73.286,-39.856],[-73.284,-39.832],[-73.31,-39.838],[-73.3,-39.848],[-73.328,-39.856]]],[[[-73.28,-39.886],[-73.28,-39.874],[-73.266,-39.876],[-73.28,-39.886]]]]}},{"type":"Feature","properties":{"codigo_region":"14","codigo_comuna":"14102","nombre_comuna":"Corral","nombre_comuna_clean":"corral","nombre_region":"Región de Los Ríos"},"geometry":{"type":"MultiPolygon","coordinates":[[[[-73.296,-39.952],[-73.306,-39.946],[-73.286,-39.948],[-73.272,-39.94],[-73.256,-39.906],[-73.194,-39.95],[-73.158,-39.944],[-73.166,-39.974],[-73.138,-40.002],[-73.174,-40.02],[-73.152,-40.034],[-73.158,-40.058],[-73.142,-40.096],[-73.214,-40.112],[-73.272,-40.066],[-73.348,-40.066],[-73.416,-40.116],[-73.446,-40.112],[-73.478,-40.102],[-73.462,-40.078],[-73.486,-40.044],[-73.568,-39.996],[-73.626,-39.98],[-73.666,-40.008],[-73.708,-40.006],[-73.68,-39.992],[-73.678,-39.964],[-73.592,-39.958],[-73.592,-39.932],[-73.516,-39.916],[-73.484,-39.892],[-73.468,-39.852],[-73.432,-39.862],[-73.43,-39.888],[-73.402,-39.906],[-73.416,-39.936],[-73.402,-39.92],[-73.392,-39.944],[-73.378,-39.942],[-73.376,-39.894],[-73.356,-39.916],[-73.338,-39.912],[-73.326,-39.952],[-73.296,-39.954],[-73.296,-39.952]],[[-73.304,-39.97],[-73.302,-39.972],[-73.294,-39.964],[-73.294,-39.96],[-73.296,-39.954],[-73.304,-39.97]],[[-73.298,-39.976],[-73.3,-39.972],[-73.302,-39.972],[-73.298,-39.976]]],[[[-73.258,-39.9],[-73.286,-39.946],[-73.33,-39.932],[-73.332,-39.908],[-73.344,-39.902],[-73.322,-39.898],[-73.38,-39.884],[-73.306,-39.858],[-73.258,-39.9]]]]}},{"type":"Feature","properties":{"codigo_region":"14","codigo_comuna":"14103","nombre_comuna":"Lanco","nombre_comuna_clean":"lanco","nombre_region":"Región de Los Ríos"},"geometry":{"type":"Polygon","coordinates":[[[-72.79,-39.432],[-72.74,-39.442],[-72.714,-39.426],[-72.658,-39.46],[-72.532,-39.434],[-72.518,-39.478],[-72.44,-39.474],[-72.328,-39.514],[-72.398,-39.534],[-72.41,-39.552],[-72.446,-39.558],[-72.462,-39.544],[-72.488,-39.562],[-72.474,-39.58],[-72.494,-39.59],[-72.55,-39.586],[-72.566,-39.636],[-72.594,-39.646],[-72.61,-39.636],[-72.602,-39.608],[-72.64,-39.584],[-72.748,-39.566],[-72.772,-39.53],[-72.846,-39.51],[-72.846,-39.43],[-72.832,-39.41],[-72.79,-39.41],[-72.79,-39.432]]]}},{"type":"Feature","properties":{"codigo_region":"14","codigo_comuna":"14104","nombre_comuna":"Los Lagos","nombre_comuna_clean":"los lagos","nombre_region":"Región de Los Ríos"},"geometry":{"type":"Polygon","coordinates":[[[-72.662,-39.682],[-72.588,-39.66],[-72.544,-39.666],[-72.508,-39.72],[-72.528,-39.752],[-72.49,-39.744],[-72.46,-39.776],[-72.352,-39.806],[-72.25,-39.872],[-72.216,-39.834],[-72.14,-39.876],[-72.16,-39.91],[-72.122,-39.896],[-72.078,-39.922],[-72.032,-39.916],[-72.032,-39.954],[-72.064,-39.974],[-72.096,-39.958],[-72.124,-39.982],[-72.164,-39.96],[-72.182,-39.986],[-72.236,-39.994],[-72.254,-39.964],[-72.282,-40.008],[-72.406,-40.032],[-72.476,-40.014],[-72.498,-39.992],[-72.5,-40.008],[-72.54,-40.008],[-72.582,-39.974],[-72.626,-40.006],[-72.602,-40.024],[-72.638,-40.042],[-72.666,-40.032],[-72.692,-39.994],[-72.712,-40.018],[-72.774,-40.016],[-72.804,-39.98],[-72.832,-39.984],[-72.842,-39.954],[-72.912,-39.95],[-72.94,-39.904],[-72.96,-39.904],[-72.95,-39.866],[-72.982,-39.786],[-72.924,-39.82],[-72.87,-39.81],[-72.842,-39.748],[-72.824,-39.774],[-72.778,-39.778],[-72.754,-39.746],[-72.722,-39.76],[-72.734,-39.72],[-72.686,-39.706],[-72.718,-39.662],[-72.662,-39.682]]]}},{"type":"Feature","properties":{"codigo_region":"14","codigo_comuna":"14105","nombre_comuna":"Máfil","nombre_comuna_clean":"mafil","nombre_region":"Región de Los Ríos"},"geometry":{"type":"Polygon","coordinates":[[[-72.928,-39.618],[-72.786,-39.61],[-72.798,-39.626],[-72.764,-39.644],[-72.742,-39.644],[-72.72,-39.612],[-72.656,-39.612],[-72.642,-39.626],[-72.604,-39.626],[-72.592,-39.652],[-72.646,-39.682],[-72.72,-39.662],[-72.686,-39.706],[-72.734,-39.72],[-72.72,-39.76],[-72.754,-39.746],[-72.778,-39.778],[-72.824,-39.774],[-72.842,-39.748],[-72.87,-39.81],[-72.934,-39.82],[-72.976,-39.786],[-73.012,-39.786],[-72.988,-39.776],[-73.022,-39.692],[-73.082,-39.71],[-73.1,-39.696],[-73.084,-39.706],[-73.094,-39.692],[-73.05,-39.638],[-72.95,-39.592],[-72.928,-39.618]]]}},{"type":"Feature","properties":{"codigo_region":"14","codigo_comuna":"14106","nombre_comuna":"Mariquina","nombre_comuna_clean":"mariquina","nombre_region":"Región de Los Ríos"},"geometry":{"type":"Polygon","coordinates":[[[-73.164,-39.592],[-73.19,-39.624],[-73.178,-39.67],[-73.196,-39.682],[-73.222,-39.676],[-73.218,-39.658],[-73.312,-39.646],[-73.324,-39.63],[-73.282,-39.588],[-73.28,-39.542],[-73.252,-39.534],[-73.26,-39.51],[-73.246,-39.492],[-73.266,-39.456],[-73.22,-39.446],[-73.216,-39.422],[-73.242,-39.39],[-73.226,-39.394],[-73.202,-39.414],[-73.16,-39.416],[-73.132,-39.394],[-73.086,-39.388],[-73.034,-39.338],[-73.024,-39.298],[-73.006,-39.292],[-72.946,-39.318],[-72.908,-39.29],[-72.858,-39.288],[-72.836,-39.322],[-72.902,-39.388],[-72.896,-39.432],[-72.87,-39.414],[-72.868,-39.398],[-72.832,-39.412],[-72.848,-39.438],[-72.846,-39.51],[-72.772,-39.53],[-72.748,-39.566],[-72.676,-39.568],[-72.602,-39.608],[-72.61,-39.626],[-72.72,-39.612],[-72.742,-39.644],[-72.764,-39.644],[-72.798,-39.626],[-72.786,-39.61],[-72.928,-39.618],[-72.936,-39.594],[-72.96,-39.592],[-72.982,-39.616],[-72.996,-39.604],[-73.008,-39.624],[-73.05,-39.638],[-73.092,-39.69],[-73.114,-39.686],[-73.132,-39.704],[-73.15,-39.7],[-73.148,-39.686],[-73.168,-39.704],[-73.186,-39.69],[-73.15,-39.654],[-73.138,-39.652],[-73.152,-39.652],[-73.162,-39.662],[-73.148,-39.628],[-73.122,-39.614],[-73.126,-39.614],[-73.15,-39.628],[-73.164,-39.654],[-73.164,-39.664],[-73.172,-39.646],[-73.166,-39.622],[-73.174,-39.628],[-73.164,-39.592]],[[-73.138,-39.608],[-73.128,-39.596],[-73.156,-39.608],[-73.162,-39.616],[-73.138,-39.608]],[[-73.116,-39.644],[-73.126,-39.64],[-73.136,-39.652],[-73.116,-39.644]]]}},{"type":"Feature","properties":{"codigo_region":"14","codigo_comuna":"14107","nombre_comuna":"Paillaco","nombre_comuna_clean":"paillaco","nombre_region":"Región de Los Ríos"},"geometry":{"type":"Polygon","coordinates":[[[-72.87,-39.96],[-72.842,-39.954],[-72.832,-39.984],[-72.806,-39.978],[-72.768,-40.018],[-72.712,-40.018],[-72.69,-39.994],[-72.666,-40.032],[-72.614,-40.044],[-72.592,-40.06],[-72.596,-40.086],[-72.552,-40.1],[-72.544,-40.14],[-72.566,-40.156],[-72.54,-40.168],[-72.578,-40.188],[-72.634,-40.18],[-72.668,-40.194],[-72.674,-40.174],[-72.704,-40.162],[-72.752,-40.202],[-72.794,-40.18],[-72.84,-40.202],[-72.844,-40.156],[-72.926,-40.178],[-72.956,-40.148],[-72.988,-40.158],[-72.986,-40.138],[-73.022,-40.128],[-73.012,-40.086],[-73.062,-40.102],[-73.098,-40.068],[-73.156,-40.062],[-73.152,-40.034],[-73.172,-40.014],[-73.09,-40.016],[-73.082,-40.032],[-73.066,-39.998],[-72.998,-39.976],[-73.026,-39.95],[-72.942,-39.926],[-72.87,-39.96]]]}},{"type":"Feature","properties":{"codigo_region":"14","codigo_comuna":"14108","nombre_comuna":"Panguipulli","nombre_comuna_clean":"panguipulli","nombre_region":"Región de Los Ríos"},"geometry":{"type":"Polygon","coordinates":[[[-71.67,-39.682],[-71.704,-39.696],[-71.694,-39.708],[-71.712,-39.724],[-71.68,-39.766],[-71.684,-39.802],[-71.666,-39.808],[-71.692,-39.824],[-71.688,-39.85],[-71.67,-39.864],[-71.642,-39.856],[-71.632,-39.884],[-71.614,-39.876],[-71.592,-39.912],[-71.624,-39.938],[-71.624,-39.976],[-71.652,-39.972],[-71.688,-40.032],[-71.668,-40.094],[-71.698,-40.118],[-71.82,-40.076],[-71.826,-40.05],[-71.808,-40.018],[-71.83,-40.0],[-71.794,-39.986],[-71.794,-39.972],[-71.844,-39.914],[-71.872,-39.918],[-71.894,-39.896],[-72.022,-39.932],[-72.032,-39.916],[-72.078,-39.922],[-72.122,-39.896],[-72.16,-39.91],[-72.14,-39.876],[-72.216,-39.834],[-72.25,-39.872],[-72.352,-39.806],[-72.46,-39.776],[-72.49,-39.744],[-72.528,-39.752],[-72.508,-39.72],[-72.544,-39.666],[-72.604,-39.662],[-72.566,-39.636],[-72.55,-39.586],[-72.476,-39.582],[-72.488,-39.562],[-72.462,-39.544],[-72.446,-39.558],[-72.41,-39.552],[-72.398,-39.534],[-72.328,-39.514],[-72.264,-39.47],[-72.216,-39.468],[-72.236,-39.472],[-72.27,-39.512],[-72.208,-39.53],[-72.118,-39.51],[-71.94,-39.42],[-71.862,-39.436],[-71.842,-39.47],[-71.76,-39.508],[-71.718,-39.494],[-71.702,-39.504],[-71.708,-39.536],[-71.696,-39.564],[-71.68,-39.566],[-71.716,-39.648],[-71.67,-39.682]]]}},{"type":"Feature","properties":{"codigo_region":"14","codigo_comuna":"14201","nombre_comuna":"La Unión","nombre_comuna_clean":"la union","nombre_region":"Región de Los Ríos"},"geometry":{"type":"Polygon","coordinates":[[[-73.696,-40.192],[-73.684,-40.16],[-73.66,-40.158],[-73.652,-40.134],[-73.664,-40.05],[-73.706,-40.006],[-73.666,-40.008],[-73.626,-39.98],[-73.492,-40.04],[-73.462,-40.076],[-73.478,-40.102],[-73.446,-40.112],[-73.416,-40.116],[-73.35,-40.066],[-73.302,-40.064],[-73.262,-40.07],[-73.214,-40.112],[-73.142,-40.096],[-73.148,-40.064],[-73.098,-40.068],[-73.062,-40.102],[-73.012,-40.086],[-73.022,-40.128],[-72.986,-40.138],[-72.988,-40.158],[-72.956,-40.148],[-72.926,-40.178],[-72.844,-40.156],[-72.84,-40.202],[-72.794,-40.18],[-72.752,-40.202],[-72.704,-40.162],[-72.674,-40.174],[-72.668,-40.194],[-72.634,-40.18],[-72.578,-40.188],[-72.54,-40.168],[-72.51,-40.194],[-72.532,-40.258],[-72.562,-40.278],[-72.612,-40.244],[-72.618,-40.248],[-72.62,-40.256],[-72.664,-40.248],[-72.694,-40.274],[-72.718,-40.264],[-72.756,-40.286],[-72.802,-40.272],[-72.912,-40.336],[-73.066,-40.32],[-73.132,-40.338],[-73.148,-40.362],[-73.178,-40.348],[-73.272,-40.352],[-73.308,-40.334],[-73.406,-40.338],[-73.448,-40.304],[-73.456,-40.27],[-73.512,-40.288],[-73.578,-40.284],[-73.6,-40.302],[-73.672,-40.276],[-73.684,-40.238],[-73.714,-40.246],[-73.72,-40.198],[-73.696,-40.192]]]}},{"type":"Feature","properties":{"codigo_region":"14","codigo_comuna":"14202","nombre_comuna":"Futrono","nombre_comuna_clean":"futrono","nombre_region":"Región de Los Ríos"},"geometry":{"type":"Polygon","coordinates":[[[-71.716,-40.278],[-71.684,-40.294],[-71.658,-40.354],[-71.8,-40.348],[-71.904,-40.318],[-71.98,-40.318],[-72.06,-40.258],[-72.186,-40.21],[-72.222,-40.208],[-72.256,-40.234],[-72.286,-40.218],[-72.394,-40.248],[-72.416,-40.23],[-72.408,-40.214],[-72.418,-40.2],[-72.508,-40.19],[-72.566,-40.156],[-72.544,-40.14],[-72.548,-40.108],[-72.596,-40.086],[-72.592,-40.06],[-72.638,-40.042],[-72.602,-40.024],[-72.626,-40.006],[-72.582,-39.974],[-72.54,-40.008],[-72.5,-40.008],[-72.498,-39.992],[-72.476,-40.014],[-72.406,-40.032],[-72.282,-40.008],[-72.254,-39.964],[-72.238,-39.988],[-72.242,-39.994],[-72.236,-39.994],[-72.182,-39.986],[-72.164,-39.96],[-72.124,-39.982],[-72.096,-39.958],[-72.064,-39.974],[-72.034,-39.956],[-72.028,-39.928],[-71.894,-39.896],[-71.872,-39.918],[-71.85,-39.912],[-71.822,-39.926],[-71.824,-39.942],[-71.794,-39.972],[-71.794,-39.986],[-71.83,-40.002],[-71.808,-40.018],[-71.826,-40.05],[-71.812,-40.078],[-71.832,-40.106],[-71.804,-40.11],[-71.8,-40.138],[-71.828,-40.174],[-71.798,-40.188],[-71.83,-40.216],[-71.746,-40.306],[-71.716,-40.278]]]}},{"type":"Feature","properties":{"codigo_region":"14","codigo_comuna":"14203","nombre_comuna":"Lago Ranco","nombre_comuna_clean":"lago ranco","nombre_region":"Región de Los Ríos"},"geometry":{"type":"Polygon","coordinates":[[[-71.918,-40.54],[-71.954,-40.544],[-71.984,-40.516],[-72.044,-40.538],[-72.078,-40.534],[-72.104,-40.55],[-72.118,-40.582],[-72.152,-40.548],[-72.296,-40.492],[-72.306,-40.436],[-72.32,-40.428],[-72.374,-40.428],[-72.512,-40.376],[-72.55,-40.378],[-72.574,-40.342],[-72.566,-40.326],[-72.634,-40.296],[-72.638,-40.262],[-72.684,-40.258],[-72.612,-40.244],[-72.606,-40.26],[-72.56,-40.278],[-72.532,-40.258],[-72.51,-40.188],[-72.418,-40.2],[-72.408,-40.214],[-72.416,-40.23],[-72.388,-40.25],[-72.288,-40.22],[-72.256,-40.234],[-72.222,-40.208],[-72.186,-40.21],[-72.06,-40.258],[-71.98,-40.318],[-71.904,-40.318],[-71.8,-40.348],[-71.658,-40.354],[-71.694,-40.374],[-71.692,-40.404],[-71.71,-40.424],[-71.74,-40.438],[-71.794,-40.408],[-71.826,-40.42],[-71.868,-40.558],[-71.918,-40.54]]]}},{"type":"Feature","properties":{"codigo_region":"14","codigo_comuna":"14204","nombre_comuna":"Río Bueno","nombre_comuna_clean":"rio bueno","nombre_region":"Región de Los Ríos"},"geometry":{"type":"Polygon","coordinates":[[[-72.644,-40.656],[-72.656,-40.626],[-72.772,-40.602],[-72.82,-40.556],[-72.814,-40.546],[-72.858,-40.536],[-72.892,-40.506],[-72.904,-40.446],[-72.98,-40.386],[-73.03,-40.384],[-73.078,-40.346],[-73.134,-40.34],[-73.066,-40.32],[-72.912,-40.336],[-72.802,-40.272],[-72.756,-40.286],[-72.718,-40.264],[-72.694,-40.274],[-72.646,-40.258],[-72.624,-40.308],[-72.566,-40.326],[-72.574,-40.342],[-72.55,-40.378],[-72.512,-40.376],[-72.374,-40.428],[-72.32,-40.428],[-72.306,-40.436],[-72.296,-40.492],[-72.152,-40.548],[-72.12,-40.582],[-72.078,-40.534],[-72.044,-40.538],[-71.984,-40.516],[-71.954,-40.544],[-71.918,-40.54],[-71.876,-40.568],[-71.89,-40.586],[-71.93,-40.59],[-71.97,-40.634],[-72.052,-40.63],[-72.08,-40.66],[-72.162,-40.658],[-72.198,-40.672],[-72.286,-40.646],[-72.34,-40.676],[-72.354,-40.66],[-72.608,-40.68],[-72.644,-40.656]]]}},{"type":"Feature","properties":{"codigo_region":"15","codigo_comuna":"15101","nombre_comuna":"Arica","nombre_comuna_clean":"arica","nombre_region":"Región de Arica y Parinacota"},"geometry":{"type":"Polygon","coordinates":[[[-69.744,-18.146],[-69.672,-18.162],[-69.696,-18.192],[-69.666,-18.236],[-69.682,-18.26],[-69.65,-18.312],[-69.68,-18.348],[-69.626,-18.434],[-69.682,-18.506],[-69.692,-18.548],[-69.514,-18.656],[-69.49,-18.7],[-69.736,-18.75],[-69.854,-18.822],[-70.02,-18.826],[-70.032,-18.914],[-70.284,-18.816],[-70.35,-18.836],[-70.36,-18.794],[-70.338,-18.758],[-70.336,-18.692],[-70.35,-18.65],[-70.334,-18.54],[-70.316,-18.514],[-70.33,-18.47],[-70.308,-18.466],[-70.302,-18.45],[-70.38,-18.35],[-70.318,-18.312],[-70.162,-18.322],[-70.05,-18.268],[-69.976,-18.266],[-69.844,-18.152],[-69.782,-18.048],[-69.766,-18.08],[-69.746,-18.086],[-69.772,-18.106],[-69.744,-18.146]]]}},{"type":"Feature","properties":{"codigo_region":"15","codigo_comuna":"15102","nombre_comuna":"Camarones","nombre_comuna_clean":"camarones","nombre_region":"Región de Arica y Parinacota"},"geometry":{"type":"Polygon","coordinates":[[[-69.796,-19.046],[-69.884,-19.034],[-69.948,-19.05],[-70.094,-19.116],[-70.13,-19.154],[-70.272,-19.24],[-70.286,-19.224],[-70.268,-19.202],[-70.27,-19.146],[-70.312,-19.04],[-70.308,-18.964],[-70.352,-18.836],[-70.284,-18.816],[-70.032,-18.914],[-70.018,-18.826],[-69.854,-18.822],[-69.734,-18.748],[-69.462,-18.698],[-69.428,-18.724],[-69.398,-18.802],[-69.362,-18.822],[-69.33,-18.784],[-69.3,-18.78],[-69.224,-18.788],[-69.202,-18.828],[-69.154,-18.838],[-69.15,-18.934],[-69.07,-19.03],[-69.074,-19.048],[-69.1,-19.052],[-69.104,-19.068],[-69.156,-19.104],[-69.192,-19.096],[-69.204,-19.11],[-69.234,-19.094],[-69.318,-19.136],[-69.314,-19.102],[-69.396,-19.062],[-69.408,-19.03],[-69.644,-19.022],[-69.796,-19.046]]]}},{"type":"Feature","properties":{"codigo_region":"15","codigo_comuna":"15201","nombre_comuna":"Putre","nombre_comuna_clean":"putre","nombre_region":"Región de Arica y Parinacota"},"geometry":{"type":"Polygon","coordinates":[[[-68.996,-18.958],[-69.014,-18.948],[-69.028,-18.974],[-69.014,-19.002],[-69.048,-19.034],[-69.072,-19.028],[-69.108,-18.998],[-69.15,-18.934],[-69.154,-18.838],[-69.202,-18.828],[-69.226,-18.786],[-69.328,-18.782],[-69.358,-18.822],[-69.384,-18.81],[-69.43,-18.722],[-69.46,-18.698],[-69.49,-18.698],[-69.514,-18.656],[-69.69,-18.548],[-69.682,-18.506],[-69.626,-18.434],[-69.68,-18.35],[-69.65,-18.31],[-69.682,-18.26],[-69.666,-18.236],[-69.696,-18.19],[-69.678,-18.164],[-69.64,-18.158],[-69.66,-18.12],[-69.63,-17.996],[-69.466,-17.98],[-69.388,-18.0],[-69.256,-17.954],[-69.248,-17.982],[-69.12,-18.004],[-69.058,-18.06],[-69.146,-18.164],[-69.064,-18.23],[-69.074,-18.288],[-69.038,-18.322],[-69.056,-18.376],[-69.048,-18.426],[-69.002,-18.482],[-69.016,-18.572],[-69.004,-18.6],[-69.028,-18.602],[-69.036,-18.622],[-68.984,-18.678],[-68.986,-18.758],[-68.93,-18.83],[-68.912,-18.89],[-68.95,-18.936],[-68.996,-18.958]]]}},{"type":"Feature","properties":{"codigo_region":"15","codigo_comuna":"15202","nombre_comuna":"General Lagos","nombre_comuna_clean":"general lagos","nombre_region":"Región de Arica y Parinacota"},"geometry":{"type":"Polygon","coordinates":[[[-69.746,-18.086],[-69.788,-18.044],[-69.75,-17.954],[-69.8,-17.862],[-69.8,-17.766],[-69.824,-17.738],[-69.816,-17.664],[-69.796,-17.646],[-69.662,-17.658],[-69.468,-17.498],[-69.464,-17.614],[-69.336,-17.706],[-69.338,-17.754],[-69.31,-17.794],[-69.298,-17.856],[-69.304,-17.924],[-69.282,-17.968],[-69.396,-18.002],[-69.466,-17.98],[-69.63,-17.996],[-69.66,-18.12],[-69.64,-18.15],[-69.646,-18.164],[-69.744,-18.146],[-69.748,-18.14],[-69.75,-18.138],[-69.772,-18.106],[-69.746,-18.086]]]}},{"type":"Feature","properties":{"codigo_region":"16","codigo_comuna":"16101","nombre_comuna":"Chillán","nombre_comuna_clean":"chillan","nombre_region":"Región de Ñuble"},"geometry":{"type":"Polygon","coordinates":[[[-72.358,-36.654],[-72.348,-36.694],[-72.384,-36.708],[-72.436,-36.702],[-72.466,-36.644],[-72.312,-36.59],[-72.28,-36.6],[-72.256,-36.578],[-72.224,-36.584],[-72.188,-36.554],[-72.082,-36.552],[-72.046,-36.522],[-72.016,-36.526],[-71.992,-36.506],[-71.936,-36.526],[-71.858,-36.516],[-71.878,-36.564],[-72.014,-36.554],[-72.038,-36.574],[-72.022,-36.578],[-72.03,-36.604],[-71.958,-36.632],[-71.938,-36.666],[-71.95,-36.686],[-71.982,-36.672],[-72.004,-36.704],[-71.98,-36.72],[-72.002,-36.75],[-72.058,-36.748],[-72.064,-36.704],[-72.104,-36.628],[-72.138,-36.614],[-72.31,-36.632],[-72.358,-36.654]]]}},{"type":"Feature","properties":{"codigo_region":"16","codigo_comuna":"16102","nombre_comuna":"Bulnes","nombre_comuna_clean":"bulnes","nombre_region":"Región de Ñuble"},"geometry":{"type":"Polygon","coordinates":[[[-72.398,-36.706],[-72.314,-36.696],[-72.218,-36.738],[-72.134,-36.734],[-72.108,-36.796],[-72.146,-36.786],[-72.216,-36.902],[-72.31,-36.87],[-72.38,-36.866],[-72.43,-36.802],[-72.43,-36.77],[-72.414,-36.758],[-72.452,-36.702],[-72.438,-36.692],[-72.398,-36.706]]]}},{"type":"Feature","properties":{"codigo_region":"16","codigo_comuna":"16103","nombre_comuna":"Chillán Viejo","nombre_comuna_clean":"chillan viejo","nombre_region":"Región de Ñuble"},"geometry":{"type":"Polygon","coordinates":[[[-72.104,-36.628],[-72.058,-36.748],[-72.124,-36.728],[-72.218,-36.738],[-72.358,-36.69],[-72.358,-36.654],[-72.302,-36.63],[-72.138,-36.614],[-72.104,-36.628]]]}},{"type":"Feature","properties":{"codigo_region":"16","codigo_comuna":"16104","nombre_comuna":"El Carmen","nombre_comuna_clean":"el carmen","nombre_region":"Región de Ñuble"},"geometry":{"type":"Polygon","coordinates":[[[-71.604,-36.902],[-71.588,-36.986],[-71.606,-36.97],[-71.64,-36.968],[-71.712,-37.014],[-71.742,-37.002],[-71.966,-36.996],[-72.218,-36.902],[-72.192,-36.884],[-72.094,-36.904],[-72.046,-36.894],[-72.014,-36.866],[-71.742,-36.828],[-71.604,-36.902]]]}},{"type":"Feature","properties":{"codigo_region":"16","codigo_comuna":"16105","nombre_comuna":"Pemuco","nombre_comuna_clean":"pemuco","nombre_region":"Región de Ñuble"},"geometry":{"type":"Polygon","coordinates":[[[-72.0,-36.99],[-71.712,-37.014],[-71.632,-36.968],[-71.604,-36.97],[-71.596,-37.004],[-71.692,-37.038],[-71.874,-37.066],[-71.958,-37.044],[-71.976,-37.052],[-71.99,-37.038],[-72.054,-37.048],[-72.172,-37.036],[-72.344,-36.97],[-72.352,-36.94],[-72.386,-36.912],[-72.38,-36.866],[-72.174,-36.908],[-72.0,-36.99]]]}},{"type":"Feature","properties":{"codigo_region":"16","codigo_comuna":"16106","nombre_comuna":"Pinto","nombre_comuna_clean":"pinto","nombre_region":"Región de Ñuble"},"geometry":{"type":"Polygon","coordinates":[[[-71.096,-37.11],[-71.156,-37.116],[-71.188,-37.098],[-71.27,-37.112],[-71.33,-37.078],[-71.384,-37.068],[-71.41,-37.09],[-71.458,-37.066],[-71.462,-37.044],[-71.498,-37.008],[-71.552,-37.02],[-71.596,-36.998],[-71.598,-36.91],[-71.632,-36.884],[-71.734,-36.83],[-71.774,-36.834],[-71.774,-36.83],[-71.754,-36.822],[-71.756,-36.818],[-71.812,-36.816],[-71.83,-36.832],[-71.956,-36.776],[-71.982,-36.748],[-72.002,-36.75],[-71.98,-36.72],[-72.002,-36.7],[-71.982,-36.672],[-71.95,-36.686],[-71.934,-36.666],[-71.84,-36.718],[-71.756,-36.792],[-71.648,-36.802],[-71.568,-36.844],[-71.43,-36.812],[-71.34,-36.898],[-71.344,-36.912],[-71.26,-36.914],[-71.26,-36.942],[-71.222,-36.982],[-71.168,-36.998],[-71.14,-37.064],[-71.096,-37.11]]]}},{"type":"Feature","properties":{"codigo_region":"16","codigo_comuna":"16107","nombre_comuna":"Quillón","nombre_comuna_clean":"quillon","nombre_region":"Región de Ñuble"},"geometry":{"type":"Polygon","coordinates":[[[-72.436,-36.736],[-72.414,-36.758],[-72.43,-36.77],[-72.43,-36.802],[-72.38,-36.858],[-72.386,-36.912],[-72.408,-36.928],[-72.462,-36.928],[-72.452,-36.908],[-72.502,-36.896],[-72.516,-36.94],[-72.532,-36.928],[-72.652,-36.922],[-72.646,-36.884],[-72.57,-36.894],[-72.56,-36.882],[-72.574,-36.866],[-72.538,-36.85],[-72.594,-36.814],[-72.602,-36.768],[-72.586,-36.748],[-72.598,-36.744],[-72.58,-36.698],[-72.534,-36.71],[-72.508,-36.69],[-72.448,-36.684],[-72.436,-36.736]]]}},{"type":"Feature","properties":{"codigo_region":"16","codigo_comuna":"16108","nombre_comuna":"San Ignacio","nombre_comuna_clean":"san ignacio","nombre_region":"Región de Ñuble"},"geometry":{"type":"Polygon","coordinates":[[[-72.056,-36.75],[-71.984,-36.748],[-71.956,-36.776],[-71.83,-36.832],[-71.812,-36.816],[-71.754,-36.822],[-71.834,-36.85],[-72.014,-36.866],[-72.046,-36.894],[-72.094,-36.904],[-72.202,-36.89],[-72.146,-36.786],[-72.108,-36.796],[-72.126,-36.728],[-72.056,-36.75]]]}},{"type":"Feature","properties":{"codigo_region":"16","codigo_comuna":"16109","nombre_comuna":"Yungay","nombre_comuna_clean":"yungay","nombre_region":"Región de Ñuble"},"geometry":{"type":"Polygon","coordinates":[[[-72.182,-37.046],[-72.194,-37.028],[-72.054,-37.048],[-71.99,-37.038],[-71.976,-37.052],[-71.958,-37.044],[-71.874,-37.066],[-71.692,-37.038],[-71.596,-36.998],[-71.554,-37.014],[-71.54,-37.042],[-71.56,-37.132],[-71.582,-37.124],[-71.688,-37.144],[-71.798,-37.108],[-71.844,-37.128],[-71.85,-37.162],[-71.946,-37.192],[-71.992,-37.194],[-72.036,-37.166],[-72.066,-37.168],[-72.054,-37.174],[-72.062,-37.194],[-72.12,-37.178],[-72.16,-37.198],[-72.244,-37.182],[-72.274,-37.194],[-72.28,-37.156],[-72.262,-37.092],[-72.182,-37.046]]]}},{"type":"Feature","properties":{"codigo_region":"16","codigo_comuna":"16201","nombre_comuna":"Quirihue","nombre_comuna_clean":"quirihue","nombre_region":"Región de Ñuble"},"geometry":{"type":"Polygon","coordinates":[[[-72.412,-36.228],[-72.44,-36.228],[-72.436,-36.248],[-72.456,-36.238],[-72.458,-36.28],[-72.484,-36.294],[-72.456,-36.354],[-72.486,-36.348],[-72.54,-36.372],[-72.538,-36.402],[-72.576,-36.426],[-72.586,-36.386],[-72.618,-36.408],[-72.644,-36.394],[-72.662,-36.328],[-72.652,-36.306],[-72.626,-36.302],[-72.62,-36.266],[-72.644,-36.256],[-72.644,-36.19],[-72.698,-36.168],[-72.706,-36.148],[-72.64,-36.136],[-72.594,-36.11],[-72.552,-36.112],[-72.592,-36.09],[-72.592,-36.066],[-72.582,-36.078],[-72.494,-36.072],[-72.488,-36.126],[-72.502,-36.144],[-72.426,-36.158],[-72.402,-36.176],[-72.358,-36.158],[-72.336,-36.18],[-72.338,-36.206],[-72.412,-36.208],[-72.412,-36.228]]]}},{"type":"Feature","properties":{"codigo_region":"16","codigo_comuna":"16202","nombre_comuna":"Cobquecura","nombre_comuna_clean":"cobquecura","nombre_region":"Región de Ñuble"},"geometry":{"type":"Polygon","coordinates":[[[-72.762,-36.006],[-72.718,-36.024],[-72.686,-36.018],[-72.656,-36.046],[-72.644,-36.016],[-72.62,-36.036],[-72.62,-36.056],[-72.592,-36.062],[-72.592,-36.09],[-72.552,-36.112],[-72.594,-36.11],[-72.64,-36.136],[-72.706,-36.148],[-72.698,-36.168],[-72.644,-36.19],[-72.644,-36.256],[-72.62,-36.266],[-72.626,-36.302],[-72.732,-36.354],[-72.79,-36.33],[-72.81,-36.354],[-72.852,-36.36],[-72.808,-36.276],[-72.824,-36.196],[-72.804,-36.144],[-72.816,-36.094],[-72.792,-36.072],[-72.78,-36.018],[-72.762,-36.006]]]}},{"type":"Feature","properties":{"codigo_region":"16","codigo_comuna":"16203","nombre_comuna":"Coelemu","nombre_comuna_clean":"coelemu","nombre_region":"Región de Ñuble"},"geometry":{"type":"Polygon","coordinates":[[[-72.822,-36.382],[-72.734,-36.406],[-72.702,-36.426],[-72.69,-36.486],[-72.604,-36.546],[-72.67,-36.606],[-72.778,-36.624],[-72.764,-36.606],[-72.798,-36.606],[-72.798,-36.564],[-72.826,-36.542],[-72.82,-36.514],[-72.802,-36.51],[-72.81,-36.46],[-72.854,-36.462],[-72.884,-36.444],[-72.87,-36.39],[-72.822,-36.382]]]}},{"type":"Feature","properties":{"codigo_region":"16","codigo_comuna":"16204","nombre_comuna":"Ninhue","nombre_comuna_clean":"ninhue","nombre_region":"Región de Ñuble"},"geometry":{"type":"Polygon","coordinates":[[[-72.3,-36.29],[-72.32,-36.28],[-72.334,-36.342],[-72.298,-36.38],[-72.338,-36.406],[-72.348,-36.444],[-72.368,-36.456],[-72.364,-36.478],[-72.472,-36.47],[-72.492,-36.456],[-72.494,-36.436],[-72.528,-36.436],[-72.552,-36.416],[-72.54,-36.372],[-72.486,-36.348],[-72.456,-36.354],[-72.484,-36.294],[-72.458,-36.28],[-72.456,-36.238],[-72.436,-36.248],[-72.44,-36.228],[-72.412,-36.222],[-72.372,-36.258],[-72.314,-36.234],[-72.278,-36.262],[-72.3,-36.29]]]}},{"type":"Feature","properties":{"codigo_region":"16","codigo_comuna":"16205","nombre_comuna":"Portezuelo","nombre_comuna_clean":"portezuelo","nombre_region":"Región de Ñuble"},"geometry":{"type":"Polygon","coordinates":[[[-72.472,-36.47],[-72.372,-36.476],[-72.354,-36.498],[-72.362,-36.562],[-72.386,-36.578],[-72.396,-36.618],[-72.434,-36.64],[-72.47,-36.644],[-72.568,-36.57],[-72.592,-36.57],[-72.628,-36.528],[-72.55,-36.53],[-72.544,-36.5],[-72.508,-36.468],[-72.502,-36.436],[-72.472,-36.47]]]}},{"type":"Feature","properties":{"codigo_region":"16","codigo_comuna":"16206","nombre_comuna":"Ranquil","nombre_comuna_clean":"ranquil","nombre_region":"Región de Ñuble"},"geometry":{"type":"Polygon","coordinates":[[[-72.568,-36.57],[-72.55,-36.596],[-72.478,-36.632],[-72.448,-36.66],[-72.452,-36.678],[-72.534,-36.71],[-72.578,-36.698],[-72.596,-36.734],[-72.618,-36.69],[-72.734,-36.642],[-72.734,-36.618],[-72.652,-36.598],[-72.642,-36.568],[-72.616,-36.55],[-72.604,-36.546],[-72.588,-36.57],[-72.568,-36.57]]]}},{"type":"Feature","properties":{"codigo_region":"16","codigo_comuna":"16207","nombre_comuna":"Treguaco","nombre_comuna_clean":"treguaco","nombre_region":"Región de Ñuble"},"geometry":{"type":"Polygon","coordinates":[[[-72.858,-36.36],[-72.81,-36.354],[-72.79,-36.33],[-72.744,-36.356],[-72.662,-36.328],[-72.636,-36.406],[-72.586,-36.386],[-72.576,-36.426],[-72.55,-36.416],[-72.508,-36.436],[-72.508,-36.468],[-72.544,-36.5],[-72.558,-36.534],[-72.636,-36.524],[-72.69,-36.486],[-72.702,-36.426],[-72.734,-36.406],[-72.87,-36.384],[-72.858,-36.36]]]}},{"type":"Feature","properties":{"codigo_region":"16","codigo_comuna":"16301","nombre_comuna":"San Carlos","nombre_comuna_clean":"san carlos","nombre_region":"Región de Ñuble"},"geometry":{"type":"Polygon","coordinates":[[[-72.154,-36.236],[-72.112,-36.284],[-71.952,-36.298],[-71.848,-36.408],[-71.82,-36.416],[-71.794,-36.394],[-71.676,-36.446],[-71.684,-36.462],[-71.666,-36.494],[-71.682,-36.524],[-71.696,-36.484],[-71.782,-36.48],[-71.82,-36.508],[-71.89,-36.522],[-71.958,-36.524],[-71.992,-36.506],[-72.094,-36.552],[-72.07,-36.528],[-72.078,-36.522],[-72.06,-36.486],[-72.074,-36.468],[-72.05,-36.454],[-72.082,-36.458],[-72.082,-36.44],[-72.052,-36.42],[-72.154,-36.39],[-72.178,-36.368],[-72.232,-36.366],[-72.252,-36.35],[-72.316,-36.358],[-72.334,-36.344],[-72.32,-36.28],[-72.3,-36.29],[-72.238,-36.206],[-72.154,-36.236]]]}},{"type":"Feature","properties":{"codigo_region":"16","codigo_comuna":"16302","nombre_comuna":"Coihueco","nombre_comuna_clean":"coihueco","nombre_region":"Región de Ñuble"},"geometry":{"type":"Polygon","coordinates":[[[-71.26,-36.942],[-71.26,-36.914],[-71.344,-36.912],[-71.34,-36.898],[-71.434,-36.812],[-71.562,-36.846],[-71.648,-36.802],[-71.756,-36.792],[-71.84,-36.718],[-71.954,-36.656],[-71.958,-36.632],[-72.03,-36.604],[-72.022,-36.578],[-72.038,-36.574],[-72.014,-36.554],[-71.878,-36.564],[-71.856,-36.514],[-71.782,-36.48],[-71.696,-36.484],[-71.68,-36.524],[-71.604,-36.52],[-71.588,-36.55],[-71.52,-36.596],[-71.282,-36.688],[-71.248,-36.836],[-71.154,-36.94],[-71.088,-36.938],[-71.104,-36.97],[-71.128,-36.978],[-71.224,-36.98],[-71.26,-36.942]]]}},{"type":"Feature","properties":{"codigo_region":"16","codigo_comuna":"16303","nombre_comuna":"Ñiquén","nombre_comuna_clean":"niquen","nombre_region":"Región de Ñuble"},"geometry":{"type":"Polygon","coordinates":[[[-72.076,-36.132],[-72.072,-36.156],[-72.022,-36.176],[-71.99,-36.208],[-72.0,-36.228],[-71.974,-36.258],[-71.956,-36.25],[-71.91,-36.268],[-71.864,-36.246],[-71.812,-36.254],[-71.768,-36.308],[-71.64,-36.374],[-71.63,-36.396],[-71.69,-36.442],[-71.794,-36.394],[-71.82,-36.416],[-71.874,-36.39],[-71.952,-36.298],[-72.112,-36.284],[-72.142,-36.242],[-72.132,-36.192],[-72.098,-36.156],[-72.1,-36.138],[-72.076,-36.132]]]}},{"type":"Feature","properties":{"codigo_region":"16","codigo_comuna":"16304","nombre_comuna":"San Fabián","nombre_comuna_clean":"san fabian","nombre_region":"Región de Ñuble"},"geometry":{"type":"Polygon","coordinates":[[[-71.192,-36.412],[-71.156,-36.406],[-71.116,-36.362],[-71.06,-36.388],[-71.068,-36.448],[-71.036,-36.474],[-71.058,-36.618],[-71.028,-36.664],[-71.012,-36.664],[-71.01,-36.69],[-71.066,-36.714],[-71.086,-36.678],[-71.114,-36.68],[-71.132,-36.814],[-71.164,-36.82],[-71.18,-36.842],[-71.162,-36.862],[-71.122,-36.864],[-71.15,-36.902],[-71.144,-36.93],[-71.096,-36.926],[-71.088,-36.938],[-71.154,-36.94],[-71.248,-36.836],[-71.262,-36.73],[-71.292,-36.678],[-71.396,-36.652],[-71.44,-36.62],[-71.52,-36.596],[-71.588,-36.55],[-71.604,-36.518],[-71.682,-36.524],[-71.666,-36.494],[-71.684,-36.462],[-71.676,-36.446],[-71.69,-36.44],[-71.63,-36.396],[-71.64,-36.374],[-71.63,-36.372],[-71.572,-36.404],[-71.468,-36.412],[-71.438,-36.432],[-71.41,-36.504],[-71.352,-36.512],[-71.336,-36.544],[-71.282,-36.448],[-71.262,-36.44],[-71.224,-36.462],[-71.192,-36.412]]]}},{"type":"Feature","properties":{"codigo_region":"16","codigo_comuna":"16305","nombre_comuna":"San Nicolás","nombre_comuna_clean":"san nicolas","nombre_region":"Región de Ñuble"},"geometry":{"type":"Polygon","coordinates":[[[-72.052,-36.42],[-72.086,-36.452],[-72.05,-36.454],[-72.074,-36.468],[-72.06,-36.486],[-72.078,-36.522],[-72.07,-36.528],[-72.094,-36.552],[-72.188,-36.554],[-72.224,-36.584],[-72.256,-36.578],[-72.28,-36.6],[-72.312,-36.59],[-72.392,-36.622],[-72.386,-36.578],[-72.362,-36.562],[-72.354,-36.498],[-72.37,-36.456],[-72.348,-36.444],[-72.338,-36.406],[-72.3,-36.388],[-72.316,-36.358],[-72.242,-36.352],[-72.052,-36.42]]]}}]}
